Paris_AN_JJ_inventaire_JJ76-JJ79B.xml_Register;Paris_AN_JJ_inventaire_JJ76-JJ79B.xml_Act_number;Paris_AN_JJ_inventaire_JJ76-JJ79B.xml_Head;Paris_AN_JJ_inventaire_JJ76-JJ79B.xml_Locus;Paris_AN_JJ_inventaire_JJ76-JJ79B.xml_File
JJ76;1;6147;1r;Paris_AN_JJ_inventaire_JJ76-JJ79B.xml
JJ76;2;6148;1r;Paris_AN_JJ_inventaire_JJ76-JJ79B.xml
JJ76;3;6149;3r;Paris_AN_JJ_inventaire_JJ76-JJ79B.xml
JJ76;4;6150;3r;Paris_AN_JJ_inventaire_JJ76-JJ79B.xml
JJ76;5;6151;4r;Paris_AN_JJ_inventaire_JJ76-JJ79B.xml
JJ76;6;6152;4r;Paris_AN_JJ_inventaire_JJ76-JJ79B.xml
JJ76;7;6153;7r;Paris_AN_JJ_inventaire_JJ76-JJ79B.xml
JJ76;8;6154;8r;Paris_AN_JJ_inventaire_JJ76-JJ79B.xml
JJ76;9;6155;8v;Paris_AN_JJ_inventaire_JJ76-JJ79B.xml
JJ76;10;6156;9r;Paris_AN_JJ_inventaire_JJ76-JJ79B.xml
JJ76;11;6157;9v;Paris_AN_JJ_inventaire_JJ76-JJ79B.xml
JJ76;12;6158;10r;Paris_AN_JJ_inventaire_JJ76-JJ79B.xml
JJ76;13;6159;10v;Paris_AN_JJ_inventaire_JJ76-JJ79B.xml
JJ76;14;6160;10v;Paris_AN_JJ_inventaire_JJ76-JJ79B.xml
JJ76;15;6161;11r;Paris_AN_JJ_inventaire_JJ76-JJ79B.xml
JJ76;16;6162;18r;Paris_AN_JJ_inventaire_JJ76-JJ79B.xml
JJ76;17;6163;18v;Paris_AN_JJ_inventaire_JJ76-JJ79B.xml
JJ76;18;6164;18v;Paris_AN_JJ_inventaire_JJ76-JJ79B.xml
JJ76;19;6165;20v;Paris_AN_JJ_inventaire_JJ76-JJ79B.xml
JJ76;20;6166;Fol21,22et2;Paris_AN_JJ_inventaire_JJ76-JJ79B.xml
JJ76;21;6167;23r;Paris_AN_JJ_inventaire_JJ76-JJ79B.xml
JJ76;22;6168;24r;Paris_AN_JJ_inventaire_JJ76-JJ79B.xml
JJ76;23;6169;25v;Paris_AN_JJ_inventaire_JJ76-JJ79B.xml
JJ76;24;6170;26v;Paris_AN_JJ_inventaire_JJ76-JJ79B.xml
JJ76;25;6171;27r;Paris_AN_JJ_inventaire_JJ76-JJ79B.xml
JJ76;26;6172;27v;Paris_AN_JJ_inventaire_JJ76-JJ79B.xml
JJ76;27;6173;27v;Paris_AN_JJ_inventaire_JJ76-JJ79B.xml
JJ76;28;6174;28v;Paris_AN_JJ_inventaire_JJ76-JJ79B.xml
JJ76;29;6175;28v;Paris_AN_JJ_inventaire_JJ76-JJ79B.xml
JJ76;30;6176;29r;Paris_AN_JJ_inventaire_JJ76-JJ79B.xml
JJ76;31;6177;29r;Paris_AN_JJ_inventaire_JJ76-JJ79B.xml
JJ76;32;6178;29v;Paris_AN_JJ_inventaire_JJ76-JJ79B.xml
JJ76;33;6179;29v;Paris_AN_JJ_inventaire_JJ76-JJ79B.xml
JJ76;34;6180;32r;Paris_AN_JJ_inventaire_JJ76-JJ79B.xml
JJ76;35;6181;33v;Paris_AN_JJ_inventaire_JJ76-JJ79B.xml
JJ76;36;6182;35v;Paris_AN_JJ_inventaire_JJ76-JJ79B.xml
JJ76;37;6183;35v;Paris_AN_JJ_inventaire_JJ76-JJ79B.xml
JJ76;38;6184;36r;Paris_AN_JJ_inventaire_JJ76-JJ79B.xml
JJ76;39;6185;36v;Paris_AN_JJ_inventaire_JJ76-JJ79B.xml
JJ76;40;6186;36v;Paris_AN_JJ_inventaire_JJ76-JJ79B.xml
JJ76;41;6187;37r;Paris_AN_JJ_inventaire_JJ76-JJ79B.xml
JJ76;42;6188;38v;Paris_AN_JJ_inventaire_JJ76-JJ79B.xml
JJ76;43;6189;38v;Paris_AN_JJ_inventaire_JJ76-JJ79B.xml
JJ76;44;6190;39r;Paris_AN_JJ_inventaire_JJ76-JJ79B.xml
JJ76;45;6191;40r;Paris_AN_JJ_inventaire_JJ76-JJ79B.xml
JJ76;46;6192;40v;Paris_AN_JJ_inventaire_JJ76-JJ79B.xml
JJ76;47;6193;41r;Paris_AN_JJ_inventaire_JJ76-JJ79B.xml
JJ76;48;6194;41v;Paris_AN_JJ_inventaire_JJ76-JJ79B.xml
JJ76;49;6195;44v;Paris_AN_JJ_inventaire_JJ76-JJ79B.xml
JJ76;50;6196;45r;Paris_AN_JJ_inventaire_JJ76-JJ79B.xml
JJ76;51;6197;45v;Paris_AN_JJ_inventaire_JJ76-JJ79B.xml
JJ76;52;6198;46r;Paris_AN_JJ_inventaire_JJ76-JJ79B.xml
JJ76;53;6199;47r;Paris_AN_JJ_inventaire_JJ76-JJ79B.xml
JJ76;54;6200;47r;Paris_AN_JJ_inventaire_JJ76-JJ79B.xml
JJ76;55;6201;47v;Paris_AN_JJ_inventaire_JJ76-JJ79B.xml
JJ76;56;6202;48v;Paris_AN_JJ_inventaire_JJ76-JJ79B.xml
JJ76;57;6203;49r;Paris_AN_JJ_inventaire_JJ76-JJ79B.xml
JJ76;58;6204;49r;Paris_AN_JJ_inventaire_JJ76-JJ79B.xml
JJ76;59;6205;51r;Paris_AN_JJ_inventaire_JJ76-JJ79B.xml
JJ76;60;6206;51v;Paris_AN_JJ_inventaire_JJ76-JJ79B.xml
JJ76;61;6207;52r;Paris_AN_JJ_inventaire_JJ76-JJ79B.xml
JJ76;62;6208;52v;Paris_AN_JJ_inventaire_JJ76-JJ79B.xml
JJ76;63;6209;54v;Paris_AN_JJ_inventaire_JJ76-JJ79B.xml
JJ76;64;6210;54v;Paris_AN_JJ_inventaire_JJ76-JJ79B.xml
JJ76;65;6211;55r;Paris_AN_JJ_inventaire_JJ76-JJ79B.xml
JJ76;66;6212;56v;Paris_AN_JJ_inventaire_JJ76-JJ79B.xml
JJ76;67;6213;57v;Paris_AN_JJ_inventaire_JJ76-JJ79B.xml
JJ76;68;6214;58r;Paris_AN_JJ_inventaire_JJ76-JJ79B.xml
JJ76;69;6215;58r;Paris_AN_JJ_inventaire_JJ76-JJ79B.xml
JJ76;70;6216;58v;Paris_AN_JJ_inventaire_JJ76-JJ79B.xml
JJ76;71;6217;59r;Paris_AN_JJ_inventaire_JJ76-JJ79B.xml
JJ76;72;6218;59v;Paris_AN_JJ_inventaire_JJ76-JJ79B.xml
JJ76;73;6219;60r;Paris_AN_JJ_inventaire_JJ76-JJ79B.xml
JJ76;74;6220;60v;Paris_AN_JJ_inventaire_JJ76-JJ79B.xml
JJ76;75;6221;61r;Paris_AN_JJ_inventaire_JJ76-JJ79B.xml
JJ76;76;6222;61r;Paris_AN_JJ_inventaire_JJ76-JJ79B.xml
JJ76;77;6223;61v;Paris_AN_JJ_inventaire_JJ76-JJ79B.xml
JJ76;78;6224;62r;Paris_AN_JJ_inventaire_JJ76-JJ79B.xml
JJ76;79;6225;62v;Paris_AN_JJ_inventaire_JJ76-JJ79B.xml
JJ76;80;6226;63r;Paris_AN_JJ_inventaire_JJ76-JJ79B.xml
JJ76;81;6227;63v;Paris_AN_JJ_inventaire_JJ76-JJ79B.xml
JJ76;82;6228;64r;Paris_AN_JJ_inventaire_JJ76-JJ79B.xml
JJ76;83;6229;64v;Paris_AN_JJ_inventaire_JJ76-JJ79B.xml
JJ76;84;6230;65r;Paris_AN_JJ_inventaire_JJ76-JJ79B.xml
JJ76;85;6231;65v;Paris_AN_JJ_inventaire_JJ76-JJ79B.xml
JJ76;86;6232;67v;Paris_AN_JJ_inventaire_JJ76-JJ79B.xml
JJ76;87;6233;68r;Paris_AN_JJ_inventaire_JJ76-JJ79B.xml
JJ76;88;6234;69r;Paris_AN_JJ_inventaire_JJ76-JJ79B.xml
JJ76;89;6235;69r;Paris_AN_JJ_inventaire_JJ76-JJ79B.xml
JJ76;90;6236;69v;Paris_AN_JJ_inventaire_JJ76-JJ79B.xml
JJ76;91;6237;70r;Paris_AN_JJ_inventaire_JJ76-JJ79B.xml
JJ76;92;6238;70v;Paris_AN_JJ_inventaire_JJ76-JJ79B.xml
JJ76;93;6239;70v;Paris_AN_JJ_inventaire_JJ76-JJ79B.xml
JJ76;94;6240;71r;Paris_AN_JJ_inventaire_JJ76-JJ79B.xml
JJ76;95;6241;71v;Paris_AN_JJ_inventaire_JJ76-JJ79B.xml
JJ76;96;6242;73r;Paris_AN_JJ_inventaire_JJ76-JJ79B.xml
JJ76;97;6243;73v;Paris_AN_JJ_inventaire_JJ76-JJ79B.xml
JJ76;98;6244;74r;Paris_AN_JJ_inventaire_JJ76-JJ79B.xml
JJ76;99;6245;74v;Paris_AN_JJ_inventaire_JJ76-JJ79B.xml
JJ76;100;6246;74v;Paris_AN_JJ_inventaire_JJ76-JJ79B.xml
JJ76;101;6247;75r;Paris_AN_JJ_inventaire_JJ76-JJ79B.xml
JJ76;102;6248;75v;Paris_AN_JJ_inventaire_JJ76-JJ79B.xml
JJ76;103;6249;77v;Paris_AN_JJ_inventaire_JJ76-JJ79B.xml
JJ76;104;6250;78v;Paris_AN_JJ_inventaire_JJ76-JJ79B.xml
JJ76;105;6251;79r;Paris_AN_JJ_inventaire_JJ76-JJ79B.xml
JJ76;106;6252;79v;Paris_AN_JJ_inventaire_JJ76-JJ79B.xml
JJ76;107;6253;80r;Paris_AN_JJ_inventaire_JJ76-JJ79B.xml
JJ76;108;6254;80v;Paris_AN_JJ_inventaire_JJ76-JJ79B.xml
JJ76;109;6255;82r;Paris_AN_JJ_inventaire_JJ76-JJ79B.xml
JJ76;110;6256;84r;Paris_AN_JJ_inventaire_JJ76-JJ79B.xml
JJ76;111;6257;84v;Paris_AN_JJ_inventaire_JJ76-JJ79B.xml
JJ76;113;6259;86r;Paris_AN_JJ_inventaire_JJ76-JJ79B.xml
JJ76;114;6260;86v;Paris_AN_JJ_inventaire_JJ76-JJ79B.xml
JJ76;115;6261;87r;Paris_AN_JJ_inventaire_JJ76-JJ79B.xml
JJ76;116;6262;88r;Paris_AN_JJ_inventaire_JJ76-JJ79B.xml
JJ76;117;6263;88r;Paris_AN_JJ_inventaire_JJ76-JJ79B.xml
JJ76;118;6264;88v;Paris_AN_JJ_inventaire_JJ76-JJ79B.xml
JJ76;119;6265;88v;Paris_AN_JJ_inventaire_JJ76-JJ79B.xml
JJ76;120;6266;89r;Paris_AN_JJ_inventaire_JJ76-JJ79B.xml
JJ76;121;6267;89v;Paris_AN_JJ_inventaire_JJ76-JJ79B.xml
JJ76;122;6268;89v;Paris_AN_JJ_inventaire_JJ76-JJ79B.xml
JJ76;123;6269;90v;Paris_AN_JJ_inventaire_JJ76-JJ79B.xml
JJ76;124;6270;91r;Paris_AN_JJ_inventaire_JJ76-JJ79B.xml
JJ76;125;6271;91v;Paris_AN_JJ_inventaire_JJ76-JJ79B.xml
JJ76;126;6272;92r;Paris_AN_JJ_inventaire_JJ76-JJ79B.xml
JJ76;127;6273;93r;Paris_AN_JJ_inventaire_JJ76-JJ79B.xml
JJ76;128;6274;93v;Paris_AN_JJ_inventaire_JJ76-JJ79B.xml
JJ76;129;6275;93v;Paris_AN_JJ_inventaire_JJ76-JJ79B.xml
JJ76;130;6276;94r;Paris_AN_JJ_inventaire_JJ76-JJ79B.xml
JJ76;131;6277;95r;Paris_AN_JJ_inventaire_JJ76-JJ79B.xml
JJ76;132;6278;95v;Paris_AN_JJ_inventaire_JJ76-JJ79B.xml
JJ76;133;6279;96r;Paris_AN_JJ_inventaire_JJ76-JJ79B.xml
JJ76;134;6280;96v;Paris_AN_JJ_inventaire_JJ76-JJ79B.xml
JJ76;135;6281;97r;Paris_AN_JJ_inventaire_JJ76-JJ79B.xml
JJ76;136;6282;97r;Paris_AN_JJ_inventaire_JJ76-JJ79B.xml
JJ76;137;6283;97v;Paris_AN_JJ_inventaire_JJ76-JJ79B.xml
JJ76;138;6284;98r;Paris_AN_JJ_inventaire_JJ76-JJ79B.xml
JJ76;139;6285;98r;Paris_AN_JJ_inventaire_JJ76-JJ79B.xml
JJ76;140;6286;98v;Paris_AN_JJ_inventaire_JJ76-JJ79B.xml
JJ76;141;6287;98v;Paris_AN_JJ_inventaire_JJ76-JJ79B.xml
JJ76;142;6288;99r;Paris_AN_JJ_inventaire_JJ76-JJ79B.xml
JJ76;143;6289;99v;Paris_AN_JJ_inventaire_JJ76-JJ79B.xml
JJ76;144;6290;100r;Paris_AN_JJ_inventaire_JJ76-JJ79B.xml
JJ76;145;6291;100v;Paris_AN_JJ_inventaire_JJ76-JJ79B.xml
JJ76;146;6292;103v;Paris_AN_JJ_inventaire_JJ76-JJ79B.xml
JJ76;147;6293;104r;Paris_AN_JJ_inventaire_JJ76-JJ79B.xml
JJ76;148;6294;104v;Paris_AN_JJ_inventaire_JJ76-JJ79B.xml
JJ76;149;6295;105r;Paris_AN_JJ_inventaire_JJ76-JJ79B.xml
JJ76;150;6296;105v;Paris_AN_JJ_inventaire_JJ76-JJ79B.xml
JJ76;151;6297;106r;Paris_AN_JJ_inventaire_JJ76-JJ79B.xml
JJ76;152;6298;107r;Paris_AN_JJ_inventaire_JJ76-JJ79B.xml
JJ76;153;6299;107v;Paris_AN_JJ_inventaire_JJ76-JJ79B.xml
JJ76;154;6300;107v;Paris_AN_JJ_inventaire_JJ76-JJ79B.xml
JJ76;155;6301;108r;Paris_AN_JJ_inventaire_JJ76-JJ79B.xml
JJ76;156;6302;108v;Paris_AN_JJ_inventaire_JJ76-JJ79B.xml
JJ76;157;6303;109r;Paris_AN_JJ_inventaire_JJ76-JJ79B.xml
JJ76;158;6304;109v;Paris_AN_JJ_inventaire_JJ76-JJ79B.xml
JJ76;159;6305;110r;Paris_AN_JJ_inventaire_JJ76-JJ79B.xml
JJ76;160;6306;110r;Paris_AN_JJ_inventaire_JJ76-JJ79B.xml
JJ76;161;6307;110r;Paris_AN_JJ_inventaire_JJ76-JJ79B.xml
JJ76;162;6308;110v;Paris_AN_JJ_inventaire_JJ76-JJ79B.xml
JJ76;163;6309;111r;Paris_AN_JJ_inventaire_JJ76-JJ79B.xml
JJ76;164;6310;111v;Paris_AN_JJ_inventaire_JJ76-JJ79B.xml
JJ76;165;6311;112v;Paris_AN_JJ_inventaire_JJ76-JJ79B.xml
JJ76;166;6312;112bis;Paris_AN_JJ_inventaire_JJ76-JJ79B.xml
JJ76;167;6313;112bis;Paris_AN_JJ_inventaire_JJ76-JJ79B.xml
JJ76;168;6314;113r;Paris_AN_JJ_inventaire_JJ76-JJ79B.xml
JJ76;169;6315;114r;Paris_AN_JJ_inventaire_JJ76-JJ79B.xml
JJ76;170;6316;115r;Paris_AN_JJ_inventaire_JJ76-JJ79B.xml
JJ76;171;6317;115r;Paris_AN_JJ_inventaire_JJ76-JJ79B.xml
JJ76;172;6318;115v;Paris_AN_JJ_inventaire_JJ76-JJ79B.xml
JJ76;173;6319;116r;Paris_AN_JJ_inventaire_JJ76-JJ79B.xml
JJ76;174;6320;116v;Paris_AN_JJ_inventaire_JJ76-JJ79B.xml
JJ76;175;6321;116v;Paris_AN_JJ_inventaire_JJ76-JJ79B.xml
JJ76;176;6322;117r;Paris_AN_JJ_inventaire_JJ76-JJ79B.xml
JJ76;177;6323;117v;Paris_AN_JJ_inventaire_JJ76-JJ79B.xml
JJ76;178;6324;117v;Paris_AN_JJ_inventaire_JJ76-JJ79B.xml
JJ76;179;6325;118r;Paris_AN_JJ_inventaire_JJ76-JJ79B.xml
JJ76;180;6326;118r;Paris_AN_JJ_inventaire_JJ76-JJ79B.xml
JJ76;181;6327;118v;Paris_AN_JJ_inventaire_JJ76-JJ79B.xml
JJ76;182;6328;119r;Paris_AN_JJ_inventaire_JJ76-JJ79B.xml
JJ76;183;6329;119v;Paris_AN_JJ_inventaire_JJ76-JJ79B.xml
JJ76;184;6330;120r;Paris_AN_JJ_inventaire_JJ76-JJ79B.xml
JJ76;185;6331;120v;Paris_AN_JJ_inventaire_JJ76-JJ79B.xml
JJ76;186;6332;120v;Paris_AN_JJ_inventaire_JJ76-JJ79B.xml
JJ76;187;6333;121r;Paris_AN_JJ_inventaire_JJ76-JJ79B.xml
JJ76;188;6334;121r;Paris_AN_JJ_inventaire_JJ76-JJ79B.xml
JJ76;sn;6335;121v;Paris_AN_JJ_inventaire_JJ76-JJ79B.xml
JJ76;189;6336;122r;Paris_AN_JJ_inventaire_JJ76-JJ79B.xml
JJ76;190;6337;122v;Paris_AN_JJ_inventaire_JJ76-JJ79B.xml
JJ76;191;6338;123r;Paris_AN_JJ_inventaire_JJ76-JJ79B.xml
JJ76;192;6339;123r;Paris_AN_JJ_inventaire_JJ76-JJ79B.xml
JJ76;193;6340;124r;Paris_AN_JJ_inventaire_JJ76-JJ79B.xml
JJ76;194;6341;124r;Paris_AN_JJ_inventaire_JJ76-JJ79B.xml
JJ76;195;6342;124v;Paris_AN_JJ_inventaire_JJ76-JJ79B.xml
JJ76;196;6343;125r;Paris_AN_JJ_inventaire_JJ76-JJ79B.xml
JJ76;197;6344;125v;Paris_AN_JJ_inventaire_JJ76-JJ79B.xml
JJ76;198;6345;125v;Paris_AN_JJ_inventaire_JJ76-JJ79B.xml
JJ76;199;6346;126r;Paris_AN_JJ_inventaire_JJ76-JJ79B.xml
JJ76;200;6347;126r;Paris_AN_JJ_inventaire_JJ76-JJ79B.xml
JJ76;201;6348;126v;Paris_AN_JJ_inventaire_JJ76-JJ79B.xml
JJ76;202;6349;126v;Paris_AN_JJ_inventaire_JJ76-JJ79B.xml
JJ76;203;6350;127r;Paris_AN_JJ_inventaire_JJ76-JJ79B.xml
JJ76;204;6351;127v;Paris_AN_JJ_inventaire_JJ76-JJ79B.xml
JJ76;205;6352;128r;Paris_AN_JJ_inventaire_JJ76-JJ79B.xml
JJ76;206;6353;128v;Paris_AN_JJ_inventaire_JJ76-JJ79B.xml
JJ76;207;6354;129r;Paris_AN_JJ_inventaire_JJ76-JJ79B.xml
JJ76;208;6355;129r;Paris_AN_JJ_inventaire_JJ76-JJ79B.xml
JJ76;209;6356;130r;Paris_AN_JJ_inventaire_JJ76-JJ79B.xml
JJ76;sn;6357;130v;Paris_AN_JJ_inventaire_JJ76-JJ79B.xml
JJ76;210;6358;130v;Paris_AN_JJ_inventaire_JJ76-JJ79B.xml
JJ76;211;6359;131r;Paris_AN_JJ_inventaire_JJ76-JJ79B.xml
JJ76;212;6360;131v;Paris_AN_JJ_inventaire_JJ76-JJ79B.xml
JJ76;213;6361;132r;Paris_AN_JJ_inventaire_JJ76-JJ79B.xml
JJ76;214;6362;132r;Paris_AN_JJ_inventaire_JJ76-JJ79B.xml
JJ76;215;6363;132v;Paris_AN_JJ_inventaire_JJ76-JJ79B.xml
JJ76;216;6364;134v;Paris_AN_JJ_inventaire_JJ76-JJ79B.xml
JJ76;217;6365;135r;Paris_AN_JJ_inventaire_JJ76-JJ79B.xml
JJ76;218;6366;135r;Paris_AN_JJ_inventaire_JJ76-JJ79B.xml
JJ76;219;6367;135v;Paris_AN_JJ_inventaire_JJ76-JJ79B.xml
JJ76;220;6368;136r;Paris_AN_JJ_inventaire_JJ76-JJ79B.xml
JJ76;221;6369;136r;Paris_AN_JJ_inventaire_JJ76-JJ79B.xml
JJ76;222;6370;136v;Paris_AN_JJ_inventaire_JJ76-JJ79B.xml
JJ76;223;6371;137r;Paris_AN_JJ_inventaire_JJ76-JJ79B.xml
JJ76;224;6372;137r;Paris_AN_JJ_inventaire_JJ76-JJ79B.xml
JJ76;225;6373;137v;Paris_AN_JJ_inventaire_JJ76-JJ79B.xml
JJ76;226;6374;139vet141;Paris_AN_JJ_inventaire_JJ76-JJ79B.xml
JJ76;227;6375;141et140v;Paris_AN_JJ_inventaire_JJ76-JJ79B.xml
JJ76;228;6376;141v;Paris_AN_JJ_inventaire_JJ76-JJ79B.xml
JJ76;229;6377;142r;Paris_AN_JJ_inventaire_JJ76-JJ79B.xml
JJ76;230;6378;142r;Paris_AN_JJ_inventaire_JJ76-JJ79B.xml
JJ76;231;6379;142v;Paris_AN_JJ_inventaire_JJ76-JJ79B.xml
JJ76;232;6380;142v;Paris_AN_JJ_inventaire_JJ76-JJ79B.xml
JJ76;233;6381;143r;Paris_AN_JJ_inventaire_JJ76-JJ79B.xml
JJ76;234;6382;144r;Paris_AN_JJ_inventaire_JJ76-JJ79B.xml
JJ76;235;6383;144r;Paris_AN_JJ_inventaire_JJ76-JJ79B.xml
JJ76;236;6384;144v;Paris_AN_JJ_inventaire_JJ76-JJ79B.xml
JJ76;237;6385;144v;Paris_AN_JJ_inventaire_JJ76-JJ79B.xml
JJ76;238;6386;145r;Paris_AN_JJ_inventaire_JJ76-JJ79B.xml
JJ76;239;6387;145v;Paris_AN_JJ_inventaire_JJ76-JJ79B.xml
JJ76;240;6388;145v;Paris_AN_JJ_inventaire_JJ76-JJ79B.xml
JJ76;241;6389;146r;Paris_AN_JJ_inventaire_JJ76-JJ79B.xml
JJ76;242;6390;146v;Paris_AN_JJ_inventaire_JJ76-JJ79B.xml
JJ76;243;6391;147r;Paris_AN_JJ_inventaire_JJ76-JJ79B.xml
JJ76;244;6392;147v;Paris_AN_JJ_inventaire_JJ76-JJ79B.xml
JJ76;245;6393;147v;Paris_AN_JJ_inventaire_JJ76-JJ79B.xml
JJ76;246;6394;148r;Paris_AN_JJ_inventaire_JJ76-JJ79B.xml
JJ76;247;6395;148r;Paris_AN_JJ_inventaire_JJ76-JJ79B.xml
JJ76;sn;6396;149v;Paris_AN_JJ_inventaire_JJ76-JJ79B.xml
JJ76;248;6397;150r;Paris_AN_JJ_inventaire_JJ76-JJ79B.xml
JJ76;249;6398;150v;Paris_AN_JJ_inventaire_JJ76-JJ79B.xml
JJ76;250;6399;151v;Paris_AN_JJ_inventaire_JJ76-JJ79B.xml
JJ76;sn;6400;152r;Paris_AN_JJ_inventaire_JJ76-JJ79B.xml
JJ76;251;6401;152r;Paris_AN_JJ_inventaire_JJ76-JJ79B.xml
JJ76;252;6402;152v;Paris_AN_JJ_inventaire_JJ76-JJ79B.xml
JJ76;253;6403;152v;Paris_AN_JJ_inventaire_JJ76-JJ79B.xml
JJ76;254;6404;153r;Paris_AN_JJ_inventaire_JJ76-JJ79B.xml
JJ76;255;6405;154r;Paris_AN_JJ_inventaire_JJ76-JJ79B.xml
JJ76;256;6406;154v;Paris_AN_JJ_inventaire_JJ76-JJ79B.xml
JJ76;257;6407;155r;Paris_AN_JJ_inventaire_JJ76-JJ79B.xml
JJ76;258;6408;156r;Paris_AN_JJ_inventaire_JJ76-JJ79B.xml
JJ76;259;6409;156v;Paris_AN_JJ_inventaire_JJ76-JJ79B.xml
JJ76;260;6410;157r;Paris_AN_JJ_inventaire_JJ76-JJ79B.xml
JJ76;261;6411;157v;Paris_AN_JJ_inventaire_JJ76-JJ79B.xml
JJ76;262;6412;157v;Paris_AN_JJ_inventaire_JJ76-JJ79B.xml
JJ76;263;6413;158r;Paris_AN_JJ_inventaire_JJ76-JJ79B.xml
JJ76;264;6414;158r;Paris_AN_JJ_inventaire_JJ76-JJ79B.xml
JJ76;265;6415;158v;Paris_AN_JJ_inventaire_JJ76-JJ79B.xml
JJ76;266;6416;159r;Paris_AN_JJ_inventaire_JJ76-JJ79B.xml
JJ76;267;6417;159r;Paris_AN_JJ_inventaire_JJ76-JJ79B.xml
JJ76;268;6418;160r;Paris_AN_JJ_inventaire_JJ76-JJ79B.xml
JJ76;269;6419;160v;Paris_AN_JJ_inventaire_JJ76-JJ79B.xml
JJ76;270;6420;161r;Paris_AN_JJ_inventaire_JJ76-JJ79B.xml
JJ76;271;6421;162r;Paris_AN_JJ_inventaire_JJ76-JJ79B.xml
JJ76;272;6422;162r;Paris_AN_JJ_inventaire_JJ76-JJ79B.xml
JJ76;273;6423;163r;Paris_AN_JJ_inventaire_JJ76-JJ79B.xml
JJ76;274;6424;163r;Paris_AN_JJ_inventaire_JJ76-JJ79B.xml
JJ76;275;6425;163v;Paris_AN_JJ_inventaire_JJ76-JJ79B.xml
JJ76;276;6426;163v;Paris_AN_JJ_inventaire_JJ76-JJ79B.xml
JJ76;277;6427;164r;Paris_AN_JJ_inventaire_JJ76-JJ79B.xml
JJ76;278;6428;164v;Paris_AN_JJ_inventaire_JJ76-JJ79B.xml
JJ76;279;6429;165r;Paris_AN_JJ_inventaire_JJ76-JJ79B.xml
JJ76;280;6430;165r;Paris_AN_JJ_inventaire_JJ76-JJ79B.xml
JJ76;281;6431;165v;Paris_AN_JJ_inventaire_JJ76-JJ79B.xml
JJ76;282;6432;166r;Paris_AN_JJ_inventaire_JJ76-JJ79B.xml
JJ76;283;6433;166v;Paris_AN_JJ_inventaire_JJ76-JJ79B.xml
JJ76;284;6434;167r;Paris_AN_JJ_inventaire_JJ76-JJ79B.xml
JJ76;285;6435;167v;Paris_AN_JJ_inventaire_JJ76-JJ79B.xml
JJ76;286;6436;168r;Paris_AN_JJ_inventaire_JJ76-JJ79B.xml
JJ76;287;6437;168v;Paris_AN_JJ_inventaire_JJ76-JJ79B.xml
JJ76;288;6438;169r;Paris_AN_JJ_inventaire_JJ76-JJ79B.xml
JJ76;289;6439;169r;Paris_AN_JJ_inventaire_JJ76-JJ79B.xml
JJ76;290;6440;169v;Paris_AN_JJ_inventaire_JJ76-JJ79B.xml
JJ76;291;6441;170r;Paris_AN_JJ_inventaire_JJ76-JJ79B.xml
JJ76;292;6442;174r;Paris_AN_JJ_inventaire_JJ76-JJ79B.xml
JJ76;293;6443;176r;Paris_AN_JJ_inventaire_JJ76-JJ79B.xml
JJ76;294;6444;176v;Paris_AN_JJ_inventaire_JJ76-JJ79B.xml
JJ76;295;6445;178v;Paris_AN_JJ_inventaire_JJ76-JJ79B.xml
JJ76;296;6446;179r;Paris_AN_JJ_inventaire_JJ76-JJ79B.xml
JJ76;297;6447;180r;Paris_AN_JJ_inventaire_JJ76-JJ79B.xml
JJ76;298;6448;180v;Paris_AN_JJ_inventaire_JJ76-JJ79B.xml
JJ76;299;6449;181r;Paris_AN_JJ_inventaire_JJ76-JJ79B.xml
JJ76;300;6450;181v;Paris_AN_JJ_inventaire_JJ76-JJ79B.xml
JJ76;301;6451;182r;Paris_AN_JJ_inventaire_JJ76-JJ79B.xml
JJ76;302;6452;182r;Paris_AN_JJ_inventaire_JJ76-JJ79B.xml
JJ76;303;6453;182v;Paris_AN_JJ_inventaire_JJ76-JJ79B.xml
JJ76;304;6454;183r;Paris_AN_JJ_inventaire_JJ76-JJ79B.xml
JJ76;305;6455;183v;Paris_AN_JJ_inventaire_JJ76-JJ79B.xml
JJ76;306;6456;184r;Paris_AN_JJ_inventaire_JJ76-JJ79B.xml
JJ76;307;6457;184v;Paris_AN_JJ_inventaire_JJ76-JJ79B.xml
JJ76;308;6458;185r;Paris_AN_JJ_inventaire_JJ76-JJ79B.xml
JJ76;309;6459;185r;Paris_AN_JJ_inventaire_JJ76-JJ79B.xml
JJ76;310;6460;186r;Paris_AN_JJ_inventaire_JJ76-JJ79B.xml
JJ76;311;6461;186r;Paris_AN_JJ_inventaire_JJ76-JJ79B.xml
JJ76;312;6462;186v;Paris_AN_JJ_inventaire_JJ76-JJ79B.xml
JJ76;313;6463;188r;Paris_AN_JJ_inventaire_JJ76-JJ79B.xml
JJ76;314;6464;188v;Paris_AN_JJ_inventaire_JJ76-JJ79B.xml
JJ76;315;6465;188v;Paris_AN_JJ_inventaire_JJ76-JJ79B.xml
JJ76;316;6466;189r;Paris_AN_JJ_inventaire_JJ76-JJ79B.xml
JJ76;317;6467;189v;Paris_AN_JJ_inventaire_JJ76-JJ79B.xml
JJ76;318;6468;189v;Paris_AN_JJ_inventaire_JJ76-JJ79B.xml
JJ76;319;6469;192r;Paris_AN_JJ_inventaire_JJ76-JJ79B.xml
JJ76;320;6470;194v;Paris_AN_JJ_inventaire_JJ76-JJ79B.xml
JJ76;321;6471;195r;Paris_AN_JJ_inventaire_JJ76-JJ79B.xml
JJ76;322;6472;195r;Paris_AN_JJ_inventaire_JJ76-JJ79B.xml
JJ76;323;6473;196r;Paris_AN_JJ_inventaire_JJ76-JJ79B.xml
JJ76;324;6474;197r;Paris_AN_JJ_inventaire_JJ76-JJ79B.xml
JJ76;325;6475;197r;Paris_AN_JJ_inventaire_JJ76-JJ79B.xml
JJ76;326;6476;197v;Paris_AN_JJ_inventaire_JJ76-JJ79B.xml
JJ76;327;6477;198r;Paris_AN_JJ_inventaire_JJ76-JJ79B.xml
JJ76;328;6478;198r;Paris_AN_JJ_inventaire_JJ76-JJ79B.xml
JJ76;329;6479;199v;Paris_AN_JJ_inventaire_JJ76-JJ79B.xml
JJ76;330;6480;200r;Paris_AN_JJ_inventaire_JJ76-JJ79B.xml
JJ76;331;6481;200v;Paris_AN_JJ_inventaire_JJ76-JJ79B.xml
JJ76;332;6482;200v;Paris_AN_JJ_inventaire_JJ76-JJ79B.xml
JJ76;333;6483;201r;Paris_AN_JJ_inventaire_JJ76-JJ79B.xml
JJ76;334;6484;201r;Paris_AN_JJ_inventaire_JJ76-JJ79B.xml
JJ76;335;6485;202r;Paris_AN_JJ_inventaire_JJ76-JJ79B.xml
JJ76;336;6486;203v;Paris_AN_JJ_inventaire_JJ76-JJ79B.xml
JJ76;337;6487;204r;Paris_AN_JJ_inventaire_JJ76-JJ79B.xml
JJ76;338;6488;204r;Paris_AN_JJ_inventaire_JJ76-JJ79B.xml
JJ76;339;6489;204v;Paris_AN_JJ_inventaire_JJ76-JJ79B.xml
JJ76;340;6490;205r;Paris_AN_JJ_inventaire_JJ76-JJ79B.xml
JJ76;341;6491;205v;Paris_AN_JJ_inventaire_JJ76-JJ79B.xml
JJ76;342;6492;206r;Paris_AN_JJ_inventaire_JJ76-JJ79B.xml
JJ76;343;6493;208v;Paris_AN_JJ_inventaire_JJ76-JJ79B.xml
JJ76;344;6494;209r;Paris_AN_JJ_inventaire_JJ76-JJ79B.xml
JJ76;345;6495;209v;Paris_AN_JJ_inventaire_JJ76-JJ79B.xml
JJ76;346;6496;210r;Paris_AN_JJ_inventaire_JJ76-JJ79B.xml
JJ76;347;6497;210v;Paris_AN_JJ_inventaire_JJ76-JJ79B.xml
JJ76;348;6498;210v;Paris_AN_JJ_inventaire_JJ76-JJ79B.xml
JJ76;sn;6499;210v;Paris_AN_JJ_inventaire_JJ76-JJ79B.xml
JJ76;349;6500;211r;Paris_AN_JJ_inventaire_JJ76-JJ79B.xml
JJ76;350;6501;211v;Paris_AN_JJ_inventaire_JJ76-JJ79B.xml
JJ76;351;6502;211v;Paris_AN_JJ_inventaire_JJ76-JJ79B.xml
JJ76;352;6503;213v;Paris_AN_JJ_inventaire_JJ76-JJ79B.xml
JJ76;353;6504;214v;Paris_AN_JJ_inventaire_JJ76-JJ79B.xml
JJ76;354;6505;216v;Paris_AN_JJ_inventaire_JJ76-JJ79B.xml
JJ76;355;6506;216v;Paris_AN_JJ_inventaire_JJ76-JJ79B.xml
JJ76;356;6507;217v;Paris_AN_JJ_inventaire_JJ76-JJ79B.xml
JJ76;357;6508;218v;Paris_AN_JJ_inventaire_JJ76-JJ79B.xml
JJ76;358;6509;218v;Paris_AN_JJ_inventaire_JJ76-JJ79B.xml
JJ76;359;6510;219r;Paris_AN_JJ_inventaire_JJ76-JJ79B.xml
JJ76;360;6511;219r;Paris_AN_JJ_inventaire_JJ76-JJ79B.xml
JJ76;361;6512;219r;Paris_AN_JJ_inventaire_JJ76-JJ79B.xml
JJ76;362;6513;219v;Paris_AN_JJ_inventaire_JJ76-JJ79B.xml
JJ76;363;6514;220r;Paris_AN_JJ_inventaire_JJ76-JJ79B.xml
JJ76;364;6515;220v;Paris_AN_JJ_inventaire_JJ76-JJ79B.xml
JJ76;365;6516;221v;Paris_AN_JJ_inventaire_JJ76-JJ79B.xml
JJ76;366;6517;222r;Paris_AN_JJ_inventaire_JJ76-JJ79B.xml
JJ76;367;6518;222r;Paris_AN_JJ_inventaire_JJ76-JJ79B.xml
JJ76;368;6519;222v;Paris_AN_JJ_inventaire_JJ76-JJ79B.xml
JJ76;369;6520;223r;Paris_AN_JJ_inventaire_JJ76-JJ79B.xml
JJ76;370;6521;223v;Paris_AN_JJ_inventaire_JJ76-JJ79B.xml
JJ76;371;6522;224r;Paris_AN_JJ_inventaire_JJ76-JJ79B.xml
JJ76;372;6523;225v;Paris_AN_JJ_inventaire_JJ76-JJ79B.xml
JJ76;373;6524;225v;Paris_AN_JJ_inventaire_JJ76-JJ79B.xml
JJ76;374;6525;226r;Paris_AN_JJ_inventaire_JJ76-JJ79B.xml
JJ76;375;6526;226v;Paris_AN_JJ_inventaire_JJ76-JJ79B.xml
JJ76;376;6527;227v;Paris_AN_JJ_inventaire_JJ76-JJ79B.xml
JJ76;377;6528;228r;Paris_AN_JJ_inventaire_JJ76-JJ79B.xml
JJ76;378;6529;228r;Paris_AN_JJ_inventaire_JJ76-JJ79B.xml
JJ76;379;6530;229r;Paris_AN_JJ_inventaire_JJ76-JJ79B.xml
JJ76;380;6531;230v;Paris_AN_JJ_inventaire_JJ76-JJ79B.xml
JJ76;381;6532;231r;Paris_AN_JJ_inventaire_JJ76-JJ79B.xml
JJ76;382;6533;232v;Paris_AN_JJ_inventaire_JJ76-JJ79B.xml
JJ76;383;6534;232v;Paris_AN_JJ_inventaire_JJ76-JJ79B.xml
JJ76;384;6535;235r;Paris_AN_JJ_inventaire_JJ76-JJ79B.xml
JJ76;385;6536;235v;Paris_AN_JJ_inventaire_JJ76-JJ79B.xml
JJ76;386;6537;235v;Paris_AN_JJ_inventaire_JJ76-JJ79B.xml
JJ76;387;6538;236r;Paris_AN_JJ_inventaire_JJ76-JJ79B.xml
JJ76;388;6539;238v;Paris_AN_JJ_inventaire_JJ76-JJ79B.xml
JJ76;389;6540;239r;Paris_AN_JJ_inventaire_JJ76-JJ79B.xml
JJ76;390;6541;239v;Paris_AN_JJ_inventaire_JJ76-JJ79B.xml
JJ76;391;6542;239v;Paris_AN_JJ_inventaire_JJ76-JJ79B.xml
JJ76;392;6543;240r;Paris_AN_JJ_inventaire_JJ76-JJ79B.xml
JJ76;393;6544;240v;Paris_AN_JJ_inventaire_JJ76-JJ79B.xml
JJ76;394;6545;241r;Paris_AN_JJ_inventaire_JJ76-JJ79B.xml
JJ76;395;6546;241v;Paris_AN_JJ_inventaire_JJ76-JJ79B.xml
JJ76;396;6547;241v;Paris_AN_JJ_inventaire_JJ76-JJ79B.xml
JJ76;397;6548;242v;Paris_AN_JJ_inventaire_JJ76-JJ79B.xml
JJ76;398;6549;246r;Paris_AN_JJ_inventaire_JJ76-JJ79B.xml
JJ76;399;6550;246v;Paris_AN_JJ_inventaire_JJ76-JJ79B.xml
JJ76;400;6551;246v;Paris_AN_JJ_inventaire_JJ76-JJ79B.xml
JJ76;401;6552;249r;Paris_AN_JJ_inventaire_JJ76-JJ79B.xml
JJ76;sn;6553;249v;Paris_AN_JJ_inventaire_JJ76-JJ79B.xml
JJ76;402;6554;250r;Paris_AN_JJ_inventaire_JJ76-JJ79B.xml
JJ76;403;6555;250r;Paris_AN_JJ_inventaire_JJ76-JJ79B.xml
JJ76;404;6556;250r;Paris_AN_JJ_inventaire_JJ76-JJ79B.xml
JJ76;405;6557;250v;Paris_AN_JJ_inventaire_JJ76-JJ79B.xml
JJ76;406;6558;250v;Paris_AN_JJ_inventaire_JJ76-JJ79B.xml
JJ77;1;6559;1r;Paris_AN_JJ_inventaire_JJ76-JJ79B.xml
JJ77;2;6560;2v;Paris_AN_JJ_inventaire_JJ76-JJ79B.xml
JJ77;2bis;6561;2v;Paris_AN_JJ_inventaire_JJ76-JJ79B.xml
JJ77;3;6562;3r;Paris_AN_JJ_inventaire_JJ76-JJ79B.xml
JJ77;4;6563;3r;Paris_AN_JJ_inventaire_JJ76-JJ79B.xml
JJ77;5;6564;3v;Paris_AN_JJ_inventaire_JJ76-JJ79B.xml
JJ77;6;6565;4r;Paris_AN_JJ_inventaire_JJ76-JJ79B.xml
JJ77;7;6566;4r;Paris_AN_JJ_inventaire_JJ76-JJ79B.xml
JJ77;8;6567;4v;Paris_AN_JJ_inventaire_JJ76-JJ79B.xml
JJ77;9;6568;4v;Paris_AN_JJ_inventaire_JJ76-JJ79B.xml
JJ77;10;6569;5r;Paris_AN_JJ_inventaire_JJ76-JJ79B.xml
JJ77;11;6570;5v;Paris_AN_JJ_inventaire_JJ76-JJ79B.xml
JJ77;12;6571;6r;Paris_AN_JJ_inventaire_JJ76-JJ79B.xml
JJ77;13;6572;6r;Paris_AN_JJ_inventaire_JJ76-JJ79B.xml
JJ77;14;6573;6v;Paris_AN_JJ_inventaire_JJ76-JJ79B.xml
JJ77;15;6574;6v;Paris_AN_JJ_inventaire_JJ76-JJ79B.xml
JJ77;16;6575;7r;Paris_AN_JJ_inventaire_JJ76-JJ79B.xml
JJ77;17;6576;7r;Paris_AN_JJ_inventaire_JJ76-JJ79B.xml
JJ77;18;6577;9r;Paris_AN_JJ_inventaire_JJ76-JJ79B.xml
JJ77;19;6578;9r;Paris_AN_JJ_inventaire_JJ76-JJ79B.xml
JJ77;20;6579;9v;Paris_AN_JJ_inventaire_JJ76-JJ79B.xml
JJ77;21;6580;11v;Paris_AN_JJ_inventaire_JJ76-JJ79B.xml
JJ77;22;6581;13v;Paris_AN_JJ_inventaire_JJ76-JJ79B.xml
JJ77;22bis;6582;13v;Paris_AN_JJ_inventaire_JJ76-JJ79B.xml
JJ77;23;6583;13v;Paris_AN_JJ_inventaire_JJ76-JJ79B.xml
JJ77;24;6584;15r;Paris_AN_JJ_inventaire_JJ76-JJ79B.xml
JJ77;25;6585;15r;Paris_AN_JJ_inventaire_JJ76-JJ79B.xml
JJ77;26;6586;15v;Paris_AN_JJ_inventaire_JJ76-JJ79B.xml
JJ77;27;6587;16r;Paris_AN_JJ_inventaire_JJ76-JJ79B.xml
JJ77;28;6588;17r;Paris_AN_JJ_inventaire_JJ76-JJ79B.xml
JJ77;29;6589;17r;Paris_AN_JJ_inventaire_JJ76-JJ79B.xml
JJ77;30;6590;17v;Paris_AN_JJ_inventaire_JJ76-JJ79B.xml
JJ77;31;6591;18v;Paris_AN_JJ_inventaire_JJ76-JJ79B.xml
JJ77;32;6592;18v;Paris_AN_JJ_inventaire_JJ76-JJ79B.xml
JJ77;33;6593;19r;Paris_AN_JJ_inventaire_JJ76-JJ79B.xml
JJ77;34;6594;22r;Paris_AN_JJ_inventaire_JJ76-JJ79B.xml
JJ77;35;6595;22r;Paris_AN_JJ_inventaire_JJ76-JJ79B.xml
JJ77;36;6596;23v;Paris_AN_JJ_inventaire_JJ76-JJ79B.xml
JJ77;37;6597;24r;Paris_AN_JJ_inventaire_JJ76-JJ79B.xml
JJ77;38;6598;24v;Paris_AN_JJ_inventaire_JJ76-JJ79B.xml
JJ77;39;6599;25v;Paris_AN_JJ_inventaire_JJ76-JJ79B.xml
JJ77;40;6600;26r;Paris_AN_JJ_inventaire_JJ76-JJ79B.xml
JJ77;41;6601;26r;Paris_AN_JJ_inventaire_JJ76-JJ79B.xml
JJ77;42;6602;26v;Paris_AN_JJ_inventaire_JJ76-JJ79B.xml
JJ77;43;6603;26v;Paris_AN_JJ_inventaire_JJ76-JJ79B.xml
JJ77;44;6604;27r;Paris_AN_JJ_inventaire_JJ76-JJ79B.xml
JJ77;45;6605;27v;Paris_AN_JJ_inventaire_JJ76-JJ79B.xml
JJ77;46;6606;27v;Paris_AN_JJ_inventaire_JJ76-JJ79B.xml
JJ77;47;6607;28r;Paris_AN_JJ_inventaire_JJ76-JJ79B.xml
JJ77;48;6608;28v;Paris_AN_JJ_inventaire_JJ76-JJ79B.xml
JJ77;49;6609;28v;Paris_AN_JJ_inventaire_JJ76-JJ79B.xml
JJ77;50;6610;29r;Paris_AN_JJ_inventaire_JJ76-JJ79B.xml
JJ77;51;6611;29v;Paris_AN_JJ_inventaire_JJ76-JJ79B.xml
JJ77;52;6612;29v;Paris_AN_JJ_inventaire_JJ76-JJ79B.xml
JJ77;53;6613;30r;Paris_AN_JJ_inventaire_JJ76-JJ79B.xml
JJ77;54;6614;30r;Paris_AN_JJ_inventaire_JJ76-JJ79B.xml
JJ77;55;6615;30r;Paris_AN_JJ_inventaire_JJ76-JJ79B.xml
JJ77;56;6616;30v;Paris_AN_JJ_inventaire_JJ76-JJ79B.xml
JJ77;57;6617;32r;Paris_AN_JJ_inventaire_JJ76-JJ79B.xml
JJ77;58;6618;32v;Paris_AN_JJ_inventaire_JJ76-JJ79B.xml
JJ77;59;6619;32v;Paris_AN_JJ_inventaire_JJ76-JJ79B.xml
JJ77;60;6620;33r;Paris_AN_JJ_inventaire_JJ76-JJ79B.xml
JJ77;61;6621;33v;Paris_AN_JJ_inventaire_JJ76-JJ79B.xml
JJ77;62;6622;33v;Paris_AN_JJ_inventaire_JJ76-JJ79B.xml
JJ77;63;6623;35r;Paris_AN_JJ_inventaire_JJ76-JJ79B.xml
JJ77;64;6624;35r;Paris_AN_JJ_inventaire_JJ76-JJ79B.xml
JJ77;65;6625;35v;Paris_AN_JJ_inventaire_JJ76-JJ79B.xml
JJ77;66;6626;36r;Paris_AN_JJ_inventaire_JJ76-JJ79B.xml
JJ77;67;6627;36r;Paris_AN_JJ_inventaire_JJ76-JJ79B.xml
JJ77;68;6628;36v;Paris_AN_JJ_inventaire_JJ76-JJ79B.xml
JJ77;69;6629;37r;Paris_AN_JJ_inventaire_JJ76-JJ79B.xml
JJ77;70;6630;37r;Paris_AN_JJ_inventaire_JJ76-JJ79B.xml
JJ77;71;6631;38r;Paris_AN_JJ_inventaire_JJ76-JJ79B.xml
JJ77;72;6632;38v;Paris_AN_JJ_inventaire_JJ76-JJ79B.xml
JJ77;73;6633;38v;Paris_AN_JJ_inventaire_JJ76-JJ79B.xml
JJ77;74;6634;40r;Paris_AN_JJ_inventaire_JJ76-JJ79B.xml
JJ77;75;6635;42r;Paris_AN_JJ_inventaire_JJ76-JJ79B.xml
JJ77;76;6636;42r;Paris_AN_JJ_inventaire_JJ76-JJ79B.xml
JJ77;77;6637;43r;Paris_AN_JJ_inventaire_JJ76-JJ79B.xml
JJ77;78;6638;44r;Paris_AN_JJ_inventaire_JJ76-JJ79B.xml
JJ77;79;6639;44v;Paris_AN_JJ_inventaire_JJ76-JJ79B.xml
JJ77;80;6640;45r;Paris_AN_JJ_inventaire_JJ76-JJ79B.xml
JJ77;81;6641;45v;Paris_AN_JJ_inventaire_JJ76-JJ79B.xml
JJ77;82;6642;46r;Paris_AN_JJ_inventaire_JJ76-JJ79B.xml
JJ77;83;6643;46r;Paris_AN_JJ_inventaire_JJ76-JJ79B.xml
JJ77;84;6644;46v;Paris_AN_JJ_inventaire_JJ76-JJ79B.xml
JJ77;85;6645;47r;Paris_AN_JJ_inventaire_JJ76-JJ79B.xml
JJ77;86;6646;47r;Paris_AN_JJ_inventaire_JJ76-JJ79B.xml
JJ77;87;6647;47v;Paris_AN_JJ_inventaire_JJ76-JJ79B.xml
JJ77;88;6648;48r;Paris_AN_JJ_inventaire_JJ76-JJ79B.xml
JJ77;89;6649;48v;Paris_AN_JJ_inventaire_JJ76-JJ79B.xml
JJ77;90;6650;48v;Paris_AN_JJ_inventaire_JJ76-JJ79B.xml
JJ77;91;6651;49r;Paris_AN_JJ_inventaire_JJ76-JJ79B.xml
JJ77;92;6652;49v;Paris_AN_JJ_inventaire_JJ76-JJ79B.xml
JJ77;93;6653;49v;Paris_AN_JJ_inventaire_JJ76-JJ79B.xml
JJ77;sn;6654;50v;Paris_AN_JJ_inventaire_JJ76-JJ79B.xml
JJ77;94;6655;51r;Paris_AN_JJ_inventaire_JJ76-JJ79B.xml
JJ77;95;6656;51v;Paris_AN_JJ_inventaire_JJ76-JJ79B.xml
JJ77;96;6657;52r;Paris_AN_JJ_inventaire_JJ76-JJ79B.xml
JJ77;97;6658;52r;Paris_AN_JJ_inventaire_JJ76-JJ79B.xml
JJ77;98;6659;52v;Paris_AN_JJ_inventaire_JJ76-JJ79B.xml
JJ77;99;6660;53r;Paris_AN_JJ_inventaire_JJ76-JJ79B.xml
JJ77;100;6661;53v;Paris_AN_JJ_inventaire_JJ76-JJ79B.xml
JJ77;101;6662;53v;Paris_AN_JJ_inventaire_JJ76-JJ79B.xml
JJ77;102;6663;54r;Paris_AN_JJ_inventaire_JJ76-JJ79B.xml
JJ77;103;6664;54v;Paris_AN_JJ_inventaire_JJ76-JJ79B.xml
JJ77;104;6665;55r;Paris_AN_JJ_inventaire_JJ76-JJ79B.xml
JJ77;105;6666;55v;Paris_AN_JJ_inventaire_JJ76-JJ79B.xml
JJ77;106;6667;56r;Paris_AN_JJ_inventaire_JJ76-JJ79B.xml
JJ77;107;6668;57r;Paris_AN_JJ_inventaire_JJ76-JJ79B.xml
JJ77;108;6669;57v;Paris_AN_JJ_inventaire_JJ76-JJ79B.xml
JJ77;109;6670;58r;Paris_AN_JJ_inventaire_JJ76-JJ79B.xml
JJ77;110;6671;58r;Paris_AN_JJ_inventaire_JJ76-JJ79B.xml
JJ77;111;6672;58v;Paris_AN_JJ_inventaire_JJ76-JJ79B.xml
JJ77;112;6673;59v;Paris_AN_JJ_inventaire_JJ76-JJ79B.xml
JJ77;113;6674;60r;Paris_AN_JJ_inventaire_JJ76-JJ79B.xml
JJ77;114;6675;61r;Paris_AN_JJ_inventaire_JJ76-JJ79B.xml
JJ77;115;6676;62r;Paris_AN_JJ_inventaire_JJ76-JJ79B.xml
JJ77;116;6677;62r;Paris_AN_JJ_inventaire_JJ76-JJ79B.xml
JJ77;117;6678;62v;Paris_AN_JJ_inventaire_JJ76-JJ79B.xml
JJ77;118;6679;63r;Paris_AN_JJ_inventaire_JJ76-JJ79B.xml
JJ77;119;6680;63v;Paris_AN_JJ_inventaire_JJ76-JJ79B.xml
JJ77;120;6681;63v;Paris_AN_JJ_inventaire_JJ76-JJ79B.xml
JJ77;121;6682;63v;Paris_AN_JJ_inventaire_JJ76-JJ79B.xml
JJ77;122;6683;63v;Paris_AN_JJ_inventaire_JJ76-JJ79B.xml
JJ77;123;6684;63v;Paris_AN_JJ_inventaire_JJ76-JJ79B.xml
JJ77;124;6685;64r;Paris_AN_JJ_inventaire_JJ76-JJ79B.xml
JJ77;125;6686;64v;Paris_AN_JJ_inventaire_JJ76-JJ79B.xml
JJ77;126;6687;66r;Paris_AN_JJ_inventaire_JJ76-JJ79B.xml
JJ77;127;6688;67r;Paris_AN_JJ_inventaire_JJ76-JJ79B.xml
JJ77;128;6689;67r;Paris_AN_JJ_inventaire_JJ76-JJ79B.xml
JJ77;129;6690;67v;Paris_AN_JJ_inventaire_JJ76-JJ79B.xml
JJ77;130;6691;68r;Paris_AN_JJ_inventaire_JJ76-JJ79B.xml
JJ77;131;6692;68r;Paris_AN_JJ_inventaire_JJ76-JJ79B.xml
JJ77;132;6693;68v;Paris_AN_JJ_inventaire_JJ76-JJ79B.xml
JJ77;133;6694;68v;Paris_AN_JJ_inventaire_JJ76-JJ79B.xml
JJ77;134;6695;69r;Paris_AN_JJ_inventaire_JJ76-JJ79B.xml
JJ77;135;6696;69v;Paris_AN_JJ_inventaire_JJ76-JJ79B.xml
JJ77;136;6697;71r;Paris_AN_JJ_inventaire_JJ76-JJ79B.xml
JJ77;137;6698;71r;Paris_AN_JJ_inventaire_JJ76-JJ79B.xml
JJ77;138;6699;71v;Paris_AN_JJ_inventaire_JJ76-JJ79B.xml
JJ77;139;6700;71v;Paris_AN_JJ_inventaire_JJ76-JJ79B.xml
JJ77;140;6701;72r;Paris_AN_JJ_inventaire_JJ76-JJ79B.xml
JJ77;141;6702;72r;Paris_AN_JJ_inventaire_JJ76-JJ79B.xml
JJ77;142;6703;72v;Paris_AN_JJ_inventaire_JJ76-JJ79B.xml
JJ77;143;6704;73r;Paris_AN_JJ_inventaire_JJ76-JJ79B.xml
JJ77;144;6705;73v;Paris_AN_JJ_inventaire_JJ76-JJ79B.xml
JJ77;145;6706;73v;Paris_AN_JJ_inventaire_JJ76-JJ79B.xml
JJ77;146;6707;74r;Paris_AN_JJ_inventaire_JJ76-JJ79B.xml
JJ77;147;6708;74v;Paris_AN_JJ_inventaire_JJ76-JJ79B.xml
JJ77;148;6709;75r;Paris_AN_JJ_inventaire_JJ76-JJ79B.xml
JJ77;149;6710;75v;Paris_AN_JJ_inventaire_JJ76-JJ79B.xml
JJ77;150;6711;76r;Paris_AN_JJ_inventaire_JJ76-JJ79B.xml
JJ77;151;6712;76r;Paris_AN_JJ_inventaire_JJ76-JJ79B.xml
JJ77;152;6713;76v;Paris_AN_JJ_inventaire_JJ76-JJ79B.xml
JJ77;153;6714;77v;Paris_AN_JJ_inventaire_JJ76-JJ79B.xml
JJ77;154;6715;79r;Paris_AN_JJ_inventaire_JJ76-JJ79B.xml
JJ77;155;6716;79v;Paris_AN_JJ_inventaire_JJ76-JJ79B.xml
JJ77;156;6717;79v;Paris_AN_JJ_inventaire_JJ76-JJ79B.xml
JJ77;157;6718;80r;Paris_AN_JJ_inventaire_JJ76-JJ79B.xml
JJ77;158;6719;80r;Paris_AN_JJ_inventaire_JJ76-JJ79B.xml
JJ77;159;6720;83v;Paris_AN_JJ_inventaire_JJ76-JJ79B.xml
JJ77;160;6721;85r;Paris_AN_JJ_inventaire_JJ76-JJ79B.xml
JJ77;161;6722;85r;Paris_AN_JJ_inventaire_JJ76-JJ79B.xml
JJ77;162;6723;85v;Paris_AN_JJ_inventaire_JJ76-JJ79B.xml
JJ77;163;6724;85v;Paris_AN_JJ_inventaire_JJ76-JJ79B.xml
JJ77;164;6725;86r;Paris_AN_JJ_inventaire_JJ76-JJ79B.xml
JJ77;165;6726;86v;Paris_AN_JJ_inventaire_JJ76-JJ79B.xml
JJ77;166;6727;87v;Paris_AN_JJ_inventaire_JJ76-JJ79B.xml
JJ77;167;6728;90r;Paris_AN_JJ_inventaire_JJ76-JJ79B.xml
JJ77;168;6729;90v;Paris_AN_JJ_inventaire_JJ76-JJ79B.xml
JJ77;169;6730;90v;Paris_AN_JJ_inventaire_JJ76-JJ79B.xml
JJ77;170;6731;91r;Paris_AN_JJ_inventaire_JJ76-JJ79B.xml
JJ77;171;6732;91v;Paris_AN_JJ_inventaire_JJ76-JJ79B.xml
JJ77;172;6733;92r;Paris_AN_JJ_inventaire_JJ76-JJ79B.xml
JJ77;173;6734;92r;Paris_AN_JJ_inventaire_JJ76-JJ79B.xml
JJ77;174;6735;92v;Paris_AN_JJ_inventaire_JJ76-JJ79B.xml
JJ77;175;6736;93r;Paris_AN_JJ_inventaire_JJ76-JJ79B.xml
JJ77;176;6737;95r;Paris_AN_JJ_inventaire_JJ76-JJ79B.xml
JJ77;177;6738;95v;Paris_AN_JJ_inventaire_JJ76-JJ79B.xml
JJ77;178;6739;97r;Paris_AN_JJ_inventaire_JJ76-JJ79B.xml
JJ77;179;6740;98r;Paris_AN_JJ_inventaire_JJ76-JJ79B.xml
JJ77;180;6741;98v;Paris_AN_JJ_inventaire_JJ76-JJ79B.xml
JJ77;181;6742;99r;Paris_AN_JJ_inventaire_JJ76-JJ79B.xml
JJ77;182;6743;99v;Paris_AN_JJ_inventaire_JJ76-JJ79B.xml
JJ77;183;6744;100r;Paris_AN_JJ_inventaire_JJ76-JJ79B.xml
JJ77;184;6745;101v;Paris_AN_JJ_inventaire_JJ76-JJ79B.xml
JJ77;185;6746;102v;Paris_AN_JJ_inventaire_JJ76-JJ79B.xml
JJ77;186;6747;102v;Paris_AN_JJ_inventaire_JJ76-JJ79B.xml
JJ77;187;6748;103v;Paris_AN_JJ_inventaire_JJ76-JJ79B.xml
JJ77;188;6749;104r;Paris_AN_JJ_inventaire_JJ76-JJ79B.xml
JJ77;189;6750;104v;Paris_AN_JJ_inventaire_JJ76-JJ79B.xml
JJ77;190;6751;105v;Paris_AN_JJ_inventaire_JJ76-JJ79B.xml
JJ77;191;6752;106r;Paris_AN_JJ_inventaire_JJ76-JJ79B.xml
JJ77;192;6753;106v;Paris_AN_JJ_inventaire_JJ76-JJ79B.xml
JJ77;193;6754;106v;Paris_AN_JJ_inventaire_JJ76-JJ79B.xml
JJ77;194;6755;107r;Paris_AN_JJ_inventaire_JJ76-JJ79B.xml
JJ77;195;6756;107v;Paris_AN_JJ_inventaire_JJ76-JJ79B.xml
JJ77;196;6757;109r;Paris_AN_JJ_inventaire_JJ76-JJ79B.xml
JJ77;197;6758;109v;Paris_AN_JJ_inventaire_JJ76-JJ79B.xml
JJ77;198;6759;110r;Paris_AN_JJ_inventaire_JJ76-JJ79B.xml
JJ77;199;6760;110r;Paris_AN_JJ_inventaire_JJ76-JJ79B.xml
JJ77;200;6761;110v;Paris_AN_JJ_inventaire_JJ76-JJ79B.xml
JJ77;201;6762;111r;Paris_AN_JJ_inventaire_JJ76-JJ79B.xml
JJ77;202;6763;111r;Paris_AN_JJ_inventaire_JJ76-JJ79B.xml
JJ77;203;6764;112r;Paris_AN_JJ_inventaire_JJ76-JJ79B.xml
JJ77;204;6765;112v;Paris_AN_JJ_inventaire_JJ76-JJ79B.xml
JJ77;205;6766;113r;Paris_AN_JJ_inventaire_JJ76-JJ79B.xml
JJ77;206;6767;113v;Paris_AN_JJ_inventaire_JJ76-JJ79B.xml
JJ77;207;6768;114r;Paris_AN_JJ_inventaire_JJ76-JJ79B.xml
JJ77;208;6769;114v;Paris_AN_JJ_inventaire_JJ76-JJ79B.xml
JJ77;209;6770;115r;Paris_AN_JJ_inventaire_JJ76-JJ79B.xml
JJ77;210;6771;115r;Paris_AN_JJ_inventaire_JJ76-JJ79B.xml
JJ77;211;6772;116r;Paris_AN_JJ_inventaire_JJ76-JJ79B.xml
JJ77;212;6773;116v;Paris_AN_JJ_inventaire_JJ76-JJ79B.xml
JJ77;213;6774;117v;Paris_AN_JJ_inventaire_JJ76-JJ79B.xml
JJ77;214;6775;120r;Paris_AN_JJ_inventaire_JJ76-JJ79B.xml
JJ77;215;6776;121r;Paris_AN_JJ_inventaire_JJ76-JJ79B.xml
JJ77;216;6777;121v;Paris_AN_JJ_inventaire_JJ76-JJ79B.xml
JJ77;217;6778;121v;Paris_AN_JJ_inventaire_JJ76-JJ79B.xml
JJ77;218;6779;122v;Paris_AN_JJ_inventaire_JJ76-JJ79B.xml
JJ77;219;6780;123r;Paris_AN_JJ_inventaire_JJ76-JJ79B.xml
JJ77;220;6781;123v;Paris_AN_JJ_inventaire_JJ76-JJ79B.xml
JJ77;221;6782;124r;Paris_AN_JJ_inventaire_JJ76-JJ79B.xml
JJ77;222;6783;124r;Paris_AN_JJ_inventaire_JJ76-JJ79B.xml
JJ77;223;6784;124v;Paris_AN_JJ_inventaire_JJ76-JJ79B.xml
JJ77;224;6785;125r;Paris_AN_JJ_inventaire_JJ76-JJ79B.xml
JJ77;225;6786;125v;Paris_AN_JJ_inventaire_JJ76-JJ79B.xml
JJ77;226;6787;127r;Paris_AN_JJ_inventaire_JJ76-JJ79B.xml
JJ77;227;6788;128r;Paris_AN_JJ_inventaire_JJ76-JJ79B.xml
JJ77;228;6789;128r;Paris_AN_JJ_inventaire_JJ76-JJ79B.xml
JJ77;229;6790;128v;Paris_AN_JJ_inventaire_JJ76-JJ79B.xml
JJ77;230;6791;129r;Paris_AN_JJ_inventaire_JJ76-JJ79B.xml
JJ77;231;6792;129v;Paris_AN_JJ_inventaire_JJ76-JJ79B.xml
JJ77;232;6793;130r;Paris_AN_JJ_inventaire_JJ76-JJ79B.xml
JJ77;233;6794;130v;Paris_AN_JJ_inventaire_JJ76-JJ79B.xml
JJ77;234;6795;131r;Paris_AN_JJ_inventaire_JJ76-JJ79B.xml
JJ77;235;6796;131v;Paris_AN_JJ_inventaire_JJ76-JJ79B.xml
JJ77;236;6797;131v;Paris_AN_JJ_inventaire_JJ76-JJ79B.xml
JJ77;237;6798;132r;Paris_AN_JJ_inventaire_JJ76-JJ79B.xml
JJ77;238;6799;132r;Paris_AN_JJ_inventaire_JJ76-JJ79B.xml
JJ77;239;6800;132v;Paris_AN_JJ_inventaire_JJ76-JJ79B.xml
JJ77;240;6801;133r;Paris_AN_JJ_inventaire_JJ76-JJ79B.xml
JJ77;241;6802;134r;Paris_AN_JJ_inventaire_JJ76-JJ79B.xml
JJ77;242;6803;134v;Paris_AN_JJ_inventaire_JJ76-JJ79B.xml
JJ77;sn;6804;136v;Paris_AN_JJ_inventaire_JJ76-JJ79B.xml
JJ77;243;6805;136v;Paris_AN_JJ_inventaire_JJ76-JJ79B.xml
JJ77;244;6806;138v;Paris_AN_JJ_inventaire_JJ76-JJ79B.xml
JJ77;245;6807;139r;Paris_AN_JJ_inventaire_JJ76-JJ79B.xml
JJ77;246;6808;139r;Paris_AN_JJ_inventaire_JJ76-JJ79B.xml
JJ77;247;6809;141v;Paris_AN_JJ_inventaire_JJ76-JJ79B.xml
JJ77;248;6810;142r;Paris_AN_JJ_inventaire_JJ76-JJ79B.xml
JJ77;249;6811;142v;Paris_AN_JJ_inventaire_JJ76-JJ79B.xml
JJ77;250;6812;143r;Paris_AN_JJ_inventaire_JJ76-JJ79B.xml
JJ77;251;6813;144r;Paris_AN_JJ_inventaire_JJ76-JJ79B.xml
JJ77;252;6814;144r;Paris_AN_JJ_inventaire_JJ76-JJ79B.xml
JJ77;253;6815;144v;Paris_AN_JJ_inventaire_JJ76-JJ79B.xml
JJ77;254;6816;145r;Paris_AN_JJ_inventaire_JJ76-JJ79B.xml
JJ77;255;6817;145v;Paris_AN_JJ_inventaire_JJ76-JJ79B.xml
JJ77;256;6818;145v;Paris_AN_JJ_inventaire_JJ76-JJ79B.xml
JJ77;257;6819;146r;Paris_AN_JJ_inventaire_JJ76-JJ79B.xml
JJ77;258;6820;146v;Paris_AN_JJ_inventaire_JJ76-JJ79B.xml
JJ77;259;6821;147r;Paris_AN_JJ_inventaire_JJ76-JJ79B.xml
JJ77;260;6822;147v;Paris_AN_JJ_inventaire_JJ76-JJ79B.xml
JJ77;261;6823;150r;Paris_AN_JJ_inventaire_JJ76-JJ79B.xml
JJ77;262;6824;150v;Paris_AN_JJ_inventaire_JJ76-JJ79B.xml
JJ77;263;6825;153r;Paris_AN_JJ_inventaire_JJ76-JJ79B.xml
JJ77;sn;6826;161v;Paris_AN_JJ_inventaire_JJ76-JJ79B.xml
JJ77;264;6827;162r;Paris_AN_JJ_inventaire_JJ76-JJ79B.xml
JJ77;265;6828;164r;Paris_AN_JJ_inventaire_JJ76-JJ79B.xml
JJ77;266;6829;164v;Paris_AN_JJ_inventaire_JJ76-JJ79B.xml
JJ77;267;6830;165r;Paris_AN_JJ_inventaire_JJ76-JJ79B.xml
JJ77;268;6831;167r;Paris_AN_JJ_inventaire_JJ76-JJ79B.xml
JJ77;269;6832;167r;Paris_AN_JJ_inventaire_JJ76-JJ79B.xml
JJ77;270;6833;167v;Paris_AN_JJ_inventaire_JJ76-JJ79B.xml
JJ77;271;6834;168r;Paris_AN_JJ_inventaire_JJ76-JJ79B.xml
JJ77;272;6835;169r;Paris_AN_JJ_inventaire_JJ76-JJ79B.xml
JJ77;273;6836;172r;Paris_AN_JJ_inventaire_JJ76-JJ79B.xml
JJ77;274;6837;173r;Paris_AN_JJ_inventaire_JJ76-JJ79B.xml
JJ77;275;6838;173v;Paris_AN_JJ_inventaire_JJ76-JJ79B.xml
JJ77;276;6839;173v;Paris_AN_JJ_inventaire_JJ76-JJ79B.xml
JJ77;277;6840;174r;Paris_AN_JJ_inventaire_JJ76-JJ79B.xml
JJ77;278;6841;174v;Paris_AN_JJ_inventaire_JJ76-JJ79B.xml
JJ77;279;6842;175r;Paris_AN_JJ_inventaire_JJ76-JJ79B.xml
JJ77;280;6843;175r;Paris_AN_JJ_inventaire_JJ76-JJ79B.xml
JJ77;281;6844;175v;Paris_AN_JJ_inventaire_JJ76-JJ79B.xml
JJ77;282;6845;176r;Paris_AN_JJ_inventaire_JJ76-JJ79B.xml
JJ77;283;6846;177v;Paris_AN_JJ_inventaire_JJ76-JJ79B.xml
JJ77;284;6847;180r;Paris_AN_JJ_inventaire_JJ76-JJ79B.xml
JJ77;285;6848;180v;Paris_AN_JJ_inventaire_JJ76-JJ79B.xml
JJ77;286;6849;181r;Paris_AN_JJ_inventaire_JJ76-JJ79B.xml
JJ77;287;6850;181v;Paris_AN_JJ_inventaire_JJ76-JJ79B.xml
JJ77;288;6851;182r;Paris_AN_JJ_inventaire_JJ76-JJ79B.xml
JJ77;289;6852;182r;Paris_AN_JJ_inventaire_JJ76-JJ79B.xml
JJ77;290;6853;182r;Paris_AN_JJ_inventaire_JJ76-JJ79B.xml
JJ77;291;6854;182v;Paris_AN_JJ_inventaire_JJ76-JJ79B.xml
JJ77;292;6855;183r;Paris_AN_JJ_inventaire_JJ76-JJ79B.xml
JJ77;293;6856;183v;Paris_AN_JJ_inventaire_JJ76-JJ79B.xml
JJ77;294;6857;183v;Paris_AN_JJ_inventaire_JJ76-JJ79B.xml
JJ77;295;6858;183v;Paris_AN_JJ_inventaire_JJ76-JJ79B.xml
JJ77;296;6859;184r;Paris_AN_JJ_inventaire_JJ76-JJ79B.xml
JJ77;297;6860;184v;Paris_AN_JJ_inventaire_JJ76-JJ79B.xml
JJ77;298;6861;185r;Paris_AN_JJ_inventaire_JJ76-JJ79B.xml
JJ77;299;6862;185r;Paris_AN_JJ_inventaire_JJ76-JJ79B.xml
JJ77;300;6863;185r;Paris_AN_JJ_inventaire_JJ76-JJ79B.xml
JJ77;301;6864;186v;Paris_AN_JJ_inventaire_JJ76-JJ79B.xml
JJ77;302;6865;187r;Paris_AN_JJ_inventaire_JJ76-JJ79B.xml
JJ77;303;6866;187v;Paris_AN_JJ_inventaire_JJ76-JJ79B.xml
JJ77;304;6867;188r;Paris_AN_JJ_inventaire_JJ76-JJ79B.xml
JJ77;305;6868;188r;Paris_AN_JJ_inventaire_JJ76-JJ79B.xml
JJ77;sn;6869;188r;Paris_AN_JJ_inventaire_JJ76-JJ79B.xml
JJ77;306;6870;188v;Paris_AN_JJ_inventaire_JJ76-JJ79B.xml
JJ77;307;6871;189r;Paris_AN_JJ_inventaire_JJ76-JJ79B.xml
JJ77;308;6872;189r;Paris_AN_JJ_inventaire_JJ76-JJ79B.xml
JJ77;309;6873;189v;Paris_AN_JJ_inventaire_JJ76-JJ79B.xml
JJ77;310;6874;190r;Paris_AN_JJ_inventaire_JJ76-JJ79B.xml
JJ77;311;6875;190r;Paris_AN_JJ_inventaire_JJ76-JJ79B.xml
JJ77;312;6876;191v;Paris_AN_JJ_inventaire_JJ76-JJ79B.xml
JJ77;313;6877;193r;Paris_AN_JJ_inventaire_JJ76-JJ79B.xml
JJ77;314;6878;193v;Paris_AN_JJ_inventaire_JJ76-JJ79B.xml
JJ77;315;6879;194r;Paris_AN_JJ_inventaire_JJ76-JJ79B.xml
JJ77;316;6880;195r;Paris_AN_JJ_inventaire_JJ76-JJ79B.xml
JJ77;317;6881;197v;Paris_AN_JJ_inventaire_JJ76-JJ79B.xml
JJ77;318;6882;198r;Paris_AN_JJ_inventaire_JJ76-JJ79B.xml
JJ77;319;6883;198v;Paris_AN_JJ_inventaire_JJ76-JJ79B.xml
JJ77;320;6884;199v;Paris_AN_JJ_inventaire_JJ76-JJ79B.xml
JJ77;321;6885;200v;Paris_AN_JJ_inventaire_JJ76-JJ79B.xml
JJ77;322;6886;201r;Paris_AN_JJ_inventaire_JJ76-JJ79B.xml
JJ77;323;6887;201r;Paris_AN_JJ_inventaire_JJ76-JJ79B.xml
JJ77;324;6888;201v;Paris_AN_JJ_inventaire_JJ76-JJ79B.xml
JJ77;325;6889;202r;Paris_AN_JJ_inventaire_JJ76-JJ79B.xml
JJ77;326;6890;202r;Paris_AN_JJ_inventaire_JJ76-JJ79B.xml
JJ77;327;6891;202v;Paris_AN_JJ_inventaire_JJ76-JJ79B.xml
JJ77;328;6892;202v;Paris_AN_JJ_inventaire_JJ76-JJ79B.xml
JJ77;329;6893;203r;Paris_AN_JJ_inventaire_JJ76-JJ79B.xml
JJ77;330;6894;203v;Paris_AN_JJ_inventaire_JJ76-JJ79B.xml
JJ77;331;6895;204r;Paris_AN_JJ_inventaire_JJ76-JJ79B.xml
JJ77;332;6896;204r;Paris_AN_JJ_inventaire_JJ76-JJ79B.xml
JJ77;333;6897;204v;Paris_AN_JJ_inventaire_JJ76-JJ79B.xml
JJ77;334;6898;205v;Paris_AN_JJ_inventaire_JJ76-JJ79B.xml
JJ77;335;6899;207r;Paris_AN_JJ_inventaire_JJ76-JJ79B.xml
JJ77;336;6900;207v;Paris_AN_JJ_inventaire_JJ76-JJ79B.xml
JJ77;337;6901;208r;Paris_AN_JJ_inventaire_JJ76-JJ79B.xml
JJ77;338;6902;209r;Paris_AN_JJ_inventaire_JJ76-JJ79B.xml
JJ77;339;6903;209r;Paris_AN_JJ_inventaire_JJ76-JJ79B.xml
JJ77;340;6904;209v;Paris_AN_JJ_inventaire_JJ76-JJ79B.xml
JJ77;341;6905;209v;Paris_AN_JJ_inventaire_JJ76-JJ79B.xml
JJ77;342;6906;210r;Paris_AN_JJ_inventaire_JJ76-JJ79B.xml
JJ77;343;6907;211r;Paris_AN_JJ_inventaire_JJ76-JJ79B.xml
JJ77;344;6908;211r;Paris_AN_JJ_inventaire_JJ76-JJ79B.xml
JJ77;345;6909;211v;Paris_AN_JJ_inventaire_JJ76-JJ79B.xml
JJ77;346;6910;211v;Paris_AN_JJ_inventaire_JJ76-JJ79B.xml
JJ77;347;6911;213r;Paris_AN_JJ_inventaire_JJ76-JJ79B.xml
JJ77;348;6912;213r;Paris_AN_JJ_inventaire_JJ76-JJ79B.xml
JJ77;349;6913;213v;Paris_AN_JJ_inventaire_JJ76-JJ79B.xml
JJ77;350;6914;214r;Paris_AN_JJ_inventaire_JJ76-JJ79B.xml
JJ77;351;6915;214r;Paris_AN_JJ_inventaire_JJ76-JJ79B.xml
JJ77;352;6916;214v;Paris_AN_JJ_inventaire_JJ76-JJ79B.xml
JJ77;sn;6917;216r;Paris_AN_JJ_inventaire_JJ76-JJ79B.xml
JJ77;353;6918;216r;Paris_AN_JJ_inventaire_JJ76-JJ79B.xml
JJ77;354;6919;217r;Paris_AN_JJ_inventaire_JJ76-JJ79B.xml
JJ77;355;6920;217r;Paris_AN_JJ_inventaire_JJ76-JJ79B.xml
JJ77;356;6921;218r;Paris_AN_JJ_inventaire_JJ76-JJ79B.xml
JJ77;357;6922;218v;Paris_AN_JJ_inventaire_JJ76-JJ79B.xml
JJ77;358;6923;219r;Paris_AN_JJ_inventaire_JJ76-JJ79B.xml
JJ77;359;6924;219r;Paris_AN_JJ_inventaire_JJ76-JJ79B.xml
JJ77;360;6925;219v;Paris_AN_JJ_inventaire_JJ76-JJ79B.xml
JJ77;361;6926;220r;Paris_AN_JJ_inventaire_JJ76-JJ79B.xml
JJ77;362;6927;220v;Paris_AN_JJ_inventaire_JJ76-JJ79B.xml
JJ77;363;6928;220v;Paris_AN_JJ_inventaire_JJ76-JJ79B.xml
JJ77;364;6929;221r;Paris_AN_JJ_inventaire_JJ76-JJ79B.xml
JJ77;365;6930;221r;Paris_AN_JJ_inventaire_JJ76-JJ79B.xml
JJ77;366;6931;221v;Paris_AN_JJ_inventaire_JJ76-JJ79B.xml
JJ77;367;6932;222r;Paris_AN_JJ_inventaire_JJ76-JJ79B.xml
JJ77;368;6933;222v;Paris_AN_JJ_inventaire_JJ76-JJ79B.xml
JJ77;369;6934;223r;Paris_AN_JJ_inventaire_JJ76-JJ79B.xml
JJ77;370;6935;223v;Paris_AN_JJ_inventaire_JJ76-JJ79B.xml
JJ77;371;6936;223v;Paris_AN_JJ_inventaire_JJ76-JJ79B.xml
JJ77;372;6937;223v;Paris_AN_JJ_inventaire_JJ76-JJ79B.xml
JJ77;373;6938;224r;Paris_AN_JJ_inventaire_JJ76-JJ79B.xml
JJ77;374;6939;224r;Paris_AN_JJ_inventaire_JJ76-JJ79B.xml
JJ77;375;6940;224v;Paris_AN_JJ_inventaire_JJ76-JJ79B.xml
JJ77;376;6941;224v;Paris_AN_JJ_inventaire_JJ76-JJ79B.xml
JJ77;377;6942;225v;Paris_AN_JJ_inventaire_JJ76-JJ79B.xml
JJ77;378;6943;226r;Paris_AN_JJ_inventaire_JJ76-JJ79B.xml
JJ77;379;6944;226r;Paris_AN_JJ_inventaire_JJ76-JJ79B.xml
JJ77;380;6945;230r;Paris_AN_JJ_inventaire_JJ76-JJ79B.xml
JJ77;sn;6946;232v;Paris_AN_JJ_inventaire_JJ76-JJ79B.xml
JJ77;381;6947;232v;Paris_AN_JJ_inventaire_JJ76-JJ79B.xml
JJ77;382;6948;233r;Paris_AN_JJ_inventaire_JJ76-JJ79B.xml
JJ77;383;6949;233v;Paris_AN_JJ_inventaire_JJ76-JJ79B.xml
JJ77;384;6950;238r;Paris_AN_JJ_inventaire_JJ76-JJ79B.xml
JJ77;385;6951;238r;Paris_AN_JJ_inventaire_JJ76-JJ79B.xml
JJ77;386;6952;239r;Paris_AN_JJ_inventaire_JJ76-JJ79B.xml
JJ77;387;6953;240v;Paris_AN_JJ_inventaire_JJ76-JJ79B.xml
JJ77;388;6954;241v;Paris_AN_JJ_inventaire_JJ76-JJ79B.xml
JJ77;389;6955;241v;Paris_AN_JJ_inventaire_JJ76-JJ79B.xml
JJ77;390;6956;242r;Paris_AN_JJ_inventaire_JJ76-JJ79B.xml
JJ77;391;6957;243ret244r;Paris_AN_JJ_inventaire_JJ76-JJ79B.xml
JJ77;392;6958;243v;Paris_AN_JJ_inventaire_JJ76-JJ79B.xml
JJ77;393;6959;244r;Paris_AN_JJ_inventaire_JJ76-JJ79B.xml
JJ77;394;6960;244v;Paris_AN_JJ_inventaire_JJ76-JJ79B.xml
JJ77;395;6961;245r;Paris_AN_JJ_inventaire_JJ76-JJ79B.xml
JJ77;396;6962;245v;Paris_AN_JJ_inventaire_JJ76-JJ79B.xml
JJ77;397;6963;245v;Paris_AN_JJ_inventaire_JJ76-JJ79B.xml
JJ77;398;6964;246r;Paris_AN_JJ_inventaire_JJ76-JJ79B.xml
JJ77;399;6965;246v;Paris_AN_JJ_inventaire_JJ76-JJ79B.xml
JJ77;400;6966;246v;Paris_AN_JJ_inventaire_JJ76-JJ79B.xml
JJ77;401;6967;247r;Paris_AN_JJ_inventaire_JJ76-JJ79B.xml
JJ77;402;6968;247r;Paris_AN_JJ_inventaire_JJ76-JJ79B.xml
JJ77;403;6969;248r;Paris_AN_JJ_inventaire_JJ76-JJ79B.xml
JJ77;404;6970;248r;Paris_AN_JJ_inventaire_JJ76-JJ79B.xml
JJ77;405;6971;249r;Paris_AN_JJ_inventaire_JJ76-JJ79B.xml
JJ77;406;6972;249r;Paris_AN_JJ_inventaire_JJ76-JJ79B.xml
JJ77;407;6973;249v;Paris_AN_JJ_inventaire_JJ76-JJ79B.xml
JJ77;408;6974;250r;Paris_AN_JJ_inventaire_JJ76-JJ79B.xml
JJ77;409;6975;250r;Paris_AN_JJ_inventaire_JJ76-JJ79B.xml
JJ77;410;6976;250v;Paris_AN_JJ_inventaire_JJ76-JJ79B.xml
JJ77;411;6977;250v;Paris_AN_JJ_inventaire_JJ76-JJ79B.xml
JJ77;412;6978;251r;Paris_AN_JJ_inventaire_JJ76-JJ79B.xml
JJ77;413;6979;252v;Paris_AN_JJ_inventaire_JJ76-JJ79B.xml
JJ77;414;6980;252v;Paris_AN_JJ_inventaire_JJ76-JJ79B.xml
JJ77;415;6981;253v;Paris_AN_JJ_inventaire_JJ76-JJ79B.xml
JJ77;416;6982;253v;Paris_AN_JJ_inventaire_JJ76-JJ79B.xml
JJ77;417;6983;254r;Paris_AN_JJ_inventaire_JJ76-JJ79B.xml
JJ77;418;6984;255r;Paris_AN_JJ_inventaire_JJ76-JJ79B.xml
JJ77;419;6985;255v;Paris_AN_JJ_inventaire_JJ76-JJ79B.xml
JJ77;420;6986;256r;Paris_AN_JJ_inventaire_JJ76-JJ79B.xml
JJ77;421;6987;256r;Paris_AN_JJ_inventaire_JJ76-JJ79B.xml
JJ77;422;6988;256r;Paris_AN_JJ_inventaire_JJ76-JJ79B.xml
JJ77;423;6989;256v;Paris_AN_JJ_inventaire_JJ76-JJ79B.xml
JJ77;424;6990;258r;Paris_AN_JJ_inventaire_JJ76-JJ79B.xml
JJ77;425;6991;259r;Paris_AN_JJ_inventaire_JJ76-JJ79B.xml
JJ77;426;6992;259r;Paris_AN_JJ_inventaire_JJ76-JJ79B.xml
JJ77;427;6993;260v;Paris_AN_JJ_inventaire_JJ76-JJ79B.xml
JJ77;428;6994;261r;Paris_AN_JJ_inventaire_JJ76-JJ79B.xml
JJ77;429;6995;261r;Paris_AN_JJ_inventaire_JJ76-JJ79B.xml
JJ77;430;6996;262r;Paris_AN_JJ_inventaire_JJ76-JJ79B.xml
JJ77;431;6997;262v;Paris_AN_JJ_inventaire_JJ76-JJ79B.xml
JJ77;432;6998;265r;Paris_AN_JJ_inventaire_JJ76-JJ79B.xml
JJ77;433;6999;265v;Paris_AN_JJ_inventaire_JJ76-JJ79B.xml
JJ77;434;7000;266r;Paris_AN_JJ_inventaire_JJ76-JJ79B.xml
JJ77;435;7001;267r;Paris_AN_JJ_inventaire_JJ76-JJ79B.xml
JJ77;436;7002;267r;Paris_AN_JJ_inventaire_JJ76-JJ79B.xml
JJ77;437;7003;267v;Paris_AN_JJ_inventaire_JJ76-JJ79B.xml
JJ77;438;7004;267v;Paris_AN_JJ_inventaire_JJ76-JJ79B.xml
JJ77;439;7005;268r;Paris_AN_JJ_inventaire_JJ76-JJ79B.xml
JJ77;440;7006;268r;Paris_AN_JJ_inventaire_JJ76-JJ79B.xml
JJ77;441;7007;271v;Paris_AN_JJ_inventaire_JJ76-JJ79B.xml
JJ77;442;7008;273v;Paris_AN_JJ_inventaire_JJ76-JJ79B.xml
JJ77;443;7009;273v;Paris_AN_JJ_inventaire_JJ76-JJ79B.xml
JJ78;1;7010;1r;Paris_AN_JJ_inventaire_JJ76-JJ79B.xml
JJ78;2;7011;1r;Paris_AN_JJ_inventaire_JJ76-JJ79B.xml
JJ78;3;7012;1v;Paris_AN_JJ_inventaire_JJ76-JJ79B.xml
JJ78;4;7013;1v;Paris_AN_JJ_inventaire_JJ76-JJ79B.xml
JJ78;5;7014;2v;Paris_AN_JJ_inventaire_JJ76-JJ79B.xml
JJ78;6;7015;2v;Paris_AN_JJ_inventaire_JJ76-JJ79B.xml
JJ78;7;7016;3r;Paris_AN_JJ_inventaire_JJ76-JJ79B.xml
JJ78;8;7017;3v;Paris_AN_JJ_inventaire_JJ76-JJ79B.xml
JJ78;9;7018;3v;Paris_AN_JJ_inventaire_JJ76-JJ79B.xml
JJ78;10;7019;4r;Paris_AN_JJ_inventaire_JJ76-JJ79B.xml
JJ78;11;7020;4r;Paris_AN_JJ_inventaire_JJ76-JJ79B.xml
JJ78;12;7021;4v;Paris_AN_JJ_inventaire_JJ76-JJ79B.xml
JJ78;13;7022;4v;Paris_AN_JJ_inventaire_JJ76-JJ79B.xml
JJ78;14;7023;5r;Paris_AN_JJ_inventaire_JJ76-JJ79B.xml
JJ78;15;7024;5r;Paris_AN_JJ_inventaire_JJ76-JJ79B.xml
JJ78;16;7025;5v;Paris_AN_JJ_inventaire_JJ76-JJ79B.xml
JJ78;17;7026;6r;Paris_AN_JJ_inventaire_JJ76-JJ79B.xml
JJ78;18;7027;6r;Paris_AN_JJ_inventaire_JJ76-JJ79B.xml
JJ78;19;7028;6v;Paris_AN_JJ_inventaire_JJ76-JJ79B.xml
JJ78;20;7029;7r;Paris_AN_JJ_inventaire_JJ76-JJ79B.xml
JJ78;21;7030;7v;Paris_AN_JJ_inventaire_JJ76-JJ79B.xml
JJ78;22;7031;7v;Paris_AN_JJ_inventaire_JJ76-JJ79B.xml
JJ78;23;7032;8r;Paris_AN_JJ_inventaire_JJ76-JJ79B.xml
JJ78;24;7033;8r;Paris_AN_JJ_inventaire_JJ76-JJ79B.xml
JJ78;25;7034;8v;Paris_AN_JJ_inventaire_JJ76-JJ79B.xml
JJ78;26;7035;9r;Paris_AN_JJ_inventaire_JJ76-JJ79B.xml
JJ78;27;7036;10v;Paris_AN_JJ_inventaire_JJ76-JJ79B.xml
JJ78;28;7037;11r;Paris_AN_JJ_inventaire_JJ76-JJ79B.xml
JJ78;29;7038;11v;Paris_AN_JJ_inventaire_JJ76-JJ79B.xml
JJ78;30;7039;12r;Paris_AN_JJ_inventaire_JJ76-JJ79B.xml
JJ78;31;7040;13r;Paris_AN_JJ_inventaire_JJ76-JJ79B.xml
JJ78;32;7041;13v;Paris_AN_JJ_inventaire_JJ76-JJ79B.xml
JJ78;33;7042;14v;Paris_AN_JJ_inventaire_JJ76-JJ79B.xml
JJ78;34;7043;15r;Paris_AN_JJ_inventaire_JJ76-JJ79B.xml
JJ78;35;7044;17v;Paris_AN_JJ_inventaire_JJ76-JJ79B.xml
JJ78;36;7045;18r;Paris_AN_JJ_inventaire_JJ76-JJ79B.xml
JJ78;37;7046;18r;Paris_AN_JJ_inventaire_JJ76-JJ79B.xml
JJ78;38;7047;18v;Paris_AN_JJ_inventaire_JJ76-JJ79B.xml
JJ78;39;7048;19r;Paris_AN_JJ_inventaire_JJ76-JJ79B.xml
JJ78;40;7049;19r;Paris_AN_JJ_inventaire_JJ76-JJ79B.xml
JJ78;41;7050;19v;Paris_AN_JJ_inventaire_JJ76-JJ79B.xml
JJ78;42;7051;20v;Paris_AN_JJ_inventaire_JJ76-JJ79B.xml
JJ78;43;7052;21v;Paris_AN_JJ_inventaire_JJ76-JJ79B.xml
JJ78;44;7053;22v;Paris_AN_JJ_inventaire_JJ76-JJ79B.xml
JJ78;45;7054;23r;Paris_AN_JJ_inventaire_JJ76-JJ79B.xml
JJ78;46;7055;26v;Paris_AN_JJ_inventaire_JJ76-JJ79B.xml
JJ78;47;7056;27r;Paris_AN_JJ_inventaire_JJ76-JJ79B.xml
JJ78;48;7057;27r;Paris_AN_JJ_inventaire_JJ76-JJ79B.xml
JJ78;49;7058;27r;Paris_AN_JJ_inventaire_JJ76-JJ79B.xml
JJ78;50;7059;27v;Paris_AN_JJ_inventaire_JJ76-JJ79B.xml
JJ78;51;7060;28r;Paris_AN_JJ_inventaire_JJ76-JJ79B.xml
JJ78;52;7061;29r;Paris_AN_JJ_inventaire_JJ76-JJ79B.xml
JJ78;53;7062;29v;Paris_AN_JJ_inventaire_JJ76-JJ79B.xml
JJ78;54;7063;29v;Paris_AN_JJ_inventaire_JJ76-JJ79B.xml
JJ78;55;7064;30r;Paris_AN_JJ_inventaire_JJ76-JJ79B.xml
JJ78;56;7065;30r;Paris_AN_JJ_inventaire_JJ76-JJ79B.xml
JJ78;57;7066;30r;Paris_AN_JJ_inventaire_JJ76-JJ79B.xml
JJ78;58;7067;30v;Paris_AN_JJ_inventaire_JJ76-JJ79B.xml
JJ78;59;7068;30v;Paris_AN_JJ_inventaire_JJ76-JJ79B.xml
JJ78;60;7069;30v;Paris_AN_JJ_inventaire_JJ76-JJ79B.xml
JJ78;61;7070;31r;Paris_AN_JJ_inventaire_JJ76-JJ79B.xml
JJ78;62;7071;31r;Paris_AN_JJ_inventaire_JJ76-JJ79B.xml
JJ78;63;7072;31v;Paris_AN_JJ_inventaire_JJ76-JJ79B.xml
JJ78;64;7073;32r;Paris_AN_JJ_inventaire_JJ76-JJ79B.xml
JJ78;65;7074;32r;Paris_AN_JJ_inventaire_JJ76-JJ79B.xml
JJ78;66;7075;32v;Paris_AN_JJ_inventaire_JJ76-JJ79B.xml
JJ78;67;7076;32v;Paris_AN_JJ_inventaire_JJ76-JJ79B.xml
JJ78;68;7077;32v;Paris_AN_JJ_inventaire_JJ76-JJ79B.xml
JJ78;69;7078;33v;Paris_AN_JJ_inventaire_JJ76-JJ79B.xml
JJ78;70;7079;34r;Paris_AN_JJ_inventaire_JJ76-JJ79B.xml
JJ78;71;7080;34v;Paris_AN_JJ_inventaire_JJ76-JJ79B.xml
JJ78;72;7081;35r;Paris_AN_JJ_inventaire_JJ76-JJ79B.xml
JJ78;73;7082;35r;Paris_AN_JJ_inventaire_JJ76-JJ79B.xml
JJ78;74;7083;35r;Paris_AN_JJ_inventaire_JJ76-JJ79B.xml
JJ78;75;7084;35v;Paris_AN_JJ_inventaire_JJ76-JJ79B.xml
JJ78;76;7085;36r;Paris_AN_JJ_inventaire_JJ76-JJ79B.xml
JJ78;77;7086;36v;Paris_AN_JJ_inventaire_JJ76-JJ79B.xml
JJ78;78;7087;37r;Paris_AN_JJ_inventaire_JJ76-JJ79B.xml
JJ78;79;7088;37r;Paris_AN_JJ_inventaire_JJ76-JJ79B.xml
JJ78;80;7089;37v;Paris_AN_JJ_inventaire_JJ76-JJ79B.xml
JJ78;81;7090;37v;Paris_AN_JJ_inventaire_JJ76-JJ79B.xml
JJ78;82;7091;38r;Paris_AN_JJ_inventaire_JJ76-JJ79B.xml
JJ78;83;7092;38v;Paris_AN_JJ_inventaire_JJ76-JJ79B.xml
JJ78;84;7093;38v;Paris_AN_JJ_inventaire_JJ76-JJ79B.xml
JJ78;85;7094;39r;Paris_AN_JJ_inventaire_JJ76-JJ79B.xml
JJ78;86;7095;39v;Paris_AN_JJ_inventaire_JJ76-JJ79B.xml
JJ78;87;7096;40r;Paris_AN_JJ_inventaire_JJ76-JJ79B.xml
JJ78;88;7097;40v;Paris_AN_JJ_inventaire_JJ76-JJ79B.xml
JJ78;89;7098;40v;Paris_AN_JJ_inventaire_JJ76-JJ79B.xml
JJ78;90;7099;41r;Paris_AN_JJ_inventaire_JJ76-JJ79B.xml
JJ78;91;7100;41v;Paris_AN_JJ_inventaire_JJ76-JJ79B.xml
JJ78;92;7101;43r;Paris_AN_JJ_inventaire_JJ76-JJ79B.xml
JJ78;93;7102;43v;Paris_AN_JJ_inventaire_JJ76-JJ79B.xml
JJ78;94;7103;43v;Paris_AN_JJ_inventaire_JJ76-JJ79B.xml
JJ78;95;7104;44r;Paris_AN_JJ_inventaire_JJ76-JJ79B.xml
JJ78;96;7105;44v;Paris_AN_JJ_inventaire_JJ76-JJ79B.xml
JJ78;97;7106;45r;Paris_AN_JJ_inventaire_JJ76-JJ79B.xml
JJ78;98;7107;45r;Paris_AN_JJ_inventaire_JJ76-JJ79B.xml
JJ78;99;7108;45v;Paris_AN_JJ_inventaire_JJ76-JJ79B.xml
JJ78;100;7109;45v;Paris_AN_JJ_inventaire_JJ76-JJ79B.xml
JJ78;101;7110;46r;Paris_AN_JJ_inventaire_JJ76-JJ79B.xml
JJ78;102;7111;46r;Paris_AN_JJ_inventaire_JJ76-JJ79B.xml
JJ78;103;7112;46v;Paris_AN_JJ_inventaire_JJ76-JJ79B.xml
JJ78;104;7113;46v;Paris_AN_JJ_inventaire_JJ76-JJ79B.xml
JJ78;105;7114;47r;Paris_AN_JJ_inventaire_JJ76-JJ79B.xml
JJ78;106;7115;47v;Paris_AN_JJ_inventaire_JJ76-JJ79B.xml
JJ78;107;7116;48r;Paris_AN_JJ_inventaire_JJ76-JJ79B.xml
JJ78;108;7117;48r;Paris_AN_JJ_inventaire_JJ76-JJ79B.xml
JJ78;109;7118;48v;Paris_AN_JJ_inventaire_JJ76-JJ79B.xml
JJ78;110;7119;48v;Paris_AN_JJ_inventaire_JJ76-JJ79B.xml
JJ78;111;7120;49r;Paris_AN_JJ_inventaire_JJ76-JJ79B.xml
JJ78;112;7121;50r;Paris_AN_JJ_inventaire_JJ76-JJ79B.xml
JJ78;113;7122;51r;Paris_AN_JJ_inventaire_JJ76-JJ79B.xml
JJ78;114;7123;54r;Paris_AN_JJ_inventaire_JJ76-JJ79B.xml
JJ78;115;7124;54r;Paris_AN_JJ_inventaire_JJ76-JJ79B.xml
JJ78;116;7125;54v;Paris_AN_JJ_inventaire_JJ76-JJ79B.xml
JJ78;117;7126;56r;Paris_AN_JJ_inventaire_JJ76-JJ79B.xml
JJ78;118;7127;57r;Paris_AN_JJ_inventaire_JJ76-JJ79B.xml
JJ78;119;7128;57r;Paris_AN_JJ_inventaire_JJ76-JJ79B.xml
JJ78;120;7129;57v;Paris_AN_JJ_inventaire_JJ76-JJ79B.xml
JJ78;121;7130;61v;Paris_AN_JJ_inventaire_JJ76-JJ79B.xml
JJ78;122;7131;62r;Paris_AN_JJ_inventaire_JJ76-JJ79B.xml
JJ78;123;7132;64r;Paris_AN_JJ_inventaire_JJ76-JJ79B.xml
JJ78;124;7133;64r;Paris_AN_JJ_inventaire_JJ76-JJ79B.xml
JJ78;125;7134;64v;Paris_AN_JJ_inventaire_JJ76-JJ79B.xml
JJ78;126;7135;65r;Paris_AN_JJ_inventaire_JJ76-JJ79B.xml
JJ78;127;7136;65r;Paris_AN_JJ_inventaire_JJ76-JJ79B.xml
JJ78;128;7137;65v;Paris_AN_JJ_inventaire_JJ76-JJ79B.xml
JJ78;129;7138;65v;Paris_AN_JJ_inventaire_JJ76-JJ79B.xml
JJ78;130;7139;66r;Paris_AN_JJ_inventaire_JJ76-JJ79B.xml
JJ78;131;7140;66v;Paris_AN_JJ_inventaire_JJ76-JJ79B.xml
JJ78;132;7141;67r;Paris_AN_JJ_inventaire_JJ76-JJ79B.xml
JJ78;133;7142;67v;Paris_AN_JJ_inventaire_JJ76-JJ79B.xml
JJ78;134;7143;67v;Paris_AN_JJ_inventaire_JJ76-JJ79B.xml
JJ78;134bis;7144;68r;Paris_AN_JJ_inventaire_JJ76-JJ79B.xml
JJ78;135;7145;68r;Paris_AN_JJ_inventaire_JJ76-JJ79B.xml
JJ78;136;7146;68v;Paris_AN_JJ_inventaire_JJ76-JJ79B.xml
JJ78;137;7147;68v;Paris_AN_JJ_inventaire_JJ76-JJ79B.xml
JJ78;138;7148;69r;Paris_AN_JJ_inventaire_JJ76-JJ79B.xml
JJ78;139;7149;69r;Paris_AN_JJ_inventaire_JJ76-JJ79B.xml
JJ78;140;7150;69r;Paris_AN_JJ_inventaire_JJ76-JJ79B.xml
JJ78;141;7151;69v;Paris_AN_JJ_inventaire_JJ76-JJ79B.xml
JJ78;142;7152;70r;Paris_AN_JJ_inventaire_JJ76-JJ79B.xml
JJ78;143;7153;70v;Paris_AN_JJ_inventaire_JJ76-JJ79B.xml
JJ78;144;7154;71v;Paris_AN_JJ_inventaire_JJ76-JJ79B.xml
JJ78;145;7155;72r;Paris_AN_JJ_inventaire_JJ76-JJ79B.xml
JJ78;146;7156;72r;Paris_AN_JJ_inventaire_JJ76-JJ79B.xml
JJ78;147;7157;73r;Paris_AN_JJ_inventaire_JJ76-JJ79B.xml
JJ78;148;7158;73v;Paris_AN_JJ_inventaire_JJ76-JJ79B.xml
JJ78;149;7159;74r;Paris_AN_JJ_inventaire_JJ76-JJ79B.xml
JJ78;150;7160;74r;Paris_AN_JJ_inventaire_JJ76-JJ79B.xml
JJ78;151;7161;74v;Paris_AN_JJ_inventaire_JJ76-JJ79B.xml
JJ78;152;7162;75r;Paris_AN_JJ_inventaire_JJ76-JJ79B.xml
JJ78;153;7163;75r;Paris_AN_JJ_inventaire_JJ76-JJ79B.xml
JJ78;154;7164;75v;Paris_AN_JJ_inventaire_JJ76-JJ79B.xml
JJ78;155;7165;76r;Paris_AN_JJ_inventaire_JJ76-JJ79B.xml
JJ78;156;7166;76r;Paris_AN_JJ_inventaire_JJ76-JJ79B.xml
JJ78;157;7167;76v;Paris_AN_JJ_inventaire_JJ76-JJ79B.xml
JJ78;158;7168;77r;Paris_AN_JJ_inventaire_JJ76-JJ79B.xml
JJ78;159;7169;79r;Paris_AN_JJ_inventaire_JJ76-JJ79B.xml
JJ78;160;7170;79r;Paris_AN_JJ_inventaire_JJ76-JJ79B.xml
JJ78;161;7171;79v;Paris_AN_JJ_inventaire_JJ76-JJ79B.xml
JJ78;162;7172;80r;Paris_AN_JJ_inventaire_JJ76-JJ79B.xml
JJ78;163;7173;80v;Paris_AN_JJ_inventaire_JJ76-JJ79B.xml
JJ78;164;7174;81v;Paris_AN_JJ_inventaire_JJ76-JJ79B.xml
JJ78;165;7175;82r;Paris_AN_JJ_inventaire_JJ76-JJ79B.xml
JJ78;167;7176;83v;Paris_AN_JJ_inventaire_JJ76-JJ79B.xml
JJ78;168;7177;83v;Paris_AN_JJ_inventaire_JJ76-JJ79B.xml
JJ78;169;7178;84r;Paris_AN_JJ_inventaire_JJ76-JJ79B.xml
JJ78;170;7179;84v;Paris_AN_JJ_inventaire_JJ76-JJ79B.xml
JJ78;171;7180;85r;Paris_AN_JJ_inventaire_JJ76-JJ79B.xml
JJ78;172;7181;86r;Paris_AN_JJ_inventaire_JJ76-JJ79B.xml
JJ78;173;7182;87r;Paris_AN_JJ_inventaire_JJ76-JJ79B.xml
JJ78;174;7183;87r;Paris_AN_JJ_inventaire_JJ76-JJ79B.xml
JJ78;175;7184;87v;Paris_AN_JJ_inventaire_JJ76-JJ79B.xml
JJ78;176;7185;88r;Paris_AN_JJ_inventaire_JJ76-JJ79B.xml
JJ78;177;7186;89r;Paris_AN_JJ_inventaire_JJ76-JJ79B.xml
JJ78;178;7187;89r;Paris_AN_JJ_inventaire_JJ76-JJ79B.xml
JJ78;179;7188;89r;Paris_AN_JJ_inventaire_JJ76-JJ79B.xml
JJ78;180;7189;91r;Paris_AN_JJ_inventaire_JJ76-JJ79B.xml
JJ78;181;7190;92r;Paris_AN_JJ_inventaire_JJ76-JJ79B.xml
JJ78;182;7191;95r;Paris_AN_JJ_inventaire_JJ76-JJ79B.xml
JJ78;183;7192;96r;Paris_AN_JJ_inventaire_JJ76-JJ79B.xml
JJ78;184;7193;96v;Paris_AN_JJ_inventaire_JJ76-JJ79B.xml
JJ78;185;7194;96v;Paris_AN_JJ_inventaire_JJ76-JJ79B.xml
JJ78;186;7195;97r;Paris_AN_JJ_inventaire_JJ76-JJ79B.xml
JJ78;187;7196;98r;Paris_AN_JJ_inventaire_JJ76-JJ79B.xml
JJ78;188;7197;98v;Paris_AN_JJ_inventaire_JJ76-JJ79B.xml
JJ78;189;7198;98v;Paris_AN_JJ_inventaire_JJ76-JJ79B.xml
JJ78;190;7199;100v;Paris_AN_JJ_inventaire_JJ76-JJ79B.xml
JJ78;191;7200;101r;Paris_AN_JJ_inventaire_JJ76-JJ79B.xml
JJ78;192;7201;101r;Paris_AN_JJ_inventaire_JJ76-JJ79B.xml
JJ78;193;7202;101v;Paris_AN_JJ_inventaire_JJ76-JJ79B.xml
JJ78;194;7203;102r;Paris_AN_JJ_inventaire_JJ76-JJ79B.xml
JJ78;195;7204;102v;Paris_AN_JJ_inventaire_JJ76-JJ79B.xml
JJ78;196;7205;103r;Paris_AN_JJ_inventaire_JJ76-JJ79B.xml
JJ78;197;7206;103r;Paris_AN_JJ_inventaire_JJ76-JJ79B.xml
JJ78;198;7207;103v;Paris_AN_JJ_inventaire_JJ76-JJ79B.xml
JJ78;199;7208;104r;Paris_AN_JJ_inventaire_JJ76-JJ79B.xml
JJ78;200;7209;106r;Paris_AN_JJ_inventaire_JJ76-JJ79B.xml
JJ78;201;7210;106r;Paris_AN_JJ_inventaire_JJ76-JJ79B.xml
JJ78;202;7211;107r;Paris_AN_JJ_inventaire_JJ76-JJ79B.xml
JJ78;203;7212;107r;Paris_AN_JJ_inventaire_JJ76-JJ79B.xml
JJ78;204;7213;108r;Paris_AN_JJ_inventaire_JJ76-JJ79B.xml
JJ78;205;7214;108v;Paris_AN_JJ_inventaire_JJ76-JJ79B.xml
JJ78;206;7215;109r;Paris_AN_JJ_inventaire_JJ76-JJ79B.xml
JJ78;207;7216;109v;Paris_AN_JJ_inventaire_JJ76-JJ79B.xml
JJ78;208;7217;109v;Paris_AN_JJ_inventaire_JJ76-JJ79B.xml
JJ78;209;7218;110r;Paris_AN_JJ_inventaire_JJ76-JJ79B.xml
JJ78;210;7219;111r;Paris_AN_JJ_inventaire_JJ76-JJ79B.xml
JJ78;211;7220;112v;Paris_AN_JJ_inventaire_JJ76-JJ79B.xml
JJ78;212;7221;113r;Paris_AN_JJ_inventaire_JJ76-JJ79B.xml
JJ78;213;7222;113r;Paris_AN_JJ_inventaire_JJ76-JJ79B.xml
JJ78;214;7223;113v;Paris_AN_JJ_inventaire_JJ76-JJ79B.xml
JJ78;215;7224;114r;Paris_AN_JJ_inventaire_JJ76-JJ79B.xml
JJ78;216;7225;114r;Paris_AN_JJ_inventaire_JJ76-JJ79B.xml
JJ78;217;7226;114v;Paris_AN_JJ_inventaire_JJ76-JJ79B.xml
JJ78;218;7227;115r;Paris_AN_JJ_inventaire_JJ76-JJ79B.xml
JJ78;219;7228;115v;Paris_AN_JJ_inventaire_JJ76-JJ79B.xml
JJ78;220;7229;115v;Paris_AN_JJ_inventaire_JJ76-JJ79B.xml
JJ78;221;7230;115v;Paris_AN_JJ_inventaire_JJ76-JJ79B.xml
JJ78;222;7231;117r;Paris_AN_JJ_inventaire_JJ76-JJ79B.xml
JJ78;223;7232;117v;Paris_AN_JJ_inventaire_JJ76-JJ79B.xml
JJ78;224;7233;117v;Paris_AN_JJ_inventaire_JJ76-JJ79B.xml
JJ78;225;7234;117v;Paris_AN_JJ_inventaire_JJ76-JJ79B.xml
JJ78;226;7235;118r;Paris_AN_JJ_inventaire_JJ76-JJ79B.xml
JJ78;227;7236;118v;Paris_AN_JJ_inventaire_JJ76-JJ79B.xml
JJ78;228;7237;118v;Paris_AN_JJ_inventaire_JJ76-JJ79B.xml
JJ78;229;7238;119r;Paris_AN_JJ_inventaire_JJ76-JJ79B.xml
JJ78;230;7239;119v;Paris_AN_JJ_inventaire_JJ76-JJ79B.xml
JJ78;231;7240;120v;Paris_AN_JJ_inventaire_JJ76-JJ79B.xml
JJ78;232;7241;120v;Paris_AN_JJ_inventaire_JJ76-JJ79B.xml
JJ78;233;7242;121r;Paris_AN_JJ_inventaire_JJ76-JJ79B.xml
JJ78;234;7243;121r;Paris_AN_JJ_inventaire_JJ76-JJ79B.xml
JJ78;235;7244;122r;Paris_AN_JJ_inventaire_JJ76-JJ79B.xml
JJ78;236;7245;122r;Paris_AN_JJ_inventaire_JJ76-JJ79B.xml
JJ78;237;7246;123r;Paris_AN_JJ_inventaire_JJ76-JJ79B.xml
JJ78;238;7247;123v;Paris_AN_JJ_inventaire_JJ76-JJ79B.xml
JJ78;239;7248;123v;Paris_AN_JJ_inventaire_JJ76-JJ79B.xml
JJ78;240;7249;124r;Paris_AN_JJ_inventaire_JJ76-JJ79B.xml
JJ78;241;7250;124r;Paris_AN_JJ_inventaire_JJ76-JJ79B.xml
JJ78;242;7251;124v;Paris_AN_JJ_inventaire_JJ76-JJ79B.xml
JJ78;243;7252;126r;Paris_AN_JJ_inventaire_JJ76-JJ79B.xml
JJ78;244;7253;126r;Paris_AN_JJ_inventaire_JJ76-JJ79B.xml
JJ78;245;7254;126v;Paris_AN_JJ_inventaire_JJ76-JJ79B.xml
JJ78;246;7255;127r;Paris_AN_JJ_inventaire_JJ76-JJ79B.xml
JJ78;247;7256;133r;Paris_AN_JJ_inventaire_JJ76-JJ79B.xml
JJ78;248;7257;138r;Paris_AN_JJ_inventaire_JJ76-JJ79B.xml
JJ78;249;7258;138v;Paris_AN_JJ_inventaire_JJ76-JJ79B.xml
JJ78;250;7259;139r;Paris_AN_JJ_inventaire_JJ76-JJ79B.xml
JJ78;251;7260;139v;Paris_AN_JJ_inventaire_JJ76-JJ79B.xml
JJ78;252;7261;139v;Paris_AN_JJ_inventaire_JJ76-JJ79B.xml
JJ78;253;7262;140r;Paris_AN_JJ_inventaire_JJ76-JJ79B.xml
JJ78;254;7263;140v;Paris_AN_JJ_inventaire_JJ76-JJ79B.xml
JJ78;255;7264;141r;Paris_AN_JJ_inventaire_JJ76-JJ79B.xml
JJ78;256;7265;141v;Paris_AN_JJ_inventaire_JJ76-JJ79B.xml
JJ78;257;7266;142r;Paris_AN_JJ_inventaire_JJ76-JJ79B.xml
JJ78;258;7267;142v;Paris_AN_JJ_inventaire_JJ76-JJ79B.xml
JJ78;258bis;7268;144r;Paris_AN_JJ_inventaire_JJ76-JJ79B.xml
JJ78;259;7269;144v;Paris_AN_JJ_inventaire_JJ76-JJ79B.xml
JJ78;260;7270;144v;Paris_AN_JJ_inventaire_JJ76-JJ79B.xml
JJ78;261;7271;145r;Paris_AN_JJ_inventaire_JJ76-JJ79B.xml
JJ78;262;7272;145r;Paris_AN_JJ_inventaire_JJ76-JJ79B.xml
JJ78;263;7273;145v;Paris_AN_JJ_inventaire_JJ76-JJ79B.xml
JJ78;264;7274;145v;Paris_AN_JJ_inventaire_JJ76-JJ79B.xml
JJ78;265;7275;146r;Paris_AN_JJ_inventaire_JJ76-JJ79B.xml
JJ78;266;7276;146r;Paris_AN_JJ_inventaire_JJ76-JJ79B.xml
JJ78;267;7277;146v;Paris_AN_JJ_inventaire_JJ76-JJ79B.xml
JJ78;268;7278;146v;Paris_AN_JJ_inventaire_JJ76-JJ79B.xml
JJ78;269;7279;147v;Paris_AN_JJ_inventaire_JJ76-JJ79B.xml
JJ78;270;7280;149v;Paris_AN_JJ_inventaire_JJ76-JJ79B.xml
JJ78;271;7281;150r;Paris_AN_JJ_inventaire_JJ76-JJ79B.xml
JJ78;272;7282;150v;Paris_AN_JJ_inventaire_JJ76-JJ79B.xml
JJ78;273;7283;151r;Paris_AN_JJ_inventaire_JJ76-JJ79B.xml
JJ78;274;7284;159r;Paris_AN_JJ_inventaire_JJ76-JJ79B.xml
JJ78;275;7285;160r;Paris_AN_JJ_inventaire_JJ76-JJ79B.xml
JJ78;276;7286;160r;Paris_AN_JJ_inventaire_JJ76-JJ79B.xml
JJ78;277;7287;161r;Paris_AN_JJ_inventaire_JJ76-JJ79B.xml
JJ78;278;7288;163r;Paris_AN_JJ_inventaire_JJ76-JJ79B.xml
JJ78;279;7289;163r;Paris_AN_JJ_inventaire_JJ76-JJ79B.xml
JJ78;280;7290;163v;Paris_AN_JJ_inventaire_JJ76-JJ79B.xml
JJ78;281;7291;164r;Paris_AN_JJ_inventaire_JJ76-JJ79B.xml
JJ78;282;7292;164v;Paris_AN_JJ_inventaire_JJ76-JJ79B.xml
JJ78;283;7293;165r;Paris_AN_JJ_inventaire_JJ76-JJ79B.xml
JJ78;284;7294;165r;Paris_AN_JJ_inventaire_JJ76-JJ79B.xml
JJ78;285;7295;165v;Paris_AN_JJ_inventaire_JJ76-JJ79B.xml
JJ78;286;7296;165v;Paris_AN_JJ_inventaire_JJ76-JJ79B.xml
JJ78;287;7297;167v;Paris_AN_JJ_inventaire_JJ76-JJ79B.xml
JJ78;288;7298;168r;Paris_AN_JJ_inventaire_JJ76-JJ79B.xml
JJ78;289;7299;169r;Paris_AN_JJ_inventaire_JJ76-JJ79B.xml
JJ78;290;7300;180v;Paris_AN_JJ_inventaire_JJ76-JJ79B.xml
JJ79A;1;7301;1r;Paris_AN_JJ_inventaire_JJ76-JJ79B.xml
JJ79A;2;7302;1r;Paris_AN_JJ_inventaire_JJ76-JJ79B.xml
JJ79A;3;7303;1v;Paris_AN_JJ_inventaire_JJ76-JJ79B.xml
JJ79A;4;7304;1v;Paris_AN_JJ_inventaire_JJ76-JJ79B.xml
JJ79A;5;7305;2r;Paris_AN_JJ_inventaire_JJ76-JJ79B.xml
JJ79A;6;7306;3v;Paris_AN_JJ_inventaire_JJ76-JJ79B.xml
JJ79A;7;7307;4r;Paris_AN_JJ_inventaire_JJ76-JJ79B.xml
JJ79A;8;7308;4r;Paris_AN_JJ_inventaire_JJ76-JJ79B.xml
JJ79A;9;7309;4v;Paris_AN_JJ_inventaire_JJ76-JJ79B.xml
JJ79A;10;7310;5r;Paris_AN_JJ_inventaire_JJ76-JJ79B.xml
JJ79A;11;7311;5v;Paris_AN_JJ_inventaire_JJ76-JJ79B.xml
JJ79A;12;7312;8v;Paris_AN_JJ_inventaire_JJ76-JJ79B.xml
JJ79A;13;7313;9v;Paris_AN_JJ_inventaire_JJ76-JJ79B.xml
JJ79A;14;7314;10r;Paris_AN_JJ_inventaire_JJ76-JJ79B.xml
JJ79A;15;7315;10r;Paris_AN_JJ_inventaire_JJ76-JJ79B.xml
JJ79A;16;7316;10v;Paris_AN_JJ_inventaire_JJ76-JJ79B.xml
JJ79A;17;7317;11r;Paris_AN_JJ_inventaire_JJ76-JJ79B.xml
JJ79A;18;7318;11v;Paris_AN_JJ_inventaire_JJ76-JJ79B.xml
JJ79A;19;7319;12r;Paris_AN_JJ_inventaire_JJ76-JJ79B.xml
JJ79A;20;7320;12v;Paris_AN_JJ_inventaire_JJ76-JJ79B.xml
JJ79A;21;7321;13r;Paris_AN_JJ_inventaire_JJ76-JJ79B.xml
JJ79A;22;7322;14r;Paris_AN_JJ_inventaire_JJ76-JJ79B.xml
JJ79A;23;7323;15r;Paris_AN_JJ_inventaire_JJ76-JJ79B.xml
JJ79A;24;7324;16v;Paris_AN_JJ_inventaire_JJ76-JJ79B.xml
JJ79A;25;7325;16v;Paris_AN_JJ_inventaire_JJ76-JJ79B.xml
JJ79A;26;7326;17r;Paris_AN_JJ_inventaire_JJ76-JJ79B.xml
JJ79A;27;7327;17v;Paris_AN_JJ_inventaire_JJ76-JJ79B.xml
JJ79A;28;7328;18r;Paris_AN_JJ_inventaire_JJ76-JJ79B.xml
JJ79A;28bis;7329;18v;Paris_AN_JJ_inventaire_JJ76-JJ79B.xml
JJ79A;29;7330;19r;Paris_AN_JJ_inventaire_JJ76-JJ79B.xml
JJ79A;30;7331;21v;Paris_AN_JJ_inventaire_JJ76-JJ79B.xml
JJ79A;31;7332;22r;Paris_AN_JJ_inventaire_JJ76-JJ79B.xml
JJ79A;32;7333;22v;Paris_AN_JJ_inventaire_JJ76-JJ79B.xml
JJ79A;33;7334;24r;Paris_AN_JJ_inventaire_JJ76-JJ79B.xml
JJ79A;34;7335;24v;Paris_AN_JJ_inventaire_JJ76-JJ79B.xml
JJ79A;35;7336;25v;Paris_AN_JJ_inventaire_JJ76-JJ79B.xml
JJ79A;36;7337;28r;Paris_AN_JJ_inventaire_JJ76-JJ79B.xml
JJ79A;37;7338;28r;Paris_AN_JJ_inventaire_JJ76-JJ79B.xml
JJ79A;38;7339;28v;Paris_AN_JJ_inventaire_JJ76-JJ79B.xml
JJ79A;39;7340;29v;Paris_AN_JJ_inventaire_JJ76-JJ79B.xml
JJ79A;40;7341;30r;Paris_AN_JJ_inventaire_JJ76-JJ79B.xml
JJ79A;41;7342;30v;Paris_AN_JJ_inventaire_JJ76-JJ79B.xml
JJ79A;42;7343;31r;Paris_AN_JJ_inventaire_JJ76-JJ79B.xml
JJ79A;43;7344;31v;Paris_AN_JJ_inventaire_JJ76-JJ79B.xml
JJ79A;44;7345;31v;Paris_AN_JJ_inventaire_JJ76-JJ79B.xml
JJ79A;45;7346;32v;Paris_AN_JJ_inventaire_JJ76-JJ79B.xml
JJ79A;46;7347;32v;Paris_AN_JJ_inventaire_JJ76-JJ79B.xml
JJ79A;47;7348;32v;Paris_AN_JJ_inventaire_JJ76-JJ79B.xml
JJ79A;48;7349;34r;Paris_AN_JJ_inventaire_JJ76-JJ79B.xml
JJ79A;49;7350;34r;Paris_AN_JJ_inventaire_JJ76-JJ79B.xml
JJ79A;50;7351;34v;Paris_AN_JJ_inventaire_JJ76-JJ79B.xml
JJ79A;51;7352;35r;Paris_AN_JJ_inventaire_JJ76-JJ79B.xml
JJ79A;52;7353;35v;Paris_AN_JJ_inventaire_JJ76-JJ79B.xml
JJ79A;53;7354;36v;Paris_AN_JJ_inventaire_JJ76-JJ79B.xml
JJ79A;54;7355;36v;Paris_AN_JJ_inventaire_JJ76-JJ79B.xml
JJ79A;55;7356;38r;Paris_AN_JJ_inventaire_JJ76-JJ79B.xml
JJ79A;56;7357;39v;Paris_AN_JJ_inventaire_JJ76-JJ79B.xml
JJ79A;57;7358;40r;Paris_AN_JJ_inventaire_JJ76-JJ79B.xml
JJ79A;58;7359;41v;Paris_AN_JJ_inventaire_JJ76-JJ79B.xml
JJ79A;59;7360;46r;Paris_AN_JJ_inventaire_JJ76-JJ79B.xml
JJ79A;60;7361;48r;Paris_AN_JJ_inventaire_JJ76-JJ79B.xml
JJ79B;1;7362;1r;Paris_AN_JJ_inventaire_JJ76-JJ79B.xml
JJ79B;3;7363;1r;Paris_AN_JJ_inventaire_JJ76-JJ79B.xml
JJ79B;3;7364;1r;Paris_AN_JJ_inventaire_JJ76-JJ79B.xml
JJ79B;4;7365;1r;Paris_AN_JJ_inventaire_JJ76-JJ79B.xml
JJ79B;4bis;7366;1v;Paris_AN_JJ_inventaire_JJ76-JJ79B.xml
JJ79B;5;7367;1v;Paris_AN_JJ_inventaire_JJ76-JJ79B.xml
JJ79B;6;7368;1v;Paris_AN_JJ_inventaire_JJ76-JJ79B.xml
JJ79B;7;7369;1v;Paris_AN_JJ_inventaire_JJ76-JJ79B.xml
JJ79B;8;7370;2r;Paris_AN_JJ_inventaire_JJ76-JJ79B.xml
JJ79B;9;7371;2r;Paris_AN_JJ_inventaire_JJ76-JJ79B.xml
JJ79B;10;7372;2r;Paris_AN_JJ_inventaire_JJ76-JJ79B.xml
JJ79B;11;7373;2v;Paris_AN_JJ_inventaire_JJ76-JJ79B.xml
JJ79B;12;7374;2v;Paris_AN_JJ_inventaire_JJ76-JJ79B.xml
JJ79B;13;7375;3r;Paris_AN_JJ_inventaire_JJ76-JJ79B.xml
JJ79B;14;7376;3r;Paris_AN_JJ_inventaire_JJ76-JJ79B.xml
JJ79B;15;7377;4r;Paris_AN_JJ_inventaire_JJ76-JJ79B.xml
JJ79B;16;7378;12r;Paris_AN_JJ_inventaire_JJ76-JJ79B.xml
JJ79B;17;7379;13r;Paris_AN_JJ_inventaire_JJ76-JJ79B.xml
JJ79B;18;7380;13v;Paris_AN_JJ_inventaire_JJ76-JJ79B.xml
JJ79B;19;7381;14r;Paris_AN_JJ_inventaire_JJ76-JJ79B.xml
JJ79B;20;7382;20r;Paris_AN_JJ_inventaire_JJ76-JJ79B.xml
JJ79B;21;7383;20r;Paris_AN_JJ_inventaire_JJ76-JJ79B.xml
JJ79B;22;7384;20v;Paris_AN_JJ_inventaire_JJ76-JJ79B.xml
JJ79B;23;7385;25r;Paris_AN_JJ_inventaire_JJ76-JJ79B.xml
JJ79B;24;7386;25r;Paris_AN_JJ_inventaire_JJ76-JJ79B.xml
JJ79B;25;7387;25r;Paris_AN_JJ_inventaire_JJ76-JJ79B.xml
JJ79B;26;7388;25v;Paris_AN_JJ_inventaire_JJ76-JJ79B.xml
JJ79B;27;7389;25v;Paris_AN_JJ_inventaire_JJ76-JJ79B.xml
JJ79B;28;7390;26r;Paris_AN_JJ_inventaire_JJ76-JJ79B.xml
JJ79B;29;7391;26r;Paris_AN_JJ_inventaire_JJ76-JJ79B.xml
JJ79B;30;7392;26r;Paris_AN_JJ_inventaire_JJ76-JJ79B.xml
JJ79B;31;7393;26v;Paris_AN_JJ_inventaire_JJ76-JJ79B.xml
JJ79B;32;7394;27r;Paris_AN_JJ_inventaire_JJ76-JJ79B.xml
JJ79B;33;7395;27v;Paris_AN_JJ_inventaire_JJ76-JJ79B.xml
JJ79B;34;7396;28v;Paris_AN_JJ_inventaire_JJ76-JJ79B.xml
JJ79B;35;7397;28v;Paris_AN_JJ_inventaire_JJ76-JJ79B.xml
JJ79B;36;7398;29r;Paris_AN_JJ_inventaire_JJ76-JJ79B.xml
JJ79B;37;7399;29v;Paris_AN_JJ_inventaire_JJ76-JJ79B.xml
JJ79B;38;7400;30r;Paris_AN_JJ_inventaire_JJ76-JJ79B.xml
JJ79B;39;7401;30r;Paris_AN_JJ_inventaire_JJ76-JJ79B.xml
JJ79B;40;7402;30v;Paris_AN_JJ_inventaire_JJ76-JJ79B.xml
JJ79B;41;7403;30v;Paris_AN_JJ_inventaire_JJ76-JJ79B.xml
JJ79B;sn;7404;31r;Paris_AN_JJ_inventaire_JJ76-JJ79B.xml
JJ79B;sn;7405;31r;Paris_AN_JJ_inventaire_JJ76-JJ79B.xml
JJ79B;42;7406;37r;Paris_AN_JJ_inventaire_JJ76-JJ79B.xml
JJ79B;sn;7407;37r;Paris_AN_JJ_inventaire_JJ76-JJ79B.xml
JJ79B;43;7408;37r;Paris_AN_JJ_inventaire_JJ76-JJ79B.xml
JJ79B;44;7409;37r;Paris_AN_JJ_inventaire_JJ76-JJ79B.xml
JJ79B;44bis;7410;37v;Paris_AN_JJ_inventaire_JJ76-JJ79B.xml
JJ79B;45;7411;38v;Paris_AN_JJ_inventaire_JJ76-JJ79B.xml
JJ79B;46;7412;38v;Paris_AN_JJ_inventaire_JJ76-JJ79B.xml
JJ79B;47;7413;41r;Paris_AN_JJ_inventaire_JJ76-JJ79B.xml
JJ79B;48;7414;58r;Paris_AN_JJ_inventaire_JJ76-JJ79B.xml
JJ79B;49;7415;59r;Paris_AN_JJ_inventaire_JJ76-JJ79B.xml
JJ79B;50;7416;60r;Paris_AN_JJ_inventaire_JJ76-JJ79B.xml
JJ79B;51;7417;60v;Paris_AN_JJ_inventaire_JJ76-JJ79B.xml
JJ79B;52;7418;60v;Paris_AN_JJ_inventaire_JJ76-JJ79B.xml
