Paris_AN_JJ_inventaire_JJ84.xml_Register;Paris_AN_JJ_inventaire_JJ84.xml_Act_number;Paris_AN_JJ_inventaire_JJ84.xml_Head;Paris_AN_JJ_inventaire_JJ84.xml_Locus;Paris_AN_JJ_inventaire_JJ84.xml_File
JJ84;1;;1r;Paris_AN_JJ_inventaire_JJ84.xml
JJ84;2;;1v;Paris_AN_JJ_inventaire_JJ84.xml
JJ84;3;;1v;Paris_AN_JJ_inventaire_JJ84.xml
JJ84;4;;2r;Paris_AN_JJ_inventaire_JJ84.xml
JJ84;5;;2r;Paris_AN_JJ_inventaire_JJ84.xml
JJ84;6;;5r;Paris_AN_JJ_inventaire_JJ84.xml
JJ84;7;;6r;Paris_AN_JJ_inventaire_JJ84.xml
JJ84;8;;6v;Paris_AN_JJ_inventaire_JJ84.xml
JJ84;9;;7v;Paris_AN_JJ_inventaire_JJ84.xml
JJ84;10;;8r;Paris_AN_JJ_inventaire_JJ84.xml
JJ84;11;;8v;Paris_AN_JJ_inventaire_JJ84.xml
JJ84;12;;9r;Paris_AN_JJ_inventaire_JJ84.xml
JJ84;13;;11v;Paris_AN_JJ_inventaire_JJ84.xml
JJ84;14;;12r;Paris_AN_JJ_inventaire_JJ84.xml
JJ84;15;;12v;Paris_AN_JJ_inventaire_JJ84.xml
JJ84;16;;13r;Paris_AN_JJ_inventaire_JJ84.xml
JJ84;17;;13v;Paris_AN_JJ_inventaire_JJ84.xml
JJ84;18;;14v;Paris_AN_JJ_inventaire_JJ84.xml
JJ84;19;;15r;Paris_AN_JJ_inventaire_JJ84.xml
JJ84;20;;15v;Paris_AN_JJ_inventaire_JJ84.xml
JJ84;20bis;;15v;Paris_AN_JJ_inventaire_JJ84.xml
JJ84;21;;16v;Paris_AN_JJ_inventaire_JJ84.xml
JJ84;22;;17r;Paris_AN_JJ_inventaire_JJ84.xml
JJ84;23;;18v;Paris_AN_JJ_inventaire_JJ84.xml
JJ84;24;;19r;Paris_AN_JJ_inventaire_JJ84.xml
JJ84;25;;19v;Paris_AN_JJ_inventaire_JJ84.xml
JJ84;26;;20r;Paris_AN_JJ_inventaire_JJ84.xml
JJ84;27;;20v;Paris_AN_JJ_inventaire_JJ84.xml
JJ84;28;;20v;Paris_AN_JJ_inventaire_JJ84.xml
JJ84;29;;21r;Paris_AN_JJ_inventaire_JJ84.xml
JJ84;30;;23r;Paris_AN_JJ_inventaire_JJ84.xml
JJ84;31;;24v;Paris_AN_JJ_inventaire_JJ84.xml
JJ84;32;;25r;Paris_AN_JJ_inventaire_JJ84.xml
JJ84;33;;29r;Paris_AN_JJ_inventaire_JJ84.xml
JJ84;34;;29v;Paris_AN_JJ_inventaire_JJ84.xml
JJ84;35;;29v;Paris_AN_JJ_inventaire_JJ84.xml
JJ84;36;;30r;Paris_AN_JJ_inventaire_JJ84.xml
JJ84;37;;30r;Paris_AN_JJ_inventaire_JJ84.xml
JJ84;38;;30v;Paris_AN_JJ_inventaire_JJ84.xml
JJ84;39;;31r;Paris_AN_JJ_inventaire_JJ84.xml
JJ84;40;;31v;Paris_AN_JJ_inventaire_JJ84.xml
JJ84;41;;31v;Paris_AN_JJ_inventaire_JJ84.xml
JJ84;42;;32r;Paris_AN_JJ_inventaire_JJ84.xml
JJ84;43;;32r;Paris_AN_JJ_inventaire_JJ84.xml
JJ84;44;;32v;Paris_AN_JJ_inventaire_JJ84.xml
JJ84;45;;33r;Paris_AN_JJ_inventaire_JJ84.xml
JJ84;46;;33r;Paris_AN_JJ_inventaire_JJ84.xml
JJ84;47;;33v;Paris_AN_JJ_inventaire_JJ84.xml
JJ84;48;;34r;Paris_AN_JJ_inventaire_JJ84.xml
JJ84;49;;34r;Paris_AN_JJ_inventaire_JJ84.xml
JJ84;50;;34v;Paris_AN_JJ_inventaire_JJ84.xml
JJ84;51;;35r;Paris_AN_JJ_inventaire_JJ84.xml
JJ84;52;;35v;Paris_AN_JJ_inventaire_JJ84.xml
JJ84;53;;36r;Paris_AN_JJ_inventaire_JJ84.xml
JJ84;55;;36v;Paris_AN_JJ_inventaire_JJ84.xml
JJ84;56;;36v;Paris_AN_JJ_inventaire_JJ84.xml
JJ84;57;;37r;Paris_AN_JJ_inventaire_JJ84.xml
JJ84;58;;37r;Paris_AN_JJ_inventaire_JJ84.xml
JJ84;59;;37v;Paris_AN_JJ_inventaire_JJ84.xml
JJ84;60;;38r;Paris_AN_JJ_inventaire_JJ84.xml
JJ84;60bis;;38r;Paris_AN_JJ_inventaire_JJ84.xml
JJ84;61;;38v;Paris_AN_JJ_inventaire_JJ84.xml
JJ84;62;;39r;Paris_AN_JJ_inventaire_JJ84.xml
JJ84;63;;39r;Paris_AN_JJ_inventaire_JJ84.xml
JJ84;64;;40r;Paris_AN_JJ_inventaire_JJ84.xml
JJ84;65;;41r;Paris_AN_JJ_inventaire_JJ84.xml
JJ84;66;;41v;Paris_AN_JJ_inventaire_JJ84.xml
JJ84;67;;41v;Paris_AN_JJ_inventaire_JJ84.xml
JJ84;68;;42r;Paris_AN_JJ_inventaire_JJ84.xml
JJ84;69;;42r;Paris_AN_JJ_inventaire_JJ84.xml
JJ84;70;;42v;Paris_AN_JJ_inventaire_JJ84.xml
JJ84;71;;43r;Paris_AN_JJ_inventaire_JJ84.xml
JJ84;73;;44v;Paris_AN_JJ_inventaire_JJ84.xml
JJ84;74;;45r;Paris_AN_JJ_inventaire_JJ84.xml
JJ84;75;;45r;Paris_AN_JJ_inventaire_JJ84.xml
JJ84;76;;45v;Paris_AN_JJ_inventaire_JJ84.xml
JJ84;77;;46r;Paris_AN_JJ_inventaire_JJ84.xml
JJ84;78;;46v;Paris_AN_JJ_inventaire_JJ84.xml
JJ84;79;;46v;Paris_AN_JJ_inventaire_JJ84.xml
JJ84;80;;47r;Paris_AN_JJ_inventaire_JJ84.xml
JJ84;81;;47r;Paris_AN_JJ_inventaire_JJ84.xml
JJ84;82;;47v;Paris_AN_JJ_inventaire_JJ84.xml
JJ84;83;;47v;Paris_AN_JJ_inventaire_JJ84.xml
JJ84;84;;48r;Paris_AN_JJ_inventaire_JJ84.xml
JJ84;85;;48v;Paris_AN_JJ_inventaire_JJ84.xml
JJ84;86;;48v;Paris_AN_JJ_inventaire_JJ84.xml
JJ84;87;;49r;Paris_AN_JJ_inventaire_JJ84.xml
JJ84;88;;55v;Paris_AN_JJ_inventaire_JJ84.xml
JJ84;89;;56r;Paris_AN_JJ_inventaire_JJ84.xml
JJ84;90;;58r;Paris_AN_JJ_inventaire_JJ84.xml
JJ84;91;;58v;Paris_AN_JJ_inventaire_JJ84.xml
JJ84;92;;59r;Paris_AN_JJ_inventaire_JJ84.xml
JJ84;93;;59r;Paris_AN_JJ_inventaire_JJ84.xml
JJ84;94;;59v;Paris_AN_JJ_inventaire_JJ84.xml
JJ84;95;;59v;Paris_AN_JJ_inventaire_JJ84.xml
JJ84;96;;60v;Paris_AN_JJ_inventaire_JJ84.xml
JJ84;97;;60r;Paris_AN_JJ_inventaire_JJ84.xml
JJ84;98;;60v;Paris_AN_JJ_inventaire_JJ84.xml
JJ84;99;;61r;Paris_AN_JJ_inventaire_JJ84.xml
JJ84;100;;61r;Paris_AN_JJ_inventaire_JJ84.xml
JJ84;101;;61v;Paris_AN_JJ_inventaire_JJ84.xml
JJ84;102;;61v;Paris_AN_JJ_inventaire_JJ84.xml
JJ84;103;;62r;Paris_AN_JJ_inventaire_JJ84.xml
JJ84;104;;62r;Paris_AN_JJ_inventaire_JJ84.xml
JJ84;105;;62v;Paris_AN_JJ_inventaire_JJ84.xml
JJ84;106;;63r;Paris_AN_JJ_inventaire_JJ84.xml
JJ84;107;;63r;Paris_AN_JJ_inventaire_JJ84.xml
JJ84;108;;65r;Paris_AN_JJ_inventaire_JJ84.xml
JJ84;109;;65v;Paris_AN_JJ_inventaire_JJ84.xml
JJ84;110;;65v;Paris_AN_JJ_inventaire_JJ84.xml
JJ84;111;;66r;Paris_AN_JJ_inventaire_JJ84.xml
JJ84;112;;66v;Paris_AN_JJ_inventaire_JJ84.xml
JJ84;113;;66v;Paris_AN_JJ_inventaire_JJ84.xml
JJ84;114;;67r;Paris_AN_JJ_inventaire_JJ84.xml
JJ84;116;;67r;Paris_AN_JJ_inventaire_JJ84.xml
JJ84;116;;67v;Paris_AN_JJ_inventaire_JJ84.xml
JJ84;117;;67r;Paris_AN_JJ_inventaire_JJ84.xml
JJ84;118;;69r;Paris_AN_JJ_inventaire_JJ84.xml
JJ84;419;;69r;Paris_AN_JJ_inventaire_JJ84.xml
JJ84;120;;69v;Paris_AN_JJ_inventaire_JJ84.xml
JJ84;121;;69v;Paris_AN_JJ_inventaire_JJ84.xml
JJ84;122;;70r;Paris_AN_JJ_inventaire_JJ84.xml
JJ84;123;;70v;Paris_AN_JJ_inventaire_JJ84.xml
JJ84;124;;70v;Paris_AN_JJ_inventaire_JJ84.xml
JJ84;125;;71r;Paris_AN_JJ_inventaire_JJ84.xml
JJ84;126;;71v;Paris_AN_JJ_inventaire_JJ84.xml
JJ84;127;;72r;Paris_AN_JJ_inventaire_JJ84.xml
JJ84;128;;72r;Paris_AN_JJ_inventaire_JJ84.xml
JJ84;129;;72v;Paris_AN_JJ_inventaire_JJ84.xml
JJ84;130;;72v;Paris_AN_JJ_inventaire_JJ84.xml
JJ84;131;;72v;Paris_AN_JJ_inventaire_JJ84.xml
JJ84;132;;73r;Paris_AN_JJ_inventaire_JJ84.xml
JJ84;133;;75r;Paris_AN_JJ_inventaire_JJ84.xml
JJ84;134;;76r;Paris_AN_JJ_inventaire_JJ84.xml
JJ84;135;;78r;Paris_AN_JJ_inventaire_JJ84.xml
JJ84;136;;73r;Paris_AN_JJ_inventaire_JJ84.xml
JJ84;137;;78v;Paris_AN_JJ_inventaire_JJ84.xml
JJ84;138;;78v;Paris_AN_JJ_inventaire_JJ84.xml
JJ84;139;;83r;Paris_AN_JJ_inventaire_JJ84.xml
JJ84;140;;83r;Paris_AN_JJ_inventaire_JJ84.xml
JJ84;141;;85r;Paris_AN_JJ_inventaire_JJ84.xml
JJ84;142;;85r;Paris_AN_JJ_inventaire_JJ84.xml
JJ84;143;;85v;Paris_AN_JJ_inventaire_JJ84.xml
JJ84;144;;86r;Paris_AN_JJ_inventaire_JJ84.xml
JJ84;145;;87r;Paris_AN_JJ_inventaire_JJ84.xml
JJ84;146;;87v;Paris_AN_JJ_inventaire_JJ84.xml
JJ84;147;;88r;Paris_AN_JJ_inventaire_JJ84.xml
JJ84;149;;88v;Paris_AN_JJ_inventaire_JJ84.xml
JJ84;150;;88v;Paris_AN_JJ_inventaire_JJ84.xml
JJ84;151;;89r;Paris_AN_JJ_inventaire_JJ84.xml
JJ84;152;;81r;Paris_AN_JJ_inventaire_JJ84.xml
JJ84;153;;91r;Paris_AN_JJ_inventaire_JJ84.xml
JJ84;154;;92r;Paris_AN_JJ_inventaire_JJ84.xml
JJ84;155;;92r;Paris_AN_JJ_inventaire_JJ84.xml
JJ84;156;;92v;Paris_AN_JJ_inventaire_JJ84.xml
JJ84;157;;93r;Paris_AN_JJ_inventaire_JJ84.xml
JJ84;158;;93r;Paris_AN_JJ_inventaire_JJ84.xml
JJ84;159;;94r;Paris_AN_JJ_inventaire_JJ84.xml
JJ84;160;;94r;Paris_AN_JJ_inventaire_JJ84.xml
JJ84;161;;94r;Paris_AN_JJ_inventaire_JJ84.xml
JJ84;162;;94v;Paris_AN_JJ_inventaire_JJ84.xml
JJ84;163;;95r;Paris_AN_JJ_inventaire_JJ84.xml
JJ84;164;;95v;Paris_AN_JJ_inventaire_JJ84.xml
JJ84;165;;96r;Paris_AN_JJ_inventaire_JJ84.xml
JJ84;166;;96r;Paris_AN_JJ_inventaire_JJ84.xml
JJ84;167;;96v;Paris_AN_JJ_inventaire_JJ84.xml
JJ84;168;;96v;Paris_AN_JJ_inventaire_JJ84.xml
JJ84;169;;97r;Paris_AN_JJ_inventaire_JJ84.xml
JJ84;170;;97r;Paris_AN_JJ_inventaire_JJ84.xml
JJ84;171;;87v;Paris_AN_JJ_inventaire_JJ84.xml
JJ84;172;;98r;Paris_AN_JJ_inventaire_JJ84.xml
JJ84;173;;98v;Paris_AN_JJ_inventaire_JJ84.xml
JJ84;174;;99r;Paris_AN_JJ_inventaire_JJ84.xml
JJ84;175;;99v;Paris_AN_JJ_inventaire_JJ84.xml
JJ84;176;;100v;Paris_AN_JJ_inventaire_JJ84.xml
JJ84;177;;101r;Paris_AN_JJ_inventaire_JJ84.xml
JJ84;178;;101r;Paris_AN_JJ_inventaire_JJ84.xml
JJ84;179;;101v;Paris_AN_JJ_inventaire_JJ84.xml
JJ84;180;;103r;Paris_AN_JJ_inventaire_JJ84.xml
JJ84;181;;103v;Paris_AN_JJ_inventaire_JJ84.xml
JJ84;182;;104v;Paris_AN_JJ_inventaire_JJ84.xml
JJ84;183;;105r;Paris_AN_JJ_inventaire_JJ84.xml
JJ84;184;;106r;Paris_AN_JJ_inventaire_JJ84.xml
JJ84;185;;106v;Paris_AN_JJ_inventaire_JJ84.xml
JJ84;186;;107r;Paris_AN_JJ_inventaire_JJ84.xml
JJ84;187;;107r;Paris_AN_JJ_inventaire_JJ84.xml
JJ84;189;;107v;Paris_AN_JJ_inventaire_JJ84.xml
JJ84;190;;108r;Paris_AN_JJ_inventaire_JJ84.xml
JJ84;191;;108v;Paris_AN_JJ_inventaire_JJ84.xml
JJ84;192;;109r;Paris_AN_JJ_inventaire_JJ84.xml
JJ84;193;;109r;Paris_AN_JJ_inventaire_JJ84.xml
JJ84;194;;109v;Paris_AN_JJ_inventaire_JJ84.xml
JJ84;195;;110r;Paris_AN_JJ_inventaire_JJ84.xml
JJ84;196;;110v;Paris_AN_JJ_inventaire_JJ84.xml
JJ84;197;;111r;Paris_AN_JJ_inventaire_JJ84.xml
JJ84;198;;111v;Paris_AN_JJ_inventaire_JJ84.xml
JJ84;199;;114r;Paris_AN_JJ_inventaire_JJ84.xml
JJ84;200;;114v;Paris_AN_JJ_inventaire_JJ84.xml
JJ84;201;;114v;Paris_AN_JJ_inventaire_JJ84.xml
JJ84;202;;115r;Paris_AN_JJ_inventaire_JJ84.xml
JJ84;203;;115v;Paris_AN_JJ_inventaire_JJ84.xml
JJ84;204;;116r;Paris_AN_JJ_inventaire_JJ84.xml
JJ84;205;;116v;Paris_AN_JJ_inventaire_JJ84.xml
JJ84;206;;116v;Paris_AN_JJ_inventaire_JJ84.xml
JJ84;207;;116v;Paris_AN_JJ_inventaire_JJ84.xml
JJ84;208;;117r;Paris_AN_JJ_inventaire_JJ84.xml
JJ84;209;;117v;Paris_AN_JJ_inventaire_JJ84.xml
JJ84;210;;118r;Paris_AN_JJ_inventaire_JJ84.xml
JJ84;211;;118r;Paris_AN_JJ_inventaire_JJ84.xml
JJ84;212;;118v;Paris_AN_JJ_inventaire_JJ84.xml
JJ84;213;;118v;Paris_AN_JJ_inventaire_JJ84.xml
JJ84;214;;119r;Paris_AN_JJ_inventaire_JJ84.xml
JJ84;215;;119v;Paris_AN_JJ_inventaire_JJ84.xml
JJ84;216;;119v;Paris_AN_JJ_inventaire_JJ84.xml
JJ84;217;;120r;Paris_AN_JJ_inventaire_JJ84.xml
JJ84;218;;121r;Paris_AN_JJ_inventaire_JJ84.xml
JJ84;220;;122r;Paris_AN_JJ_inventaire_JJ84.xml
JJ84;221;;122v;Paris_AN_JJ_inventaire_JJ84.xml
JJ84;222;;123r;Paris_AN_JJ_inventaire_JJ84.xml
JJ84;223;;124r;Paris_AN_JJ_inventaire_JJ84.xml
JJ84;223bis;;125r;Paris_AN_JJ_inventaire_JJ84.xml
JJ84;224;;125v;Paris_AN_JJ_inventaire_JJ84.xml
JJ84;225;;126r;Paris_AN_JJ_inventaire_JJ84.xml
JJ84;226;;126v;Paris_AN_JJ_inventaire_JJ84.xml
JJ84;227;;127v;Paris_AN_JJ_inventaire_JJ84.xml
JJ84;228;;128r;Paris_AN_JJ_inventaire_JJ84.xml
JJ84;229;;128v;Paris_AN_JJ_inventaire_JJ84.xml
JJ84;230;;129r;Paris_AN_JJ_inventaire_JJ84.xml
JJ84;131;;129r;Paris_AN_JJ_inventaire_JJ84.xml
JJ84;232;;129v;Paris_AN_JJ_inventaire_JJ84.xml
JJ84;233;;130r;Paris_AN_JJ_inventaire_JJ84.xml
JJ84;234;;130r;Paris_AN_JJ_inventaire_JJ84.xml
JJ84;235;;130v;Paris_AN_JJ_inventaire_JJ84.xml
JJ84;236;;130v;Paris_AN_JJ_inventaire_JJ84.xml
JJ84;237;;131r;Paris_AN_JJ_inventaire_JJ84.xml
JJ84;238;;131v;Paris_AN_JJ_inventaire_JJ84.xml
JJ84;239;;131v;Paris_AN_JJ_inventaire_JJ84.xml
JJ84;240;;132r;Paris_AN_JJ_inventaire_JJ84.xml
JJ84;241;;132v;Paris_AN_JJ_inventaire_JJ84.xml
JJ84;242;;133r;Paris_AN_JJ_inventaire_JJ84.xml
JJ84;243;;133r;Paris_AN_JJ_inventaire_JJ84.xml
JJ84;244;;133v;Paris_AN_JJ_inventaire_JJ84.xml
JJ84;245;;133v;Paris_AN_JJ_inventaire_JJ84.xml
JJ84;246;;134r;Paris_AN_JJ_inventaire_JJ84.xml
JJ84;247;;134v;Paris_AN_JJ_inventaire_JJ84.xml
JJ84;247bis;;135r;Paris_AN_JJ_inventaire_JJ84.xml
JJ84;248;;135r;Paris_AN_JJ_inventaire_JJ84.xml
JJ84;249;;139r;Paris_AN_JJ_inventaire_JJ84.xml
JJ84;250;;139v;Paris_AN_JJ_inventaire_JJ84.xml
JJ84;251;;139v;Paris_AN_JJ_inventaire_JJ84.xml
JJ84;252;;140r;Paris_AN_JJ_inventaire_JJ84.xml
JJ84;253;;140r;Paris_AN_JJ_inventaire_JJ84.xml
JJ84;254;;140v;Paris_AN_JJ_inventaire_JJ84.xml
JJ84;255;;141v;Paris_AN_JJ_inventaire_JJ84.xml
JJ84;256;;142r;Paris_AN_JJ_inventaire_JJ84.xml
JJ84;257;;142v;Paris_AN_JJ_inventaire_JJ84.xml
JJ84;258;;143r;Paris_AN_JJ_inventaire_JJ84.xml
JJ84;259;;143r;Paris_AN_JJ_inventaire_JJ84.xml
JJ84;260;;143v;Paris_AN_JJ_inventaire_JJ84.xml
JJ84;261;;143v;Paris_AN_JJ_inventaire_JJ84.xml
JJ84;262;;144r;Paris_AN_JJ_inventaire_JJ84.xml
JJ84;263;;144v;Paris_AN_JJ_inventaire_JJ84.xml
JJ84;264;;145r;Paris_AN_JJ_inventaire_JJ84.xml
JJ84;265;;145r;Paris_AN_JJ_inventaire_JJ84.xml
JJ84;266;;145v;Paris_AN_JJ_inventaire_JJ84.xml
JJ84;267;;146r;Paris_AN_JJ_inventaire_JJ84.xml
JJ84;268;;146r;Paris_AN_JJ_inventaire_JJ84.xml
JJ84;269;;147r;Paris_AN_JJ_inventaire_JJ84.xml
JJ84;269bis;;148r;Paris_AN_JJ_inventaire_JJ84.xml
JJ84;270;;148r;Paris_AN_JJ_inventaire_JJ84.xml
JJ84;271;;149r;Paris_AN_JJ_inventaire_JJ84.xml
JJ84;272;;149r;Paris_AN_JJ_inventaire_JJ84.xml
JJ84;273;;149v;Paris_AN_JJ_inventaire_JJ84.xml
JJ84;274;;150r;Paris_AN_JJ_inventaire_JJ84.xml
JJ84;275;;150r;Paris_AN_JJ_inventaire_JJ84.xml
JJ84;276;;150v;Paris_AN_JJ_inventaire_JJ84.xml
JJ84;277;;151r;Paris_AN_JJ_inventaire_JJ84.xml
JJ84;278;;152r;Paris_AN_JJ_inventaire_JJ84.xml
JJ84;279;;151r;Paris_AN_JJ_inventaire_JJ84.xml
JJ84;280;;152v;Paris_AN_JJ_inventaire_JJ84.xml
JJ84;281;;153r;Paris_AN_JJ_inventaire_JJ84.xml
JJ84;282;;153r;Paris_AN_JJ_inventaire_JJ84.xml
JJ84;283;;154r;Paris_AN_JJ_inventaire_JJ84.xml
JJ84;284;;154v;Paris_AN_JJ_inventaire_JJ84.xml
JJ84;285;;155r;Paris_AN_JJ_inventaire_JJ84.xml
JJ84;296;;155v;Paris_AN_JJ_inventaire_JJ84.xml
JJ84;297;;155v;Paris_AN_JJ_inventaire_JJ84.xml
JJ84;298;;155v;Paris_AN_JJ_inventaire_JJ84.xml
JJ84;299;;156r;Paris_AN_JJ_inventaire_JJ84.xml
JJ84;300;;156r;Paris_AN_JJ_inventaire_JJ84.xml
JJ84;301;;156v;Paris_AN_JJ_inventaire_JJ84.xml
JJ84;302;;157r;Paris_AN_JJ_inventaire_JJ84.xml
JJ84;303;;158r;Paris_AN_JJ_inventaire_JJ84.xml
JJ84;304;;159r;Paris_AN_JJ_inventaire_JJ84.xml
JJ84;305;;160r;Paris_AN_JJ_inventaire_JJ84.xml
JJ84;306;;160r;Paris_AN_JJ_inventaire_JJ84.xml
JJ84;307;;161r;Paris_AN_JJ_inventaire_JJ84.xml
JJ84;308;;161r;Paris_AN_JJ_inventaire_JJ84.xml
JJ84;309;;161v;Paris_AN_JJ_inventaire_JJ84.xml
JJ84;310;;162r;Paris_AN_JJ_inventaire_JJ84.xml
JJ84;311;;162v;Paris_AN_JJ_inventaire_JJ84.xml
JJ84;312;;163r;Paris_AN_JJ_inventaire_JJ84.xml
JJ84;313;;163v;Paris_AN_JJ_inventaire_JJ84.xml
JJ84;314;;164r;Paris_AN_JJ_inventaire_JJ84.xml
JJ84;315;;164r;Paris_AN_JJ_inventaire_JJ84.xml
JJ84;316;;164v;Paris_AN_JJ_inventaire_JJ84.xml
JJ84;317;;165r;Paris_AN_JJ_inventaire_JJ84.xml
JJ84;317bis;;165r;Paris_AN_JJ_inventaire_JJ84.xml
JJ84;318;;165v;Paris_AN_JJ_inventaire_JJ84.xml
JJ84;319;;165v;Paris_AN_JJ_inventaire_JJ84.xml
JJ84;320;;166r;Paris_AN_JJ_inventaire_JJ84.xml
JJ84;322;;166v;Paris_AN_JJ_inventaire_JJ84.xml
JJ84;323;;167r;Paris_AN_JJ_inventaire_JJ84.xml
JJ84;324;;167v;Paris_AN_JJ_inventaire_JJ84.xml
JJ84;329;;167v;Paris_AN_JJ_inventaire_JJ84.xml
JJ84;326;;168r;Paris_AN_JJ_inventaire_JJ84.xml
JJ84;327;;168v;Paris_AN_JJ_inventaire_JJ84.xml
JJ84;328;;169r;Paris_AN_JJ_inventaire_JJ84.xml
JJ84;329;;170r;Paris_AN_JJ_inventaire_JJ84.xml
JJ84;330;;170v;Paris_AN_JJ_inventaire_JJ84.xml
JJ84;331;;170v;Paris_AN_JJ_inventaire_JJ84.xml
JJ84;332;;171v;Paris_AN_JJ_inventaire_JJ84.xml
JJ84;333;;171v;Paris_AN_JJ_inventaire_JJ84.xml
JJ84;334;;172r;Paris_AN_JJ_inventaire_JJ84.xml
JJ84;335;;173r;Paris_AN_JJ_inventaire_JJ84.xml
JJ84;336;;173v;Paris_AN_JJ_inventaire_JJ84.xml
JJ84;337;;175r;Paris_AN_JJ_inventaire_JJ84.xml
JJ84;338;;175r;Paris_AN_JJ_inventaire_JJ84.xml
JJ84;339;;175v;Paris_AN_JJ_inventaire_JJ84.xml
JJ84;340;;175v;Paris_AN_JJ_inventaire_JJ84.xml
JJ84;341;;176r;Paris_AN_JJ_inventaire_JJ84.xml
JJ84;343;;178r;Paris_AN_JJ_inventaire_JJ84.xml
JJ84;344;;178v;Paris_AN_JJ_inventaire_JJ84.xml
JJ84;345;;179r;Paris_AN_JJ_inventaire_JJ84.xml
JJ84;346;;180r;Paris_AN_JJ_inventaire_JJ84.xml
JJ84;347;;180r;Paris_AN_JJ_inventaire_JJ84.xml
JJ84;348;;180v;Paris_AN_JJ_inventaire_JJ84.xml
JJ84;349;;181r;Paris_AN_JJ_inventaire_JJ84.xml
JJ84;350;;181r;Paris_AN_JJ_inventaire_JJ84.xml
JJ84;351;;181v;Paris_AN_JJ_inventaire_JJ84.xml
JJ84;352;;181v;Paris_AN_JJ_inventaire_JJ84.xml
JJ84;353;;182r;Paris_AN_JJ_inventaire_JJ84.xml
JJ84;354;;182v;Paris_AN_JJ_inventaire_JJ84.xml
JJ84;355;;183r;Paris_AN_JJ_inventaire_JJ84.xml
JJ84;356;;183v;Paris_AN_JJ_inventaire_JJ84.xml
JJ84;357;;183v;Paris_AN_JJ_inventaire_JJ84.xml
JJ84;358;;184r;Paris_AN_JJ_inventaire_JJ84.xml
JJ84;359;;184v;Paris_AN_JJ_inventaire_JJ84.xml
JJ84;360;;185r;Paris_AN_JJ_inventaire_JJ84.xml
JJ84;361;;185v;Paris_AN_JJ_inventaire_JJ84.xml
JJ84;362;;185v;Paris_AN_JJ_inventaire_JJ84.xml
JJ84;363;;186r;Paris_AN_JJ_inventaire_JJ84.xml
JJ84;364;;186v;Paris_AN_JJ_inventaire_JJ84.xml
JJ84;365;;187r;Paris_AN_JJ_inventaire_JJ84.xml
JJ84;36;;187v;Paris_AN_JJ_inventaire_JJ84.xml
JJ84;367;;187v;Paris_AN_JJ_inventaire_JJ84.xml
JJ84;368;;188r;Paris_AN_JJ_inventaire_JJ84.xml
JJ84;369;;188v;Paris_AN_JJ_inventaire_JJ84.xml
JJ84;370;;188v;Paris_AN_JJ_inventaire_JJ84.xml
JJ84;371;;189r;Paris_AN_JJ_inventaire_JJ84.xml
JJ84;372;;189v;Paris_AN_JJ_inventaire_JJ84.xml
JJ84;372bis;;190r;Paris_AN_JJ_inventaire_JJ84.xml
JJ84;373;;190r;Paris_AN_JJ_inventaire_JJ84.xml
JJ84;374;;190v;Paris_AN_JJ_inventaire_JJ84.xml
JJ84;375;;192r;Paris_AN_JJ_inventaire_JJ84.xml
JJ84;376;;192v;Paris_AN_JJ_inventaire_JJ84.xml
JJ84;37;;192v;Paris_AN_JJ_inventaire_JJ84.xml
JJ84;378;;193r;Paris_AN_JJ_inventaire_JJ84.xml
JJ84;379;;193r;Paris_AN_JJ_inventaire_JJ84.xml
JJ84;380;;195r;Paris_AN_JJ_inventaire_JJ84.xml
JJ84;381;;196v;Paris_AN_JJ_inventaire_JJ84.xml
JJ84;382;;196v;Paris_AN_JJ_inventaire_JJ84.xml
JJ84;383;;197r;Paris_AN_JJ_inventaire_JJ84.xml
JJ84;384;;197v;Paris_AN_JJ_inventaire_JJ84.xml
JJ84;385;;198r;Paris_AN_JJ_inventaire_JJ84.xml
JJ84;386;;198v;Paris_AN_JJ_inventaire_JJ84.xml
JJ84;387;;199v;Paris_AN_JJ_inventaire_JJ84.xml
JJ84;388;;200v;Paris_AN_JJ_inventaire_JJ84.xml
JJ84;389;;202v;Paris_AN_JJ_inventaire_JJ84.xml
JJ84;390;;205r;Paris_AN_JJ_inventaire_JJ84.xml
JJ84;39;;205r;Paris_AN_JJ_inventaire_JJ84.xml
JJ84;392;;205v;Paris_AN_JJ_inventaire_JJ84.xml
JJ84;393;;207r;Paris_AN_JJ_inventaire_JJ84.xml
JJ84;394;;208r;Paris_AN_JJ_inventaire_JJ84.xml
JJ84;395;;208v;Paris_AN_JJ_inventaire_JJ84.xml
JJ84;396;;209r;Paris_AN_JJ_inventaire_JJ84.xml
JJ84;397;;209r;Paris_AN_JJ_inventaire_JJ84.xml
JJ84;398;;209v;Paris_AN_JJ_inventaire_JJ84.xml
JJ84;399;;210r;Paris_AN_JJ_inventaire_JJ84.xml
JJ84;400;;210r;Paris_AN_JJ_inventaire_JJ84.xml
JJ84;401;;213v;Paris_AN_JJ_inventaire_JJ84.xml
JJ84;402;;214v;Paris_AN_JJ_inventaire_JJ84.xml
JJ84;403;;215r;Paris_AN_JJ_inventaire_JJ84.xml
JJ84;404;;215r;Paris_AN_JJ_inventaire_JJ84.xml
JJ84;405;;216r;Paris_AN_JJ_inventaire_JJ84.xml
JJ84;406;;216r;Paris_AN_JJ_inventaire_JJ84.xml
JJ84;407;;216v;Paris_AN_JJ_inventaire_JJ84.xml
JJ84;408;;217r;Paris_AN_JJ_inventaire_JJ84.xml
JJ84;409;;217r;Paris_AN_JJ_inventaire_JJ84.xml
JJ84;410;;217v;Paris_AN_JJ_inventaire_JJ84.xml
JJ84;411;;217v;Paris_AN_JJ_inventaire_JJ84.xml
JJ84;412;;218r;Paris_AN_JJ_inventaire_JJ84.xml
JJ84;413;;218r;Paris_AN_JJ_inventaire_JJ84.xml
JJ84;414;;218v;Paris_AN_JJ_inventaire_JJ84.xml
JJ84;915;;219r;Paris_AN_JJ_inventaire_JJ84.xml
JJ84;416;;219v;Paris_AN_JJ_inventaire_JJ84.xml
JJ84;417;;219v;Paris_AN_JJ_inventaire_JJ84.xml
JJ84;418;;220v;Paris_AN_JJ_inventaire_JJ84.xml
JJ84;419;;220v;Paris_AN_JJ_inventaire_JJ84.xml
JJ84;420;;221r;Paris_AN_JJ_inventaire_JJ84.xml
JJ84;421;;221v;Paris_AN_JJ_inventaire_JJ84.xml
JJ84;422;;221v;Paris_AN_JJ_inventaire_JJ84.xml
JJ84;423;;222v;Paris_AN_JJ_inventaire_JJ84.xml
JJ84;424;;223r;Paris_AN_JJ_inventaire_JJ84.xml
JJ84;425;;223v;Paris_AN_JJ_inventaire_JJ84.xml
JJ84;426;;224r;Paris_AN_JJ_inventaire_JJ84.xml
JJ84;427;;224r;Paris_AN_JJ_inventaire_JJ84.xml
JJ84;428;;224v;Paris_AN_JJ_inventaire_JJ84.xml
JJ84;429;;225r;Paris_AN_JJ_inventaire_JJ84.xml
JJ84;430;;225r;Paris_AN_JJ_inventaire_JJ84.xml
JJ84;431;;225v;Paris_AN_JJ_inventaire_JJ84.xml
JJ84;432;;225v;Paris_AN_JJ_inventaire_JJ84.xml
JJ84;433;;226r;Paris_AN_JJ_inventaire_JJ84.xml
JJ84;434;;226v;Paris_AN_JJ_inventaire_JJ84.xml
JJ84;435;;227r;Paris_AN_JJ_inventaire_JJ84.xml
JJ84;435bis;;227v;Paris_AN_JJ_inventaire_JJ84.xml
JJ84;436;;227v;Paris_AN_JJ_inventaire_JJ84.xml
JJ84;4137;;228r;Paris_AN_JJ_inventaire_JJ84.xml
JJ84;438;;228v;Paris_AN_JJ_inventaire_JJ84.xml
JJ84;439;;228v;Paris_AN_JJ_inventaire_JJ84.xml
JJ84;440;;229r;Paris_AN_JJ_inventaire_JJ84.xml
JJ84;441;;229r;Paris_AN_JJ_inventaire_JJ84.xml
JJ84;442;;229v;Paris_AN_JJ_inventaire_JJ84.xml
JJ84;443;;230r;Paris_AN_JJ_inventaire_JJ84.xml
JJ84;444;;231r;Paris_AN_JJ_inventaire_JJ84.xml
JJ84;445;;231r;Paris_AN_JJ_inventaire_JJ84.xml
JJ84;446;;231v;Paris_AN_JJ_inventaire_JJ84.xml
JJ84;447;;232v;Paris_AN_JJ_inventaire_JJ84.xml
JJ84;448;;233r;Paris_AN_JJ_inventaire_JJ84.xml
JJ84;449;;233r;Paris_AN_JJ_inventaire_JJ84.xml
JJ84;450;;234r;Paris_AN_JJ_inventaire_JJ84.xml
JJ84;451;;234r;Paris_AN_JJ_inventaire_JJ84.xml
JJ84;452;;234v;Paris_AN_JJ_inventaire_JJ84.xml
JJ84;453;;234v;Paris_AN_JJ_inventaire_JJ84.xml
JJ84;454;;235r;Paris_AN_JJ_inventaire_JJ84.xml
JJ84;455;;235v;Paris_AN_JJ_inventaire_JJ84.xml
JJ84;456;;236v;Paris_AN_JJ_inventaire_JJ84.xml
JJ84;457;;237r;Paris_AN_JJ_inventaire_JJ84.xml
JJ84;458;;237r;Paris_AN_JJ_inventaire_JJ84.xml
JJ84;459;;238r;Paris_AN_JJ_inventaire_JJ84.xml
JJ84;460;;238r;Paris_AN_JJ_inventaire_JJ84.xml
JJ84;461;;238v;Paris_AN_JJ_inventaire_JJ84.xml
JJ84;462;;239r;Paris_AN_JJ_inventaire_JJ84.xml
JJ84;463;;239r;Paris_AN_JJ_inventaire_JJ84.xml
JJ84;464;;239v;Paris_AN_JJ_inventaire_JJ84.xml
JJ84;465;;240r;Paris_AN_JJ_inventaire_JJ84.xml
JJ84;466;;240r;Paris_AN_JJ_inventaire_JJ84.xml
JJ84;467;;240v;Paris_AN_JJ_inventaire_JJ84.xml
JJ84;468;;241r;Paris_AN_JJ_inventaire_JJ84.xml
JJ84;469;;241r;Paris_AN_JJ_inventaire_JJ84.xml
JJ84;470;;242r;Paris_AN_JJ_inventaire_JJ84.xml
JJ84;471;;242v;Paris_AN_JJ_inventaire_JJ84.xml
JJ84;472;;243r;Paris_AN_JJ_inventaire_JJ84.xml
JJ84;473;;243r;Paris_AN_JJ_inventaire_JJ84.xml
JJ84;474;;243v;Paris_AN_JJ_inventaire_JJ84.xml
JJ84;475;;244r;Paris_AN_JJ_inventaire_JJ84.xml
JJ84;476;;244v;Paris_AN_JJ_inventaire_JJ84.xml
JJ84;477;;245r;Paris_AN_JJ_inventaire_JJ84.xml
JJ84;478;;245v;Paris_AN_JJ_inventaire_JJ84.xml
JJ84;479;;246r;Paris_AN_JJ_inventaire_JJ84.xml
JJ84;480;;246v;Paris_AN_JJ_inventaire_JJ84.xml
JJ84;481;;247v;Paris_AN_JJ_inventaire_JJ84.xml
JJ84;482;;249r;Paris_AN_JJ_inventaire_JJ84.xml
JJ84;483;;249v;Paris_AN_JJ_inventaire_JJ84.xml
JJ84;484;;249v;Paris_AN_JJ_inventaire_JJ84.xml
JJ84;485;;250v;Paris_AN_JJ_inventaire_JJ84.xml
JJ84;486;;251r;Paris_AN_JJ_inventaire_JJ84.xml
JJ84;487;;252r;Paris_AN_JJ_inventaire_JJ84.xml
JJ84;488;;252r;Paris_AN_JJ_inventaire_JJ84.xml
JJ84;489;;252v;Paris_AN_JJ_inventaire_JJ84.xml
JJ84;490;;253r;Paris_AN_JJ_inventaire_JJ84.xml
JJ84;491;;255r;Paris_AN_JJ_inventaire_JJ84.xml
JJ84;492;;257v;Paris_AN_JJ_inventaire_JJ84.xml
JJ84;493;;258r;Paris_AN_JJ_inventaire_JJ84.xml
JJ84;494;;258r;Paris_AN_JJ_inventaire_JJ84.xml
JJ84;495;;258v;Paris_AN_JJ_inventaire_JJ84.xml
JJ84;496;;259r;Paris_AN_JJ_inventaire_JJ84.xml
JJ84;497;;260r;Paris_AN_JJ_inventaire_JJ84.xml
JJ84;498;;260r;Paris_AN_JJ_inventaire_JJ84.xml
JJ84;499;;261v;Paris_AN_JJ_inventaire_JJ84.xml
JJ84;500;;262r;Paris_AN_JJ_inventaire_JJ84.xml
JJ84;501;;262v;Paris_AN_JJ_inventaire_JJ84.xml
JJ84;502;;263r;Paris_AN_JJ_inventaire_JJ84.xml
JJ84;503;;264r;Paris_AN_JJ_inventaire_JJ84.xml
JJ84;504;;264v;Paris_AN_JJ_inventaire_JJ84.xml
JJ84;505;;264v;Paris_AN_JJ_inventaire_JJ84.xml
JJ84;506;;265r;Paris_AN_JJ_inventaire_JJ84.xml
JJ84;507;;265r;Paris_AN_JJ_inventaire_JJ84.xml
JJ84;508;;266v;Paris_AN_JJ_inventaire_JJ84.xml
JJ84;509;;266v;Paris_AN_JJ_inventaire_JJ84.xml
JJ84;510;;267r;Paris_AN_JJ_inventaire_JJ84.xml
JJ84;512;;268v;Paris_AN_JJ_inventaire_JJ84.xml
JJ84;513;;268v;Paris_AN_JJ_inventaire_JJ84.xml
JJ84;514;;269r;Paris_AN_JJ_inventaire_JJ84.xml
JJ84;515;;269r;Paris_AN_JJ_inventaire_JJ84.xml
JJ84;515bis;;269v;Paris_AN_JJ_inventaire_JJ84.xml
JJ84;516;;270r;Paris_AN_JJ_inventaire_JJ84.xml
JJ84;517;;270v;Paris_AN_JJ_inventaire_JJ84.xml
JJ84;518;;271r;Paris_AN_JJ_inventaire_JJ84.xml
JJ84;519;;271r;Paris_AN_JJ_inventaire_JJ84.xml
JJ84;520;;271v;Paris_AN_JJ_inventaire_JJ84.xml
JJ84;521;;271v;Paris_AN_JJ_inventaire_JJ84.xml
JJ84;522;;212v;Paris_AN_JJ_inventaire_JJ84.xml
JJ84;523;;273r;Paris_AN_JJ_inventaire_JJ84.xml
JJ84;527;;273v;Paris_AN_JJ_inventaire_JJ84.xml
JJ84;525;;273v;Paris_AN_JJ_inventaire_JJ84.xml
JJ84;326;;273v;Paris_AN_JJ_inventaire_JJ84.xml
JJ84;527;;274r;Paris_AN_JJ_inventaire_JJ84.xml
JJ84;328;;274v;Paris_AN_JJ_inventaire_JJ84.xml
JJ84;529;;275r;Paris_AN_JJ_inventaire_JJ84.xml
JJ84;530;;275v;Paris_AN_JJ_inventaire_JJ84.xml
JJ84;531;;276r;Paris_AN_JJ_inventaire_JJ84.xml
JJ84;532;;276r;Paris_AN_JJ_inventaire_JJ84.xml
JJ84;533;;276v;Paris_AN_JJ_inventaire_JJ84.xml
JJ84;535;;276v;Paris_AN_JJ_inventaire_JJ84.xml
JJ84;5354;;277r;Paris_AN_JJ_inventaire_JJ84.xml
JJ84;536;;279r;Paris_AN_JJ_inventaire_JJ84.xml
JJ84;537;;280v;Paris_AN_JJ_inventaire_JJ84.xml
JJ84;538;;281r;Paris_AN_JJ_inventaire_JJ84.xml
JJ84;539;;281v;Paris_AN_JJ_inventaire_JJ84.xml
JJ84;540;;282r;Paris_AN_JJ_inventaire_JJ84.xml
JJ84;541;;282r;Paris_AN_JJ_inventaire_JJ84.xml
JJ84;542;;282v;Paris_AN_JJ_inventaire_JJ84.xml
JJ84;543;;282v;Paris_AN_JJ_inventaire_JJ84.xml
JJ84;544;;283r;Paris_AN_JJ_inventaire_JJ84.xml
JJ84;545;;283r;Paris_AN_JJ_inventaire_JJ84.xml
JJ84;546;;283v;Paris_AN_JJ_inventaire_JJ84.xml
JJ84;547;;283v;Paris_AN_JJ_inventaire_JJ84.xml
JJ84;548;;284r;Paris_AN_JJ_inventaire_JJ84.xml
JJ84;589;;285v;Paris_AN_JJ_inventaire_JJ84.xml
JJ84;550;;286r;Paris_AN_JJ_inventaire_JJ84.xml
JJ84;551;;286v;Paris_AN_JJ_inventaire_JJ84.xml
JJ84;552;;287r;Paris_AN_JJ_inventaire_JJ84.xml
JJ84;553;;287v;Paris_AN_JJ_inventaire_JJ84.xml
JJ84;554;;288r;Paris_AN_JJ_inventaire_JJ84.xml
JJ84;555;;288r;Paris_AN_JJ_inventaire_JJ84.xml
JJ84;556;;288v;Paris_AN_JJ_inventaire_JJ84.xml
JJ84;557;;289r;Paris_AN_JJ_inventaire_JJ84.xml
JJ84;558;;289r;Paris_AN_JJ_inventaire_JJ84.xml
JJ84;559;;290r;Paris_AN_JJ_inventaire_JJ84.xml
JJ84;560;;290v;Paris_AN_JJ_inventaire_JJ84.xml
JJ84;561;;291r;Paris_AN_JJ_inventaire_JJ84.xml
JJ84;562;;291r;Paris_AN_JJ_inventaire_JJ84.xml
JJ84;563;;291v;Paris_AN_JJ_inventaire_JJ84.xml
JJ84;564;;292r;Paris_AN_JJ_inventaire_JJ84.xml
JJ84;565;;293r;Paris_AN_JJ_inventaire_JJ84.xml
JJ84;566;;293v;Paris_AN_JJ_inventaire_JJ84.xml
JJ84;567;;293v;Paris_AN_JJ_inventaire_JJ84.xml
JJ84;568;;294r;Paris_AN_JJ_inventaire_JJ84.xml
JJ84;569;;294v;Paris_AN_JJ_inventaire_JJ84.xml
JJ84;570;;294v;Paris_AN_JJ_inventaire_JJ84.xml
JJ84;571;;295r;Paris_AN_JJ_inventaire_JJ84.xml
JJ84;572;;295v;Paris_AN_JJ_inventaire_JJ84.xml
JJ84;573;;295v;Paris_AN_JJ_inventaire_JJ84.xml
JJ84;574;;296r;Paris_AN_JJ_inventaire_JJ84.xml
JJ84;575;;296r;Paris_AN_JJ_inventaire_JJ84.xml
JJ84;576;;296v;Paris_AN_JJ_inventaire_JJ84.xml
JJ84;577;;296v;Paris_AN_JJ_inventaire_JJ84.xml
JJ84;578;;297r;Paris_AN_JJ_inventaire_JJ84.xml
JJ84;579;;297v;Paris_AN_JJ_inventaire_JJ84.xml
JJ84;580;;297v;Paris_AN_JJ_inventaire_JJ84.xml
JJ84;581;;297v;Paris_AN_JJ_inventaire_JJ84.xml
JJ84;582;;298r;Paris_AN_JJ_inventaire_JJ84.xml
JJ84;583;;298v;Paris_AN_JJ_inventaire_JJ84.xml
JJ84;584;;299r;Paris_AN_JJ_inventaire_JJ84.xml
JJ84;585;;299r;Paris_AN_JJ_inventaire_JJ84.xml
JJ84;586;;299v;Paris_AN_JJ_inventaire_JJ84.xml
JJ84;587;;299v;Paris_AN_JJ_inventaire_JJ84.xml
JJ84;588;;301r;Paris_AN_JJ_inventaire_JJ84.xml
JJ84;589;;301r;Paris_AN_JJ_inventaire_JJ84.xml
JJ84;590;;301v;Paris_AN_JJ_inventaire_JJ84.xml
JJ84;591;;301v;Paris_AN_JJ_inventaire_JJ84.xml
JJ84;592;;302v;Paris_AN_JJ_inventaire_JJ84.xml
JJ84;593;;303r;Paris_AN_JJ_inventaire_JJ84.xml
JJ84;594;;304r;Paris_AN_JJ_inventaire_JJ84.xml
JJ84;595;;304v;Paris_AN_JJ_inventaire_JJ84.xml
JJ84;596;;304v;Paris_AN_JJ_inventaire_JJ84.xml
JJ84;597;;305r;Paris_AN_JJ_inventaire_JJ84.xml
JJ84;598;;305v;Paris_AN_JJ_inventaire_JJ84.xml
JJ84;599;;306r;Paris_AN_JJ_inventaire_JJ84.xml
JJ84;600;;306v;Paris_AN_JJ_inventaire_JJ84.xml
JJ84;601;;307v;Paris_AN_JJ_inventaire_JJ84.xml
JJ84;602;;307v;Paris_AN_JJ_inventaire_JJ84.xml
JJ84;603;;307v;Paris_AN_JJ_inventaire_JJ84.xml
JJ84;604;;308r;Paris_AN_JJ_inventaire_JJ84.xml
JJ84;605;;308r;Paris_AN_JJ_inventaire_JJ84.xml
JJ84;606;;308v;Paris_AN_JJ_inventaire_JJ84.xml
JJ84;607;;309r;Paris_AN_JJ_inventaire_JJ84.xml
JJ84;608;;309r;Paris_AN_JJ_inventaire_JJ84.xml
JJ84;610;;309v;Paris_AN_JJ_inventaire_JJ84.xml
JJ84;612;;311r;Paris_AN_JJ_inventaire_JJ84.xml
JJ84;613;;311r;Paris_AN_JJ_inventaire_JJ84.xml
JJ84;614;;311v;Paris_AN_JJ_inventaire_JJ84.xml
JJ84;615;;313r;Paris_AN_JJ_inventaire_JJ84.xml
JJ84;616;;313r;Paris_AN_JJ_inventaire_JJ84.xml
JJ84;617;;313v;Paris_AN_JJ_inventaire_JJ84.xml
JJ84;618;;314r;Paris_AN_JJ_inventaire_JJ84.xml
JJ84;619;;314r;Paris_AN_JJ_inventaire_JJ84.xml
JJ84;620;;314v;Paris_AN_JJ_inventaire_JJ84.xml
JJ84;621;;315r;Paris_AN_JJ_inventaire_JJ84.xml
JJ84;622;;315v;Paris_AN_JJ_inventaire_JJ84.xml
JJ84;623;;315v;Paris_AN_JJ_inventaire_JJ84.xml
JJ84;624;;316v;Paris_AN_JJ_inventaire_JJ84.xml
JJ84;625;;316v;Paris_AN_JJ_inventaire_JJ84.xml
JJ84;626;;316v;Paris_AN_JJ_inventaire_JJ84.xml
JJ84;627;;317r;Paris_AN_JJ_inventaire_JJ84.xml
JJ84;628;;317v;Paris_AN_JJ_inventaire_JJ84.xml
JJ84;689;;317v;Paris_AN_JJ_inventaire_JJ84.xml
JJ84;630;;318r;Paris_AN_JJ_inventaire_JJ84.xml
JJ84;631;;318r;Paris_AN_JJ_inventaire_JJ84.xml
JJ84;632;;318v;Paris_AN_JJ_inventaire_JJ84.xml
JJ84;633;;319r;Paris_AN_JJ_inventaire_JJ84.xml
JJ84;634;;319v;Paris_AN_JJ_inventaire_JJ84.xml
JJ84;635;;320r;Paris_AN_JJ_inventaire_JJ84.xml
JJ84;636;;320v;Paris_AN_JJ_inventaire_JJ84.xml
JJ84;637;;321r;Paris_AN_JJ_inventaire_JJ84.xml
JJ84;638;;321r;Paris_AN_JJ_inventaire_JJ84.xml
JJ84;639;;321v;Paris_AN_JJ_inventaire_JJ84.xml
JJ84;640;;322r;Paris_AN_JJ_inventaire_JJ84.xml
JJ84;641;;322r;Paris_AN_JJ_inventaire_JJ84.xml
JJ84;642;;323v;Paris_AN_JJ_inventaire_JJ84.xml
JJ84;643;;324r;Paris_AN_JJ_inventaire_JJ84.xml
JJ84;644;;324r;Paris_AN_JJ_inventaire_JJ84.xml
JJ84;645;;324r;Paris_AN_JJ_inventaire_JJ84.xml
JJ84;646;;325r;Paris_AN_JJ_inventaire_JJ84.xml
JJ84;647;;326v;Paris_AN_JJ_inventaire_JJ84.xml
JJ84;648;;326v;Paris_AN_JJ_inventaire_JJ84.xml
JJ84;649;;326v;Paris_AN_JJ_inventaire_JJ84.xml
JJ84;650;;327r;Paris_AN_JJ_inventaire_JJ84.xml
JJ84;651;;327v;Paris_AN_JJ_inventaire_JJ84.xml
JJ84;652;;328r;Paris_AN_JJ_inventaire_JJ84.xml
JJ84;653;;328r;Paris_AN_JJ_inventaire_JJ84.xml
JJ84;654;;329r;Paris_AN_JJ_inventaire_JJ84.xml
JJ84;655;;330r;Paris_AN_JJ_inventaire_JJ84.xml
JJ84;656;;330r;Paris_AN_JJ_inventaire_JJ84.xml
JJ84;657;;330v;Paris_AN_JJ_inventaire_JJ84.xml
JJ84;658;;331v;Paris_AN_JJ_inventaire_JJ84.xml
JJ84;659;;332r;Paris_AN_JJ_inventaire_JJ84.xml
JJ84;660;;333v;Paris_AN_JJ_inventaire_JJ84.xml
JJ84;661;;333v;Paris_AN_JJ_inventaire_JJ84.xml
JJ84;662;;334r;Paris_AN_JJ_inventaire_JJ84.xml
JJ84;663;;335r;Paris_AN_JJ_inventaire_JJ84.xml
JJ84;664;;335r;Paris_AN_JJ_inventaire_JJ84.xml
JJ84;665;;335v;Paris_AN_JJ_inventaire_JJ84.xml
JJ84;666;;335r;Paris_AN_JJ_inventaire_JJ84.xml
JJ84;667;;336r;Paris_AN_JJ_inventaire_JJ84.xml
JJ84;668;;336r;Paris_AN_JJ_inventaire_JJ84.xml
JJ84;669;;336v;Paris_AN_JJ_inventaire_JJ84.xml
JJ84;670;;337r;Paris_AN_JJ_inventaire_JJ84.xml
JJ84;671;;337r;Paris_AN_JJ_inventaire_JJ84.xml
JJ84;672;;337v;Paris_AN_JJ_inventaire_JJ84.xml
JJ84;673;;337v;Paris_AN_JJ_inventaire_JJ84.xml
JJ84;674;;338r;Paris_AN_JJ_inventaire_JJ84.xml
JJ84;675;;338r;Paris_AN_JJ_inventaire_JJ84.xml
JJ84;676;;339r;Paris_AN_JJ_inventaire_JJ84.xml
JJ84;677;;341r;Paris_AN_JJ_inventaire_JJ84.xml
JJ84;678;;341v;Paris_AN_JJ_inventaire_JJ84.xml
JJ84;679;;341v;Paris_AN_JJ_inventaire_JJ84.xml
JJ84;680;;342r;Paris_AN_JJ_inventaire_JJ84.xml
JJ84;681;;342r;Paris_AN_JJ_inventaire_JJ84.xml
JJ84;682;;342v;Paris_AN_JJ_inventaire_JJ84.xml
JJ84;683;;343v;Paris_AN_JJ_inventaire_JJ84.xml
JJ84;684;;344r;Paris_AN_JJ_inventaire_JJ84.xml
JJ84;685;;344r;Paris_AN_JJ_inventaire_JJ84.xml
JJ84;686;;344v;Paris_AN_JJ_inventaire_JJ84.xml
JJ84;687;;344v;Paris_AN_JJ_inventaire_JJ84.xml
JJ84;688;;346r;Paris_AN_JJ_inventaire_JJ84.xml
JJ84;689;;349r;Paris_AN_JJ_inventaire_JJ84.xml
JJ84;690;;349r;Paris_AN_JJ_inventaire_JJ84.xml
JJ84;691;;349r;Paris_AN_JJ_inventaire_JJ84.xml
JJ84;692;;349v;Paris_AN_JJ_inventaire_JJ84.xml
JJ84;693;;349v;Paris_AN_JJ_inventaire_JJ84.xml
JJ84;694;;350r;Paris_AN_JJ_inventaire_JJ84.xml
JJ84;695;;350v;Paris_AN_JJ_inventaire_JJ84.xml
JJ84;696;;351r;Paris_AN_JJ_inventaire_JJ84.xml
JJ84;697;;351v;Paris_AN_JJ_inventaire_JJ84.xml
JJ84;698;;352r;Paris_AN_JJ_inventaire_JJ84.xml
JJ84;699;;352v;Paris_AN_JJ_inventaire_JJ84.xml
JJ84;700;;352v;Paris_AN_JJ_inventaire_JJ84.xml
JJ84;701;;353r;Paris_AN_JJ_inventaire_JJ84.xml
JJ84;702;;353r;Paris_AN_JJ_inventaire_JJ84.xml
JJ84;703;;353v;Paris_AN_JJ_inventaire_JJ84.xml
JJ84;704;;354r;Paris_AN_JJ_inventaire_JJ84.xml
JJ84;705;;354r;Paris_AN_JJ_inventaire_JJ84.xml
JJ84;706;;354r;Paris_AN_JJ_inventaire_JJ84.xml
JJ84;707;;354v;Paris_AN_JJ_inventaire_JJ84.xml
JJ84;708;;355r;Paris_AN_JJ_inventaire_JJ84.xml
JJ84;709;;355r;Paris_AN_JJ_inventaire_JJ84.xml
JJ84;710;;356r;Paris_AN_JJ_inventaire_JJ84.xml
JJ84;711;;356v;Paris_AN_JJ_inventaire_JJ84.xml
JJ84;712;;356v;Paris_AN_JJ_inventaire_JJ84.xml
JJ84;713;;357r;Paris_AN_JJ_inventaire_JJ84.xml
JJ84;714;;357v;Paris_AN_JJ_inventaire_JJ84.xml
JJ84;715;;357r;Paris_AN_JJ_inventaire_JJ84.xml
JJ84;716;;358r;Paris_AN_JJ_inventaire_JJ84.xml
JJ84;717;;358v;Paris_AN_JJ_inventaire_JJ84.xml
JJ84;718;;358v;Paris_AN_JJ_inventaire_JJ84.xml
JJ84;719;;358bisr;Paris_AN_JJ_inventaire_JJ84.xml
JJ84;720;;358bisv;Paris_AN_JJ_inventaire_JJ84.xml
JJ84;721;;358bisv;Paris_AN_JJ_inventaire_JJ84.xml
JJ84;722;;359r;Paris_AN_JJ_inventaire_JJ84.xml
JJ84;723;;359r;Paris_AN_JJ_inventaire_JJ84.xml
JJ84;724;;359v;Paris_AN_JJ_inventaire_JJ84.xml
JJ84;725;;360r;Paris_AN_JJ_inventaire_JJ84.xml
JJ84;726;;361v;Paris_AN_JJ_inventaire_JJ84.xml
JJ84;727;;362v;Paris_AN_JJ_inventaire_JJ84.xml
JJ84;728;;363v;Paris_AN_JJ_inventaire_JJ84.xml
JJ84;729;;364r;Paris_AN_JJ_inventaire_JJ84.xml
JJ84;730;;365r;Paris_AN_JJ_inventaire_JJ84.xml
JJ84;731;;366r;Paris_AN_JJ_inventaire_JJ84.xml
JJ84;732;;366r;Paris_AN_JJ_inventaire_JJ84.xml
JJ84;733;;366r;Paris_AN_JJ_inventaire_JJ84.xml
JJ84;734;;367r;Paris_AN_JJ_inventaire_JJ84.xml
JJ84;735;;369r;Paris_AN_JJ_inventaire_JJ84.xml
JJ84;736;;369v;Paris_AN_JJ_inventaire_JJ84.xml
JJ84;737;;369v;Paris_AN_JJ_inventaire_JJ84.xml
JJ84;738;;370r;Paris_AN_JJ_inventaire_JJ84.xml
JJ84;739;;370v;Paris_AN_JJ_inventaire_JJ84.xml
JJ84;740;;371r;Paris_AN_JJ_inventaire_JJ84.xml
JJ84;741;;371v;Paris_AN_JJ_inventaire_JJ84.xml
JJ84;742;;371v;Paris_AN_JJ_inventaire_JJ84.xml
JJ84;743;;372r;Paris_AN_JJ_inventaire_JJ84.xml
JJ84;744;;372r;Paris_AN_JJ_inventaire_JJ84.xml
JJ84;745;;372r;Paris_AN_JJ_inventaire_JJ84.xml
JJ84;745;;372v;Paris_AN_JJ_inventaire_JJ84.xml
JJ84;747;;372v;Paris_AN_JJ_inventaire_JJ84.xml
JJ84;748;;373r;Paris_AN_JJ_inventaire_JJ84.xml
JJ84;750;;373v;Paris_AN_JJ_inventaire_JJ84.xml
JJ84;751;;374r;Paris_AN_JJ_inventaire_JJ84.xml
JJ84;752;;375r;Paris_AN_JJ_inventaire_JJ84.xml
JJ84;753;;375v;Paris_AN_JJ_inventaire_JJ84.xml
JJ84;754;;375v;Paris_AN_JJ_inventaire_JJ84.xml
JJ84;755;;376v;Paris_AN_JJ_inventaire_JJ84.xml
JJ84;756;;377r;Paris_AN_JJ_inventaire_JJ84.xml
JJ84;757;;377v;Paris_AN_JJ_inventaire_JJ84.xml
JJ84;758;;378r;Paris_AN_JJ_inventaire_JJ84.xml
JJ84;759;;378v;Paris_AN_JJ_inventaire_JJ84.xml
JJ84;760;;378v;Paris_AN_JJ_inventaire_JJ84.xml
JJ84;761;;378v;Paris_AN_JJ_inventaire_JJ84.xml
JJ84;762;;379r;Paris_AN_JJ_inventaire_JJ84.xml
JJ84;763;;379v;Paris_AN_JJ_inventaire_JJ84.xml
JJ84;764;;379v;Paris_AN_JJ_inventaire_JJ84.xml
JJ84;765;;381v;Paris_AN_JJ_inventaire_JJ84.xml
JJ84;766;;381v;Paris_AN_JJ_inventaire_JJ84.xml
JJ84;767;;382r;Paris_AN_JJ_inventaire_JJ84.xml
JJ84;768;;382r;Paris_AN_JJ_inventaire_JJ84.xml
JJ84;769;;382v;Paris_AN_JJ_inventaire_JJ84.xml
JJ84;770;;382v;Paris_AN_JJ_inventaire_JJ84.xml
JJ84;711;;383r;Paris_AN_JJ_inventaire_JJ84.xml
JJ84;772;;383r;Paris_AN_JJ_inventaire_JJ84.xml
JJ84;773;;384r;Paris_AN_JJ_inventaire_JJ84.xml
JJ84;774;;386v;Paris_AN_JJ_inventaire_JJ84.xml
JJ84;775;;387r;Paris_AN_JJ_inventaire_JJ84.xml
JJ84;776;;387r;Paris_AN_JJ_inventaire_JJ84.xml
JJ84;777;;387v;Paris_AN_JJ_inventaire_JJ84.xml
JJ84;778;;387v;Paris_AN_JJ_inventaire_JJ84.xml
JJ84;779;;389r;Paris_AN_JJ_inventaire_JJ84.xml
JJ84;780;;390r;Paris_AN_JJ_inventaire_JJ84.xml
JJ84;781;;390v;Paris_AN_JJ_inventaire_JJ84.xml
JJ84;782;;391r;Paris_AN_JJ_inventaire_JJ84.xml
JJ84;783;;391v;Paris_AN_JJ_inventaire_JJ84.xml
JJ84;784;;392r;Paris_AN_JJ_inventaire_JJ84.xml
JJ84;785;;392r;Paris_AN_JJ_inventaire_JJ84.xml
JJ84;786;;392v;Paris_AN_JJ_inventaire_JJ84.xml
JJ84;787;;392v;Paris_AN_JJ_inventaire_JJ84.xml
JJ84;788;;393r;Paris_AN_JJ_inventaire_JJ84.xml
JJ84;789;;393r;Paris_AN_JJ_inventaire_JJ84.xml
JJ84;790;;393v;Paris_AN_JJ_inventaire_JJ84.xml
JJ84;791;;393v;Paris_AN_JJ_inventaire_JJ84.xml
JJ84;792;;394r;Paris_AN_JJ_inventaire_JJ84.xml
JJ84;793;;394r;Paris_AN_JJ_inventaire_JJ84.xml
JJ84;794;;394v;Paris_AN_JJ_inventaire_JJ84.xml
JJ84;795;;394v;Paris_AN_JJ_inventaire_JJ84.xml
JJ84;796;;395r;Paris_AN_JJ_inventaire_JJ84.xml
JJ84;797;;395v;Paris_AN_JJ_inventaire_JJ84.xml
JJ84;798;;396r;Paris_AN_JJ_inventaire_JJ84.xml
JJ84;799;;396r;Paris_AN_JJ_inventaire_JJ84.xml
JJ84;800;;396v;Paris_AN_JJ_inventaire_JJ84.xml
JJ84;801;;396v;Paris_AN_JJ_inventaire_JJ84.xml
JJ84;802;;397r;Paris_AN_JJ_inventaire_JJ84.xml
JJ84;803;;398r;Paris_AN_JJ_inventaire_JJ84.xml
JJ84;804;;398r;Paris_AN_JJ_inventaire_JJ84.xml
JJ84;805;;399r;Paris_AN_JJ_inventaire_JJ84.xml
JJ84;806;;399v;Paris_AN_JJ_inventaire_JJ84.xml
JJ84;807;;400v;Paris_AN_JJ_inventaire_JJ84.xml
JJ84;808;;400r;Paris_AN_JJ_inventaire_JJ84.xml
JJ84;809;;400v;Paris_AN_JJ_inventaire_JJ84.xml
JJ84;810;;400v;Paris_AN_JJ_inventaire_JJ84.xml
JJ84;811;;401r;Paris_AN_JJ_inventaire_JJ84.xml
JJ84;812;;401r;Paris_AN_JJ_inventaire_JJ84.xml
JJ84;813;;401v;Paris_AN_JJ_inventaire_JJ84.xml
JJ84;814;;402r;Paris_AN_JJ_inventaire_JJ84.xml
JJ84;815;;402v;Paris_AN_JJ_inventaire_JJ84.xml
JJ84;816;;403r;Paris_AN_JJ_inventaire_JJ84.xml
JJ84;817;;403v;Paris_AN_JJ_inventaire_JJ84.xml
JJ84;818;;403v;Paris_AN_JJ_inventaire_JJ84.xml
JJ84;819;;404r;Paris_AN_JJ_inventaire_JJ84.xml
JJ84;820;;405v;Paris_AN_JJ_inventaire_JJ84.xml
JJ84;821;;406r;Paris_AN_JJ_inventaire_JJ84.xml
JJ84;822;;407v;Paris_AN_JJ_inventaire_JJ84.xml
JJ84;823;;409v;Paris_AN_JJ_inventaire_JJ84.xml
