Paris_AN_JJ_inventaire_JJ85.xml_Register;Paris_AN_JJ_inventaire_JJ85.xml_Act_number;Paris_AN_JJ_inventaire_JJ85.xml_Head;Paris_AN_JJ_inventaire_JJ85.xml_Locus;Paris_AN_JJ_inventaire_JJ85.xml_File
JJ85;1;;1r;Paris_AN_JJ_inventaire_JJ85.xml
JJ85;2;;1v;Paris_AN_JJ_inventaire_JJ85.xml
JJ85;3bis;;1v;Paris_AN_JJ_inventaire_JJ85.xml
JJ85;3;;2v;Paris_AN_JJ_inventaire_JJ85.xml
JJ85;4;;3r;Paris_AN_JJ_inventaire_JJ85.xml
JJ85;5;;3v;Paris_AN_JJ_inventaire_JJ85.xml
JJ85;6;;3v;Paris_AN_JJ_inventaire_JJ85.xml
JJ85;7;;4r;Paris_AN_JJ_inventaire_JJ85.xml
JJ85;8;;4r;Paris_AN_JJ_inventaire_JJ85.xml
JJ85;9;;4v;Paris_AN_JJ_inventaire_JJ85.xml
JJ85;10;;5r;Paris_AN_JJ_inventaire_JJ85.xml
JJ85;11;;5r;Paris_AN_JJ_inventaire_JJ85.xml
JJ85;12;;6v;Paris_AN_JJ_inventaire_JJ85.xml
JJ85;13;;6v;Paris_AN_JJ_inventaire_JJ85.xml
JJ85;14;;7r;Paris_AN_JJ_inventaire_JJ85.xml
JJ85;15;;7v;Paris_AN_JJ_inventaire_JJ85.xml
JJ85;16;;8r;Paris_AN_JJ_inventaire_JJ85.xml
JJ85;17;;8v;Paris_AN_JJ_inventaire_JJ85.xml
JJ85;18;;9r;Paris_AN_JJ_inventaire_JJ85.xml
JJ85;19;;9v;Paris_AN_JJ_inventaire_JJ85.xml
JJ85;20;;10r-11v;Paris_AN_JJ_inventaire_JJ85.xml
JJ85;21;;12v;Paris_AN_JJ_inventaire_JJ85.xml
JJ85;22;;12r;Paris_AN_JJ_inventaire_JJ85.xml
JJ85;23;;12v;Paris_AN_JJ_inventaire_JJ85.xml
JJ85;24;;13r;Paris_AN_JJ_inventaire_JJ85.xml
JJ85;25;;13v;Paris_AN_JJ_inventaire_JJ85.xml
JJ85;26;;14r;Paris_AN_JJ_inventaire_JJ85.xml
JJ85;27;;14v;Paris_AN_JJ_inventaire_JJ85.xml
JJ85;28;;14v;Paris_AN_JJ_inventaire_JJ85.xml
JJ85;29;;15r;Paris_AN_JJ_inventaire_JJ85.xml
JJ85;30;;15v;Paris_AN_JJ_inventaire_JJ85.xml
JJ85;31;;15v;Paris_AN_JJ_inventaire_JJ85.xml
JJ85;32;;16r;Paris_AN_JJ_inventaire_JJ85.xml
JJ85;33;;16v;Paris_AN_JJ_inventaire_JJ85.xml
JJ85;34;;16r;Paris_AN_JJ_inventaire_JJ85.xml
JJ85;35;;17v;Paris_AN_JJ_inventaire_JJ85.xml
JJ85;36;;17v;Paris_AN_JJ_inventaire_JJ85.xml
JJ85;37;;18r;Paris_AN_JJ_inventaire_JJ85.xml
JJ85;37bis;;18v;Paris_AN_JJ_inventaire_JJ85.xml
JJ85;38;;19r;Paris_AN_JJ_inventaire_JJ85.xml
JJ85;39;;19v;Paris_AN_JJ_inventaire_JJ85.xml
JJ85;40;;20r;Paris_AN_JJ_inventaire_JJ85.xml
JJ85;41;;20r;Paris_AN_JJ_inventaire_JJ85.xml
JJ85;42;;20v;Paris_AN_JJ_inventaire_JJ85.xml
JJ85;43;;21r;Paris_AN_JJ_inventaire_JJ85.xml
JJ85;44;;22r;Paris_AN_JJ_inventaire_JJ85.xml
JJ85;45;;22v;Paris_AN_JJ_inventaire_JJ85.xml
JJ85;46;;22v;Paris_AN_JJ_inventaire_JJ85.xml
JJ85;47;;23r;Paris_AN_JJ_inventaire_JJ85.xml
JJ85;48;;23v;Paris_AN_JJ_inventaire_JJ85.xml
JJ85;49;;24r;Paris_AN_JJ_inventaire_JJ85.xml
JJ85;50;;24v;Paris_AN_JJ_inventaire_JJ85.xml
JJ85;51;;25r;Paris_AN_JJ_inventaire_JJ85.xml
JJ85;52;;25v;Paris_AN_JJ_inventaire_JJ85.xml
JJ85;53;;26r;Paris_AN_JJ_inventaire_JJ85.xml
JJ85;54;;26r;Paris_AN_JJ_inventaire_JJ85.xml
JJ85;55;;26v;Paris_AN_JJ_inventaire_JJ85.xml
JJ85;56;;27r;Paris_AN_JJ_inventaire_JJ85.xml
JJ85;57;;29r;Paris_AN_JJ_inventaire_JJ85.xml
JJ85;58;;29r;Paris_AN_JJ_inventaire_JJ85.xml
JJ85;59;;29v;Paris_AN_JJ_inventaire_JJ85.xml
JJ85;60;;29v;Paris_AN_JJ_inventaire_JJ85.xml
JJ85;61;;30v;Paris_AN_JJ_inventaire_JJ85.xml
JJ85;62;;31r;Paris_AN_JJ_inventaire_JJ85.xml
JJ85;63;;31r;Paris_AN_JJ_inventaire_JJ85.xml
JJ85;64;;31v;Paris_AN_JJ_inventaire_JJ85.xml
JJ85;65;;32r;Paris_AN_JJ_inventaire_JJ85.xml
JJ85;66;;32v;Paris_AN_JJ_inventaire_JJ85.xml
JJ85;67;;33r;Paris_AN_JJ_inventaire_JJ85.xml
JJ85;68;;33v;Paris_AN_JJ_inventaire_JJ85.xml
JJ85;69;;33v;Paris_AN_JJ_inventaire_JJ85.xml
JJ85;70;;34r;Paris_AN_JJ_inventaire_JJ85.xml
JJ85;71;;34v;Paris_AN_JJ_inventaire_JJ85.xml
JJ85;72;;35v;Paris_AN_JJ_inventaire_JJ85.xml
JJ85;73;;36r;Paris_AN_JJ_inventaire_JJ85.xml
JJ85;74;;36v;Paris_AN_JJ_inventaire_JJ85.xml
JJ85;75;;37r;Paris_AN_JJ_inventaire_JJ85.xml
JJ85;76;;38v;Paris_AN_JJ_inventaire_JJ85.xml
JJ85;77;;38v-40r;Paris_AN_JJ_inventaire_JJ85.xml
JJ85;78;;40r;Paris_AN_JJ_inventaire_JJ85.xml
JJ85;79;;40v;Paris_AN_JJ_inventaire_JJ85.xml
JJ85;80;;41r;Paris_AN_JJ_inventaire_JJ85.xml
JJ85;81;;41r;Paris_AN_JJ_inventaire_JJ85.xml
JJ85;82;;41v;Paris_AN_JJ_inventaire_JJ85.xml
JJ85;83;;41v;Paris_AN_JJ_inventaire_JJ85.xml
JJ85;84;;42r;Paris_AN_JJ_inventaire_JJ85.xml
JJ85;85;;42v;Paris_AN_JJ_inventaire_JJ85.xml
JJ85;86;;42v;Paris_AN_JJ_inventaire_JJ85.xml
JJ85;87;;43r;Paris_AN_JJ_inventaire_JJ85.xml
JJ85;88;;43r;Paris_AN_JJ_inventaire_JJ85.xml
JJ85;89;;43v;Paris_AN_JJ_inventaire_JJ85.xml
JJ85;90;;43v;Paris_AN_JJ_inventaire_JJ85.xml
JJ85;91;;44r;Paris_AN_JJ_inventaire_JJ85.xml
JJ85;92;;44r;Paris_AN_JJ_inventaire_JJ85.xml
JJ85;93;;44r;Paris_AN_JJ_inventaire_JJ85.xml
JJ85;94;;45r;Paris_AN_JJ_inventaire_JJ85.xml
JJ85;94;;45r;Paris_AN_JJ_inventaire_JJ85.xml
JJ85;94;;45r;Paris_AN_JJ_inventaire_JJ85.xml
JJ85;95;;45r;Paris_AN_JJ_inventaire_JJ85.xml
JJ85;96;;45v;Paris_AN_JJ_inventaire_JJ85.xml
JJ85;97;;46r;Paris_AN_JJ_inventaire_JJ85.xml
JJ85;99;;46v;Paris_AN_JJ_inventaire_JJ85.xml
JJ85;100;;46v;Paris_AN_JJ_inventaire_JJ85.xml
JJ85;101;;47r;Paris_AN_JJ_inventaire_JJ85.xml
JJ85;102;;47r;Paris_AN_JJ_inventaire_JJ85.xml
JJ85;103;;48r;Paris_AN_JJ_inventaire_JJ85.xml
JJ85;104;;48v;Paris_AN_JJ_inventaire_JJ85.xml
JJ85;105;;48v;Paris_AN_JJ_inventaire_JJ85.xml
JJ85;106;;48v;Paris_AN_JJ_inventaire_JJ85.xml
JJ85;107;;49r;Paris_AN_JJ_inventaire_JJ85.xml
JJ85;108;;49r;Paris_AN_JJ_inventaire_JJ85.xml
JJ85;109;;49v;Paris_AN_JJ_inventaire_JJ85.xml
JJ85;110;;49v-50v;Paris_AN_JJ_inventaire_JJ85.xml
JJ85;111;;50v;Paris_AN_JJ_inventaire_JJ85.xml
JJ85;112;;51r-52r;Paris_AN_JJ_inventaire_JJ85.xml
JJ85;113;;52v;Paris_AN_JJ_inventaire_JJ85.xml
JJ85;114;;52v;Paris_AN_JJ_inventaire_JJ85.xml
JJ85;115;;53r;Paris_AN_JJ_inventaire_JJ85.xml
JJ85;116;;53r;Paris_AN_JJ_inventaire_JJ85.xml
JJ85;117;;53v;Paris_AN_JJ_inventaire_JJ85.xml
JJ85;118;;54r;Paris_AN_JJ_inventaire_JJ85.xml
JJ85;119;;54v;Paris_AN_JJ_inventaire_JJ85.xml
JJ85;120;;55r;Paris_AN_JJ_inventaire_JJ85.xml
JJ85;121;;55v;Paris_AN_JJ_inventaire_JJ85.xml
JJ85;122;;55v;Paris_AN_JJ_inventaire_JJ85.xml
JJ85;123;;56r;Paris_AN_JJ_inventaire_JJ85.xml
JJ85;124;;56v;Paris_AN_JJ_inventaire_JJ85.xml
JJ85;125;;56v;Paris_AN_JJ_inventaire_JJ85.xml
JJ85;126;;56v;Paris_AN_JJ_inventaire_JJ85.xml
JJ85;127;;57r;Paris_AN_JJ_inventaire_JJ85.xml
JJ85;128;;57r;Paris_AN_JJ_inventaire_JJ85.xml
JJ85;129;;57v-59r;Paris_AN_JJ_inventaire_JJ85.xml
JJ85;130;;59v;Paris_AN_JJ_inventaire_JJ85.xml
JJ85;131;;59v;Paris_AN_JJ_inventaire_JJ85.xml
JJ85;132;;60v-61v;Paris_AN_JJ_inventaire_JJ85.xml
JJ85;133;;61v;Paris_AN_JJ_inventaire_JJ85.xml
JJ85;134;;62r;Paris_AN_JJ_inventaire_JJ85.xml
JJ85;135;;62r;Paris_AN_JJ_inventaire_JJ85.xml
JJ85;136;;62v;Paris_AN_JJ_inventaire_JJ85.xml
JJ85;137;;63r;Paris_AN_JJ_inventaire_JJ85.xml
JJ85;138;;63r;Paris_AN_JJ_inventaire_JJ85.xml
JJ85;139;;64r;Paris_AN_JJ_inventaire_JJ85.xml
JJ85;140;;64v;Paris_AN_JJ_inventaire_JJ85.xml
JJ85;141;;65r-66v;Paris_AN_JJ_inventaire_JJ85.xml
JJ85;142;;66r;Paris_AN_JJ_inventaire_JJ85.xml
JJ85;143;;66v;Paris_AN_JJ_inventaire_JJ85.xml
JJ85;144;;66v;Paris_AN_JJ_inventaire_JJ85.xml
JJ85;145;;67r;Paris_AN_JJ_inventaire_JJ85.xml
JJ85;146;;67r;Paris_AN_JJ_inventaire_JJ85.xml
JJ85;147;;67v;Paris_AN_JJ_inventaire_JJ85.xml
JJ85;148;;68r;Paris_AN_JJ_inventaire_JJ85.xml
JJ85;149;;68r;Paris_AN_JJ_inventaire_JJ85.xml
JJ85;150;;68v;Paris_AN_JJ_inventaire_JJ85.xml
JJ85;151;;69r;Paris_AN_JJ_inventaire_JJ85.xml
JJ85;152;;69v;Paris_AN_JJ_inventaire_JJ85.xml
JJ85;153;;70r;Paris_AN_JJ_inventaire_JJ85.xml
JJ85;154;;72v;Paris_AN_JJ_inventaire_JJ85.xml
JJ85;155;;73r;Paris_AN_JJ_inventaire_JJ85.xml
JJ85;156;;73v;Paris_AN_JJ_inventaire_JJ85.xml
JJ85;157à177;;74r;Paris_AN_JJ_inventaire_JJ85.xml
JJ85;178;;74v;Paris_AN_JJ_inventaire_JJ85.xml
JJ85;179;;74v;Paris_AN_JJ_inventaire_JJ85.xml
JJ85;180;;75r;Paris_AN_JJ_inventaire_JJ85.xml
JJ85;181;;75r;Paris_AN_JJ_inventaire_JJ85.xml
JJ85;182;;75v;Paris_AN_JJ_inventaire_JJ85.xml
JJ85;183;;76r;Paris_AN_JJ_inventaire_JJ85.xml
JJ85;184;;76r;Paris_AN_JJ_inventaire_JJ85.xml
JJ85;185;;77r-79v;Paris_AN_JJ_inventaire_JJ85.xml
JJ85;186;;80r;Paris_AN_JJ_inventaire_JJ85.xml
JJ85;187;;80r;Paris_AN_JJ_inventaire_JJ85.xml
JJ85;188;;80v;Paris_AN_JJ_inventaire_JJ85.xml
JJ85;189;;81r-83v;Paris_AN_JJ_inventaire_JJ85.xml
JJ85;190;;83v;Paris_AN_JJ_inventaire_JJ85.xml
