Guerin_tome1-tome12.xml_Register;Guerin_tome1-tome12.xml_Act_number;Guerin_tome1-tome12.xml_Head;Guerin_tome1-tome12.xml_Locus;Guerin_tome1-tome12.xml_File
JJ35;52;I;fol15;Guerin_tome1-tome12.xml
JJ38;98;II;fol51;Guerin_tome1-tome12.xml
JJ35;138;III;fol65;Guerin_tome1-tome12.xml
JJ35;138bis;IV;fol66;Guerin_tome1-tome12.xml
JJ35;134;V;fol58v;Guerin_tome1-tome12.xml
JJ36;144;VI;fol64v;Guerin_tome1-tome12.xml
JJ35;147;VII;fol70v;Guerin_tome1-tome12.xml
JJ36;145;VII;fol65;Guerin_tome1-tome12.xml
JJ37;39;VIII;fol16v;Guerin_tome1-tome12.xml
JJ37;39bis;IX;fol16v;Guerin_tome1-tome12.xml
JJ37;82;X;fol28v;Guerin_tome1-tome12.xml
JJ36;246;XI;fol102;Guerin_tome1-tome12.xml
JJ36;243;XII;fol101v;Guerin_tome1-tome12.xml
JJ38;176;XIII;fol80;Guerin_tome1-tome12.xml
JJ38;84;XIV;fol74v;Guerin_tome1-tome12.xml
JJ38;83;XV;fol74;Guerin_tome1-tome12.xml
JJ38;231;XVI;fol99;Guerin_tome1-tome12.xml
JJ44;73;XVII;fol46v;Guerin_tome1-tome12.xml
JJ42A;7;XVIII;fol67;Guerin_tome1-tome12.xml
JJ40;92;XIX;fol42v;Guerin_tome1-tome12.xml
JJ44;150;XX;fol93v;Guerin_tome1-tome12.xml
JJ44;149;XXI;fol93v;Guerin_tome1-tome12.xml
JJ44;154;XXII;fol96;Guerin_tome1-tome12.xml
JJ44;158;XXIII;fol97;Guerin_tome1-tome12.xml
JJ44;165;XXIV;fol98v;Guerin_tome1-tome12.xml
JJ41;81;XXV;fol52v;Guerin_tome1-tome12.xml
JJ40;89;XXVI;fol40v;Guerin_tome1-tome12.xml
JJ40;151;XXVII;fol78;Guerin_tome1-tome12.xml
JJ41;11;XXVIII;fol9v;Guerin_tome1-tome12.xml
JJ41;123;XXIX;fol74v;Guerin_tome1-tome12.xml
JJ42B;122;XXIX;fol62v;Guerin_tome1-tome12.xml
JJ41;124;XXX;fol77v;Guerin_tome1-tome12.xml
JJ42B;123;XXX;fol64v;Guerin_tome1-tome12.xml
JJ41;174;XXXI;fol99v;Guerin_tome1-tome12.xml
JJ42B;196;XXXI;fol93;Guerin_tome1-tome12.xml
JJ41;193;XXXII;fol109;Guerin_tome1-tome12.xml
JJ42B;192;XXXII;fol91;Guerin_tome1-tome12.xml
JJ41;175;XXXIII;fol100v;Guerin_tome1-tome12.xml
JJ41;202;XXXIV;fol112v;Guerin_tome1-tome12.xml
JJ45;136;XXXV;fol89;Guerin_tome1-tome12.xml
JJ50;79;XXXVI;fol54v;Guerin_tome1-tome12.xml
JJ47;78;XXXVII;fol51v;Guerin_tome1-tome12.xml
JJ46;171;XXXVIII;fol100;Guerin_tome1-tome12.xml
JJ48;183;XXXIX;fol106v;Guerin_tome1-tome12.xml
JJ48;204;XL;fol120v;Guerin_tome1-tome12.xml
JJ49;10;XLI;fol4;Guerin_tome1-tome12.xml
JJ49;68;XLII;fol32v;Guerin_tome1-tome12.xml
JJ49;222;XLIII;fol96v;Guerin_tome1-tome12.xml
JJ50;18;XLIV;fol20;Guerin_tome1-tome12.xml
JJ50;110;XLV;fol71v;Guerin_tome1-tome12.xml
JJ50;121;XLVI;fol77v;Guerin_tome1-tome12.xml
JJ52;22;XLVII;fol8;Guerin_tome1-tome12.xml
JJ52;75;XLVII;fol38;Guerin_tome1-tome12.xml
JJ52;56;XLVIII;fol30;Guerin_tome1-tome12.xml
JJ52;66;XLIX;fol35;Guerin_tome1-tome12.xml
JJ52;100;L;fol53v;Guerin_tome1-tome12.xml
JJ52;201;LI;fol103;Guerin_tome1-tome12.xml
JJ52;230;LII;fol113v;Guerin_tome1-tome12.xml
JJ57(MuséedesArchivesAE*II327);;LIII;fol25;Guerin_tome1-tome12.xml
JJ54B;29;LIV;fol22v;Guerin_tome1-tome12.xml
JJ54A;607;LV;fol46;Guerin_tome1-tome12.xml
JJ54B;52;LVI;fol35;Guerin_tome1-tome12.xml
JJ55;2;LVII;fol2v;Guerin_tome1-tome12.xml
JJ53;34;LVIII;fol13;Guerin_tome1-tome12.xml
JJ53;188;LIX;fol82;Guerin_tome1-tome12.xml
JJ53;276;LX;fol116v;Guerin_tome1-tome12.xml
JJ54A;449;LXI;fol33;Guerin_tome1-tome12.xml
JJ55;17;LXII;fol10v;Guerin_tome1-tome12.xml
JJ53;216;LXIII;fol91;Guerin_tome1-tome12.xml
JJ55;21;LXIV;fol12;Guerin_tome1-tome12.xml
JJ54A;458;LXV;fol33v;Guerin_tome1-tome12.xml
JJ53;281;LXVI;fol118;Guerin_tome1-tome12.xml
JJ53;256;LXVII;fol107;Guerin_tome1-tome12.xml
JJ53;280;LXVIII;fol118;Guerin_tome1-tome12.xml
JJ53;278;LXIX;fol117v;Guerin_tome1-tome12.xml
JJ53;277;LXX;fol117;Guerin_tome1-tome12.xml
JJ53;279;LXXI;fol117;Guerin_tome1-tome12.xml
JJ53;275;LXXII;fol116v;Guerin_tome1-tome12.xml
JJ54A;681;LXXIII;fol53;Guerin_tome1-tome12.xml
JJ54A;661;LXXIV;fol52;Guerin_tome1-tome12.xml
JJ56;25;LXXV;fol9;Guerin_tome1-tome12.xml
JJ55;;LXXVI;fol39v;Guerin_tome1-tome12.xml
JJ55;;LXXVI;fol41;Guerin_tome1-tome12.xml
JJ56;27;LXXVII;fol9v;Guerin_tome1-tome12.xml
JJ55;49;LXXVIII;fol22v;Guerin_tome1-tome12.xml
JJ56;161;LXXIX;fol76v;Guerin_tome1-tome12.xml
JJ56;145;LXXX;fol45;Guerin_tome1-tome12.xml
JJ56;180;LXXXI;fol85v;Guerin_tome1-tome12.xml
JJ56;206;LXXXII;fol91;Guerin_tome1-tome12.xml
JJ56;172;LXXXIII;fol81v;Guerin_tome1-tome12.xml
JJ55;123;LXXXIV;fol58;Guerin_tome1-tome12.xml
JJ55;132;LXXXV;fol62;Guerin_tome1-tome12.xml
JJ55;118;LXXXVI;fol56;Guerin_tome1-tome12.xml
JJ58;388;LXXXVII;fol21v;Guerin_tome1-tome12.xml
JJ59;395;LXXXVIII;fol222;Guerin_tome1-tome12.xml
JJ59;360;LXXXIX;fol203v;Guerin_tome1-tome12.xml
JJ59;616;XC;fol336;Guerin_tome1-tome12.xml
JJ60;7;XCI;fol2v;Guerin_tome1-tome12.xml
JJ60;197;XCII;fol125v;Guerin_tome1-tome12.xml
JJ60;148;XCIII;fol94v;Guerin_tome1-tome12.xml
JJ60;170;XCIV;fol107v;Guerin_tome1-tome12.xml
JJ61;12;XCV;fol4v;Guerin_tome1-tome12.xml
JJ61;11;XCV;fol4v;Guerin_tome1-tome12.xml
JJ61;22;XCVI;fol8v;Guerin_tome1-tome12.xml
JJ61;26;XCVII;fol9v;Guerin_tome1-tome12.xml
JJ61;44;XCVIII;fol17;Guerin_tome1-tome12.xml
JJ61;386;XCIX;fol164;Guerin_tome1-tome12.xml
JJ61;307;C;fol135;Guerin_tome1-tome12.xml
JJ61;310;CI;fol135v;Guerin_tome1-tome12.xml
JJ61;396;CII;fol167;Guerin_tome1-tome12.xml
JJ61;409;CIII;fol470;Guerin_tome1-tome12.xml
JJ62;69;CIV;fol38v;Guerin_tome1-tome12.xml
JJ62;70;CV;fol38v;Guerin_tome1-tome12.xml
JJ62;75;CVI;fol41v;Guerin_tome1-tome12.xml
JJ62;145;CVII;fol82;Guerin_tome1-tome12.xml
JJ62;172;CVIII;fol93v;Guerin_tome1-tome12.xml
JJ62;173;CIX;fol94;Guerin_tome1-tome12.xml
JJ62;269;CX;fol152v;Guerin_tome1-tome12.xml
JJ62;87;CXI;fol53v;Guerin_tome1-tome12.xml
JJ64;309;CXII;fol153v;Guerin_tome1-tome12.xml
JJ64;56;CXIII;fol29v;Guerin_tome1-tome12.xml
JJ64;92;CXIV;fol48;Guerin_tome1-tome12.xml
JJ64;93;CXV;fol48;Guerin_tome1-tome12.xml
JJ64;94;CXVI;fol48v;Guerin_tome1-tome12.xml
JJ64;585;CXVII;fol333v;Guerin_tome1-tome12.xml
JJ64;360;CXVIII;fol183;Guerin_tome1-tome12.xml
JJ64;117;CXIX;fol64v;Guerin_tome1-tome12.xml
JJ64;230;CXX;fol128v;Guerin_tome1-tome12.xml
JJ64;159;CXXI;fol92;Guerin_tome1-tome12.xml
JJ64;160;CXXII;fol92v;Guerin_tome1-tome12.xml
JJ64;206;CXXIII;fol115;Guerin_tome1-tome12.xml
JJ64;307;CXXIV;fol153;Guerin_tome1-tome12.xml
JJ64;87;CXXV;fol45v;Guerin_tome1-tome12.xml
JJ64;286;CXXVI;fol140v;Guerin_tome1-tome12.xml
JJ64;370;CXXVII;fol191;Guerin_tome1-tome12.xml
JJ64;395;CXXVIII;fol204;Guerin_tome1-tome12.xml
JJ65A;21;CXXIX;fol11v;Guerin_tome1-tome12.xml
JJ64;454;CXXX;fol242;Guerin_tome1-tome12.xml
JJ64;713;CXXXI;fol415;Guerin_tome1-tome12.xml
JJ64;543;CXXXII;fol302;Guerin_tome1-tome12.xml
JJ64;494;CXXXII;fol274v;Guerin_tome1-tome12.xml
JJ64;674;CXXXIII;fol393v;Guerin_tome1-tome12.xml
JJ64;630;CXXXIV;fol360;Guerin_tome1-tome12.xml
JJ64;560;CXXXV;fol321v;Guerin_tome1-tome12.xml
JJ64;644;CXXXVI;fol371;Guerin_tome1-tome12.xml
JJ65A;103;CXXXVII;fol77v;Guerin_tome1-tome12.xml
JJ65A;258;CXXXVIII;fol166;Guerin_tome1-tome12.xml
JJ65A;184;CXXXIX;fol124v;Guerin_tome1-tome12.xml
JJ65B;88;CXL;fol22;Guerin_tome1-tome12.xml
JJ65B;115;CXLI;fol30v;Guerin_tome1-tome12.xml
JJ65B;4;CXLII;fol1;Guerin_tome1-tome12.xml
JJ65;326;CXLIII;fol113;Guerin_tome1-tome12.xml
JJ66;50;CXLIV;fol14v;Guerin_tome1-tome12.xml
JJ66;1088;CXLV;fol465;Guerin_tome1-tome12.xml
JJ67;97;CXLVI;fol34v;Guerin_tome1-tome12.xml
JJ67;72;CXLVII;fol25;Guerin_tome1-tome12.xml
JJ66;113;CXLVIII;fol38;Guerin_tome1-tome12.xml
JJ66;53;CXLIX;fol15;Guerin_tome1-tome12.xml
JJ66;123;CL;fol45;Guerin_tome1-tome12.xml
JJ66;263;CLI;fol99;Guerin_tome1-tome12.xml
JJ66;46;CLII;fol13v;Guerin_tome1-tome12.xml
JJ66;93;CLIII;fol32v;Guerin_tome1-tome12.xml
JJ66;91;CLIV;fol32;Guerin_tome1-tome12.xml
JJ66;323;CLV;fol126v;Guerin_tome1-tome12.xml
JJ66;147;CLVI;fol56v;Guerin_tome1-tome12.xml
JJ66;734;CLVII;fol299;Guerin_tome1-tome12.xml
JJ66;747;CLVIII;fol311;Guerin_tome1-tome12.xml
JJ66;479;CLIX;fol192;Guerin_tome1-tome12.xml
JJ66;852;CLX;fol348;Guerin_tome1-tome12.xml
JJ66;1106;CLXI;fol477v;Guerin_tome1-tome12.xml
JJ66;789;CLXII;fol329;Guerin_tome1-tome12.xml
JJ66;435;CLXIII;fol177v;Guerin_tome1-tome12.xml
JJ66;614;CLXIV;fol259v;Guerin_tome1-tome12.xml
JJ66;854;CLXV;fol348;Guerin_tome1-tome12.xml
JJ66;800;CLXVI;fol332;Guerin_tome1-tome12.xml
JJ66;853;CLXVII;fol348;Guerin_tome1-tome12.xml
JJ66;908;CLXVIII;fol372v;Guerin_tome1-tome12.xml
JJ66;513;CLXIX;fol207v;Guerin_tome1-tome12.xml
JJ66;610;CLXX;fol258;Guerin_tome1-tome12.xml
JJ66;899;CLXXI;fol371;Guerin_tome1-tome12.xml
JJ66;972;CLXXII;fol404;Guerin_tome1-tome12.xml
JJ66;1018;CLXXIII;fol425;Guerin_tome1-tome12.xml
JJ66;1139;CLXXIV;fol489v;Guerin_tome1-tome12.xml
JJ66;1138;CLXXV;fol489v;Guerin_tome1-tome12.xml
JJ66;1084;CLXXVI;fol463v;Guerin_tome1-tome12.xml
JJ66;1082;CLXXVII;fol462;Guerin_tome1-tome12.xml
JJ66;1081;CLXXVIII;fol462;Guerin_tome1-tome12.xml
JJ66;1085;CLXXIX;fol464;Guerin_tome1-tome12.xml
JJ66;1264;CLXXX;fol541v;Guerin_tome1-tome12.xml
JJ66;1178;CLXXXI;fol503;Guerin_tome1-tome12.xml
JJ66;1184;CLXXXII;fol506v;Guerin_tome1-tome12.xml
JJ35;18;CLXXXIII;fol4v;Guerin_tome1-tome12.xml
JJ36;18;CLXXXIII;fol4v;Guerin_tome1-tome12.xml
JJ35;24;CLXXXIV;fol6v;Guerin_tome1-tome12.xml
JJ36;23;CLXXXIV;fol6;Guerin_tome1-tome12.xml
JJ35;23;CLXXXV;fol6;Guerin_tome1-tome12.xml
JJ35;22;CLXXXV;fol6;Guerin_tome1-tome12.xml
JJ35;26;CLXXXVI;;Guerin_tome1-tome12.xml
JJ36;25;CLXXXVI;fol7v;Guerin_tome1-tome12.xml
JJ35;70;CLXXXVII;fol23v;Guerin_tome1-tome12.xml
JJ36;68;CLXXXVII;fol26v;Guerin_tome1-tome12.xml
JJ35;89;CLXXXVIII;fol32v;Guerin_tome1-tome12.xml
JJ36;86;CLXXXVIII;fol33v;Guerin_tome1-tome12.xml
JJ35;90;CLXXXIX;fol32v;Guerin_tome1-tome12.xml
JJ36;87;CLXXXIX;fol33v;Guerin_tome1-tome12.xml
JJ35;91;CXC;fol33;Guerin_tome1-tome12.xml
JJ36;88;CXC;fol34;Guerin_tome1-tome12.xml
JJ35;109;CXCI;fol41v;Guerin_tome1-tome12.xml
JJ36;106;CXCI;fol41v;Guerin_tome1-tome12.xml
JJ35;115;CXCII;fol43;Guerin_tome1-tome12.xml
JJ36;112;CXCII;fol43;Guerin_tome1-tome12.xml
JJ35;120;CXCIII;;Guerin_tome1-tome12.xml
JJ36;117;CXCIII;;Guerin_tome1-tome12.xml
JJ35;167;CXCIV;fol79v;Guerin_tome1-tome12.xml
JJ36;165;CXCIV;fol71;Guerin_tome1-tome12.xml
JJ35;169;CXCV;fol81;Guerin_tome1-tome12.xml
JJ36;167;CXCV;fol72;Guerin_tome1-tome12.xml
JJ35;178;CXCVI;fol88;Guerin_tome1-tome12.xml
JJ36;177;CXCVI;fol77;Guerin_tome1-tome12.xml
JJ35;176;CXCVII;fol86v;Guerin_tome1-tome12.xml
JJ36;175;CXCVII;fol76;Guerin_tome1-tome12.xml
JJ35;182;CXCVIII;fol90;Guerin_tome1-tome12.xml
JJ36;181;CXCVIII;fol78v;Guerin_tome1-tome12.xml
JJ35;184;CXCIX;fol92;Guerin_tome1-tome12.xml
JJ36;183;CXCIX;fol80;Guerin_tome1-tome12.xml
JJ35;213;CC;fol110;Guerin_tome1-tome12.xml
JJ36;203;CC;fol87v;Guerin_tome1-tome12.xml
JJ35;196;CCI;fol97v;Guerin_tome1-tome12.xml
JJ36;195;CCI;fol84;Guerin_tome1-tome12.xml
JJ36;225;CCII;fol97;Guerin_tome1-tome12.xml
JJ36;242;CCIII;fol101;Guerin_tome1-tome12.xml
JJ42A;117;CCIV;fol114;Guerin_tome1-tome12.xml
JJ42A;52;CCV;fol85;Guerin_tome1-tome12.xml
JJ42A;27;CCVI;fol74;Guerin_tome1-tome12.xml
JJ42A;39;CCVII;fol79;Guerin_tome1-tome12.xml
JJ40;114;CCVIII;fol57v;Guerin_tome1-tome12.xml
JJ45;85;CCIX;fol56;Guerin_tome1-tome12.xml
JJ45;168;CCX;fol107;Guerin_tome1-tome12.xml
JJ48;53;CCXI;fol32;Guerin_tome1-tome12.xml
JJ48;222;CCXII;fol133v;Guerin_tome1-tome12.xml
JJ52;53;CCXIII;fol28;Guerin_tome1-tome12.xml
JJ54A;13;CCXIV;fol2;Guerin_tome1-tome12.xml
JJ54A;63;CCXV;fol5;Guerin_tome1-tome12.xml
JJ54A;116;CCXVI;fol8v;Guerin_tome1-tome12.xml
JJ53;19;CCXVII;fol9v;Guerin_tome1-tome12.xml
JJ53;118;CCXVIII;fol53;Guerin_tome1-tome12.xml
JJ54A;373;CCXIX;fol24v;Guerin_tome1-tome12.xml
JJ55;97;CCXX;fol46v;Guerin_tome1-tome12.xml
JJ56;534;CCXXI;fol233v;Guerin_tome1-tome12.xml
JJ55;143;CCXXII;fol66;Guerin_tome1-tome12.xml
JJ56;540;CCXXIII;fol235;Guerin_tome1-tome12.xml
JJ56;543;CCXXIV;fol237;Guerin_tome1-tome12.xml
JJ62;49;CCXXIV;fol29;Guerin_tome1-tome12.xml
JJ55;155;CCXXV;fol70;Guerin_tome1-tome12.xml
JJ58;398;CCXXVI;fol37v;Guerin_tome1-tome12.xml
JJ58;439;CCXXVII;fol49;Guerin_tome1-tome12.xml
JJ58;451;CCXXVIII;fol55v;Guerin_tome1-tome12.xml
JJ60;32;CCXXIX;fol14;Guerin_tome1-tome12.xml
JJ60;129;CCXXX;fol88v;Guerin_tome1-tome12.xml
JJ60;143;CCXXXI;fol92v;Guerin_tome1-tome12.xml
JJ61;359;CCXXXII;fol157;Guerin_tome1-tome12.xml
JJ62;155;CCXXXIII;fol89v;Guerin_tome1-tome12.xml
JJ64;74;CCXXXIV;fol39;Guerin_tome1-tome12.xml
JJ65A;117;CCXXXV;fol83v;Guerin_tome1-tome12.xml
JJ66;272;CCXXXVI;fol101v;Guerin_tome1-tome12.xml
JJ66;242;CCXXXVII;fol37;Guerin_tome1-tome12.xml
JJ79B;41;CCXXXVIII;fol31;Guerin_tome1-tome12.xml
JJ66;602;CCXXXIX;fol254v;Guerin_tome1-tome12.xml
JJ66;1335;CCXL;fol575v;Guerin_tome1-tome12.xml
JJ66;1433;CCXLI;fol627;Guerin_tome1-tome12.xml
JJ70;163;CCXLII;fol48[corr78]v;Guerin_tome1-tome12.xml
JJ70;166;CCXLIII;fol49[corr79];Guerin_tome1-tome12.xml
JJ69;118;CCXLIV;fol46v;Guerin_tome1-tome12.xml
JJ69;177;CCXLV;fol71v;Guerin_tome1-tome12.xml
JJ69;219;CCXLVI;fol95;Guerin_tome1-tome12.xml
JJ69;167;CCXLVII;fol60;Guerin_tome1-tome12.xml
JJ69;294;CCXLVIII;fol122v;Guerin_tome1-tome12.xml
JJ69;240;CCXLIX;fol104v;Guerin_tome1-tome12.xml
JJ70;87;CCL;fol41;Guerin_tome1-tome12.xml
JJ70;68;CCLI;fol33;Guerin_tome1-tome12.xml
JJ269;207;CCLII;fol95;Guerin_tome1-tome12.xml
JJ70;285;CCLIII;fol129;Guerin_tome1-tome12.xml
JJC;;CCLIV;fol80;Guerin_tome1-tome12.xml
JJD;;CCLIV;fol78v;Guerin_tome1-tome12.xml
JJ68;20;CCLV;fol13;Guerin_tome1-tome12.xml
JJ71;57;CCLVI;fol45v;Guerin_tome1-tome12.xml
JJ71;131;CCLVII;fol104;Guerin_tome1-tome12.xml
JJ71;150;CCLVIII;fol111v;Guerin_tome1-tome12.xml
JJ72;516;CCLIX;fol405;Guerin_tome1-tome12.xml
JJ73;263;CCLX;fol203;Guerin_tome1-tome12.xml
JJ73;205;CCLXI;fol203;Guerin_tome1-tome12.xml
JJ73;175;CCLXII;fol142v;Guerin_tome1-tome12.xml
JJ269;208;CCLXIII;fol95;Guerin_tome1-tome12.xml
JJ72;69;CCLXIV;fol60v;Guerin_tome1-tome12.xml
JJ72;117;CCLXV;fol80;Guerin_tome1-tome12.xml
JJ269;193;CCLXVI;fol81ν°;Guerin_tome1-tome12.xml
JJ74;687;CCLXVII;fol412v;Guerin_tome1-tome12.xml
JJ74;687;CCLXVIII;fol412v;Guerin_tome1-tome12.xml
JJ74;687;CCLXIX;fol413;Guerin_tome1-tome12.xml
JJ72;33;CCLXX;fol35;Guerin_tome1-tome12.xml
JJ73;250;CCLXXI;fol194v;Guerin_tome1-tome12.xml
JJ68;235;CCLXXII;fol426;Guerin_tome1-tome12.xml
JJ72;314;CCLXXIII;fol231;Guerin_tome1-tome12.xml
JJ73;55;CCLXXIV;fol43v;Guerin_tome1-tome12.xml
JJ72;157;CCLXXV;fol97v;Guerin_tome1-tome12.xml
JJ72;283;CCLXXVI;fol206;Guerin_tome1-tome12.xml
JJ269;209;CCLXXVII;fol95v;Guerin_tome1-tome12.xml
JJ269;210;CCLXXVII;fol95v;Guerin_tome1-tome12.xml
JJ72;190;CCLXXVIII;fol125;Guerin_tome1-tome12.xml
JJ74;56;CCLXXIX;fol32v;Guerin_tome1-tome12.xml
JJ72;205;CCLXXX;fol135;Guerin_tome1-tome12.xml
JJ269;202;CCLXXX;fol94;Guerin_tome1-tome12.xml
JJ73;348;CCLXXXI;fol281v;Guerin_tome1-tome12.xml
JJ73;339;CCLXXXII;fol271v;Guerin_tome1-tome12.xml
JJ72;178;CCLXXXIII;fol113;Guerin_tome1-tome12.xml
JJ72;231;CCLXXXIV;fol170;Guerin_tome1-tome12.xml
JJ72;232;CCLXXXV;fol170v;Guerin_tome1-tome12.xml
JJ73;22;CCLXXXVI;fol17v;Guerin_tome1-tome12.xml
JJ74;687;CCLXXXVII;fol412v;Guerin_tome1-tome12.xml
JJ269;203;CCLXXXVIII;fol94;Guerin_tome1-tome12.xml
JJ72;256;CCLXXXIX;fol187v;Guerin_tome1-tome12.xml
JJ74;93;CCXC;fol57v;Guerin_tome1-tome12.xml
JJ74;567;CCXCI;fol337;Guerin_tome1-tome12.xml
JJ74;134;CCXCII;fol82v;Guerin_tome1-tome12.xml
JJ74;480;CCXCIII;fol280v;Guerin_tome1-tome12.xml
JJ74;679;CCXCIV;fol405v;Guerin_tome1-tome12.xml
JJ75;463;CCXCV;fol282;Guerin_tome1-tome12.xml
JJ74;241;CCXCVI;fol138v;Guerin_tome1-tome12.xml
JJ74;492;CCXCVII;fol289;Guerin_tome1-tome12.xml
JJ74;485;CCXCVIII;fol286v;Guerin_tome1-tome12.xml
JJ74;203;CCXCIX;fol119v;Guerin_tome1-tome12.xml
JJ68;67;CCC;fol39;Guerin_tome1-tome12.xml
JJ75;16;CCCI;fol5v;Guerin_tome1-tome12.xml
JJ75;226;CCCII;fol112;Guerin_tome1-tome12.xml
JJ68;70;CCCIII;fol40;Guerin_tome1-tome12.xml
JJ75;184;CCCIV;fol89;Guerin_tome1-tome12.xml
JJ75;338;CCCV;fol204;Guerin_tome1-tome12.xml
JJ68;115;CCCVI;fol66;Guerin_tome1-tome12.xml
JJ68;117;CCCVII;fol66v;Guerin_tome1-tome12.xml
JJ75;411;CCCVIII;fol249;Guerin_tome1-tome12.xml
JJ68;106;CCCIX;fol61v;Guerin_tome1-tome12.xml
JJ68;118;CCCX;fol66v;Guerin_tome1-tome12.xml
JJ68;180;CCCXI;fol95;Guerin_tome1-tome12.xml
JJ68;136;CCCXII;fol426v[corr126v];Guerin_tome1-tome12.xml
JJ68;235;CCCXIII;fol426;Guerin_tome1-tome12.xml
JJ269;224;CCCXIV;fol105;Guerin_tome1-tome12.xml
JJ269;222;CCCXV;fol103v;Guerin_tome1-tome12.xml
JJ269;223;CCCXVI;fol104v;Guerin_tome1-tome12.xml
JJ269;204;CCCXVII;fol94;Guerin_tome1-tome12.xml
JJ68;319;CCCXVIII;fol466[corr166];Guerin_tome1-tome12.xml
JJ76;269;CCCXIX;fol160v;Guerin_tome1-tome12.xml
JJ77;93;CCCXX;fol49v;Guerin_tome1-tome12.xml
JJ68;244;CCCXXI;fol430;Guerin_tome1-tome12.xml
JJ77;51;CCCXXII;fol29v;Guerin_tome1-tome12.xml
JJ77;34;CCCXXIII;fol22;Guerin_tome1-tome12.xml
JJ77;49;CCCXXIV;fol28v;Guerin_tome1-tome12.xml
JJ76;315;CCCXXV;fol188v;Guerin_tome1-tome12.xml
JJ78;185;CCCXXVI;fol96v;Guerin_tome1-tome12.xml
JJ77;98;CCCXXVII;fol52v;Guerin_tome1-tome12.xml
JJ77;114;CCCXXVIII;fol61;Guerin_tome1-tome12.xml
JJ76;11;CCCXXIX;fol9v;Guerin_tome1-tome12.xml
JJ76;44;CCCXXX;fol39;Guerin_tome1-tome12.xml
JJ76;368;CCCXXXI;fol222v;Guerin_tome1-tome12.xml
JJ77;154;CCCXXXII;fol79;Guerin_tome1-tome12.xml
JJ76;357;СССХХXIII;fol218v;Guerin_tome1-tome12.xml
JJ76;312;CCCXXXIV;fol186v;Guerin_tome1-tome12.xml
JJ68;284;CCCXXXV;fol451;Guerin_tome1-tome12.xml
JJ77;153;CCCXXXVI;fol77v;Guerin_tome1-tome12.xml
JJ76;44;CCCXXXVII;fol39;Guerin_tome1-tome12.xml
JJ76;49;CCCXXXVIII;fol44v;Guerin_tome1-tome12.xml
JJ76;52;CCCXXXIX;fol46;Guerin_tome1-tome12.xml
JJ76;233;CCCXL;fol143;Guerin_tome1-tome12.xml
JJ77;197;CCCXLI;fol109v;Guerin_tome1-tome12.xml
JJ77;240;CCCXLII;fol133;Guerin_tome1-tome12.xml
JJ77;352;CCCXLIII;fol214v;Guerin_tome1-tome12.xml
JJ77;240;CCCXLIV;fol133;Guerin_tome1-tome12.xml
JJ77;166;CCCXLV;fol87v;Guerin_tome1-tome12.xml
JJ77;184;CCCXLVI;fol101v;Guerin_tome1-tome12.xml
JJ77;196;CCCXLVII;fol109;Guerin_tome1-tome12.xml
JJ77;305;CCCXLVIII;fol188;Guerin_tome1-tome12.xml
JJ68;355;CCCXLIX;fol484v[corr184v];Guerin_tome1-tome12.xml
JJ68;369;CCCL;fol489[corr189];Guerin_tome1-tome12.xml
JJ78;82;CCCLI;fol37v;Guerin_tome1-tome12.xml
JJ78;75;CCCLII;fol35v;Guerin_tome1-tome12.xml
JJ78;203;CCCLIII;fol107;Guerin_tome1-tome12.xml
JJ78;94;CCCLIV;fol43v;Guerin_tome1-tome12.xml
JJ78;107;CCCLV;fol48;Guerin_tome1-tome12.xml
JJ78;216;CCCLVI;fol114;Guerin_tome1-tome12.xml
JJ80;6;CCCLVII;fol2;Guerin_tome1-tome12.xml
JJ80;399;CCCLVIII;fol285v;Guerin_tome1-tome12.xml
JJ80;768;CCCLIX;fol461;Guerin_tome1-tome12.xml
JJ80;192;CCCLX;fol157v;Guerin_tome1-tome12.xml
JJ80;212;CCCLXI;fol166;Guerin_tome1-tome12.xml
JJ80;577;CCCLXII;fol375;Guerin_tome1-tome12.xml
JJ80;243;CCCLXIII;fol181;Guerin_tome1-tome12.xml
JJ80;287;CCCLXIV;fol200v;Guerin_tome1-tome12.xml
JJ80;778;CCCLXV;fol465v;Guerin_tome1-tome12.xml
JJ80;376;CCCLXVI;fol286v;Guerin_tome1-tome12.xml
JJ81;22;CCCLXVII;fol10;Guerin_tome1-tome12.xml
JJ84;118;CCCLXVIII;fol59;Guerin_tome1-tome12.xml
JJ80;574;CCCLXIX;fol373v;Guerin_tome1-tome12.xml
JJ81;7;CCCLXX;fol3v;Guerin_tome1-tome12.xml
JJ81;45;CCCLXXI;fol24v;Guerin_tome1-tome12.xml
JJ81;151;CCCLXXII;fol85v;Guerin_tome1-tome12.xml
JJ81;210;CCCLXXIII;fol116;Guerin_tome1-tome12.xml
JJ81;314;CCCLXXIV;fol158;Guerin_tome1-tome12.xml
JJ81;145bis;CCCLXXV;fol82v;Guerin_tome1-tome12.xml
JJ81;607;CCCLXXVI;fol312;Guerin_tome1-tome12.xml
JJ81;284;CCCLXXVII;fol143;Guerin_tome1-tome12.xml
JJ81;288bis;CCCLXXVIII;fol147v;Guerin_tome1-tome12.xml
JJ81;437;CCCLXXIX;fol213v;Guerin_tome1-tome12.xml
JJ81;552;CCCLXXX;fol281v;Guerin_tome1-tome12.xml
JJ82;95;CCCLXXXI;fol58;Guerin_tome1-tome12.xml
JJ81;738;CCCLXXXII;fol380;Guerin_tome1-tome12.xml
JJ81;664;CCCLXXXIII;fol338v;Guerin_tome1-tome12.xml
JJ84;19;CCCLXXXIV;fol15;Guerin_tome1-tome12.xml
JJ81;809;CCCLXXXV;fol430;Guerin_tome1-tome12.xml
JJ81;892;CCCLXXXVI;fol470;Guerin_tome1-tome12.xml
JJ82;33;CCCLXXXVII;fol17v;Guerin_tome1-tome12.xml
JJ89;524;CCCLXXXVIII;fol239;Guerin_tome1-tome12.xml
JJ82;110;CCCLXXXIX;fol116;Guerin_tome1-tome12.xml
JJ82;173;CCCXC;fol118v;Guerin_tome1-tome12.xml
JJ84;7;CCCXCI;fol6;Guerin_tome1-tome12.xml
JJ82;257;CCCXCII;fol179;Guerin_tome1-tome12.xml
JJ82;298;CCCXCIII;fol198v;Guerin_tome1-tome12.xml
JJ82;412;CCCXCIV;fol282;Guerin_tome1-tome12.xml
JJ82;372;CCCXCV;fol251;Guerin_tome1-tome12.xml
JJ82;547;CCCXCVI;fol356;Guerin_tome1-tome12.xml
JJ86;37;CCCXCVII;fol14v;Guerin_tome1-tome12.xml
JJ82;658;CCCXCVIII;fol411;Guerin_tome1-tome12.xml
JJ82;635;CCCXCIX;fol402v;Guerin_tome1-tome12.xml
JJ82;654;CCCC;fol408v;Guerin_tome1-tome12.xml
JJ84;252;CCCCI;fol140;Guerin_tome1-tome12.xml
JJ84;317;CCCCII;fol165;Guerin_tome1-tome12.xml
JJ84;458;CCCCIII;fol237;Guerin_tome1-tome12.xml
JJ84;383;CCCCIV;fol197;Guerin_tome1-tome12.xml
JJ84;490;CCCCV;fol253;Guerin_tome1-tome12.xml
JJ84;493;CCCCVI;fol260;Guerin_tome1-tome12.xml
JJ89;198;CCCCVII;fol90;Guerin_tome1-tome12.xml
JJ84;594;CCCCVIII;fol304;Guerin_tome1-tome12.xml
JJ84;670;CCCCIX;fol337;Guerin_tome1-tome12.xml
JJ84;666;CCCCX;fol335v;Guerin_tome1-tome12.xml
JJ84;679;CCCCXI;fol341v;Guerin_tome1-tome12.xml
JJ84;703;CCCCXII;fol353v;Guerin_tome1-tome12.xml
JJ84;783;CCCCXIII;fol391v;Guerin_tome1-tome12.xml
JJ85;113;CCCCXIV;fol52v;Guerin_tome1-tome12.xml
JJ89;37;CCCCXV;fol18;Guerin_tome1-tome12.xml
JJ89;30;CCCCXVI;fol14v;Guerin_tome1-tome12.xml
JJ89;63;CCCCXVII;fol27;Guerin_tome1-tome12.xml
JJ89;3;CCCCXVIII;fol2;Guerin_tome1-tome12.xml
JJ86;41;CCCCXIX;fol16v;Guerin_tome1-tome12.xml
JJ86;143;CCCCXX;fol49v;Guerin_tome1-tome12.xml
JJ86;440;CCCCXXI;fol155;Guerin_tome1-tome12.xml
JJ90;202;CCCCXXII;fol110v;Guerin_tome1-tome12.xml
JJ90;189;CCCCXXIII;fol104;Guerin_tome1-tome12.xml
JJ90;302;CCCCXXIV;fol152v;Guerin_tome1-tome12.xml
JJ90;391;CCCCXXV;fol199;Guerin_tome1-tome12.xml
JJ88;76;CCCCXXVI;fol49v;Guerin_tome1-tome12.xml
JJ90;590;CCCCXXVII;fol289v;Guerin_tome1-tome12.xml
JJ88;117;CCCCXXVIII;fol74v;Guerin_tome1-tome12.xml
JJ89;693;CCCCXXIX;fol328;Guerin_tome1-tome12.xml
JJ89;468;CCCCXXX;fol210;Guerin_tome1-tome12.xml
JJ89;519;CCCCXXXI;fol235v;Guerin_tome1-tome12.xml
JJ89;592;CCCCXXXII;fol270v;Guerin_tome1-tome12.xml
JJ89;595;CCCCXXXIII;fol272v;Guerin_tome1-tome12.xml
JJ89;599;CCCCXXXIV;fol276;Guerin_tome1-tome12.xml
JJ91;208;CCCCXXXV;fol103v;Guerin_tome1-tome12.xml
JJ89;650;CCCCXXXVI;fol309;Guerin_tome1-tome12.xml
JJ89;648;CCCCXXXVII;fol308;Guerin_tome1-tome12.xml
JJ89;698;CCCCXXXVIII;fol335v;Guerin_tome1-tome12.xml
JJ94;46;CCCCXXXIX;fol18v;Guerin_tome1-tome12.xml
JJ96;125;CCCCXL;fol52;Guerin_tome1-tome12.xml
JJ96;398;CCCCXLI;fol139;Guerin_tome1-tome12.xml
JJ98;181;CCCCXLII;fol55v;Guerin_tome1-tome12.xml
JJ99;50;CCCCXLIII;fol16v;Guerin_tome1-tome12.xml
JJ98;714;CCCCXLIV;fol211v;Guerin_tome1-tome12.xml
JJ99;50;CCCCXLV;fol16v;Guerin_tome1-tome12.xml
JJ110;115;CCCCXLV;fol66v;Guerin_tome1-tome12.xml
JJ97;197;CCCCXLVI;fol59;Guerin_tome1-tome12.xml
JJ97;337;CCCCXLVII;fol90;Guerin_tome1-tome12.xml
JJ99;590;CCCCXLVIII;fol161v;Guerin_tome1-tome12.xml
JJ99;83;CCCCXLIX;fol27v;Guerin_tome1-tome12.xml
JJ97;391;CCCCL;fol100;Guerin_tome1-tome12.xml
JJ100;163;CCCCLI;fol49v;Guerin_tome1-tome12.xml
JJ99;224;CCCCLII;fol79v;Guerin_tome1-tome12.xml
JJ100;112;CCCCLIII;fol37;Guerin_tome1-tome12.xml
JJ100;197;CCCCLIV;fol58;Guerin_tome1-tome12.xml
JJ100;201;CCCCLV;fol59v;Guerin_tome1-tome12.xml
JJ100;225;CCCCLVI;fol66;Guerin_tome1-tome12.xml
JJ100;525;CCCCLVII;fol162;Guerin_tome1-tome12.xml
JJ100;233;CCCCLVIII;fol68;Guerin_tome1-tome12.xml
JJ100;540;CCCCLIX;fol166;Guerin_tome1-tome12.xml
JJ100;102;CCCCLX;fol35v;Guerin_tome1-tome12.xml
JJ100;298;CCCCLXI;fol87v;Guerin_tome1-tome12.xml
JJ100;91;CCCCLXII;fol33;Guerin_tome1-tome12.xml
JJ100;97;CCCCLXIII;fol34v;Guerin_tome1-tome12.xml
JJ100;103;CCCCLXIV;fol35v;Guerin_tome1-tome12.xml
JJ100;335;CCCCLXV;fol104v;Guerin_tome1-tome12.xml
JJ100;258;CCCCLXVI;fol74;Guerin_tome1-tome12.xml
JJ100;383;CCCCLXVII;fol121;Guerin_tome1-tome12.xml
JJ100;467;CCCCLXVIII;fol145v;Guerin_tome1-tome12.xml
JJ100;334;CCCCLXIX;fol104;Guerin_tome1-tome12.xml
JJ100;470;CCCCLXX;fol146v;Guerin_tome1-tome12.xml
JJ100;544;CCCCLXXI;fol167;Guerin_tome1-tome12.xml
JJ100;297;CCCCLXXII;fol87;Guerin_tome1-tome12.xml
JJ100;148;CCCCLXXIII;fol46;Guerin_tome1-tome12.xml
JJ100;149;CCCCLXXIV;fol46;Guerin_tome1-tome12.xml
JJ100;443;CCCCLXXV;fol134v;Guerin_tome1-tome12.xml
JJ100;265;CCCCLXXVI;fol76v;Guerin_tome1-tome12.xml
JJ100;306;CCCCLXXVII;fol89v;Guerin_tome1-tome12.xml
JJ100;144;CCCCLXXVIII;fol45;Guerin_tome1-tome12.xml
JJ100;308;CCCCLXXIX;fol90;Guerin_tome1-tome12.xml
JJ100;551;CCCCLXXX;fol169v;Guerin_tome1-tome12.xml
JJ100;552;CCCCLXXXI;fol169v;Guerin_tome1-tome12.xml
JJ100;316;CCCCLXXXII;fol93;Guerin_tome1-tome12.xml
JJ100;28;CCCCLXXXIII;fol17;Guerin_tome1-tome12.xml
JJ100;275;CCCCLXXXIV;fol80;Guerin_tome1-tome12.xml
JJ100;276;CCCCLXXXV;fol80v;Guerin_tome1-tome12.xml
JJ100;280;CCCCLXXXVI;fol82;Guerin_tome1-tome12.xml
JJ100;395;CCCCLXXXVII;fol124;Guerin_tome1-tome12.xml
JJ100;26;CCCCLXXXVIII;fol16v;Guerin_tome1-tome12.xml
JJ100;400;CCCCLXXXIX;fol125;Guerin_tome1-tome12.xml
JJ100;804;CCCCXC;fol240;Guerin_tome1-tome12.xml
JJ100;472;CCCCXCI;fol147;Guerin_tome1-tome12.xml
JJ100;785;CCCCXCII;fol233v;Guerin_tome1-tome12.xml
JJ100;377;CCCCXCIII;fol119;Guerin_tome1-tome12.xml
JJ102;4;CCCCXCIV;fol7;Guerin_tome1-tome12.xml
JJ100;809bis;CCCCXCV;fol242;Guerin_tome1-tome12.xml
JJ100;754;CCCCXCVI;fol223v;Guerin_tome1-tome12.xml
JJ107;237;CCCCXCVII;fol112v;Guerin_tome1-tome12.xml
JJ100;746;CCCCXCVIII;fol220v;Guerin_tome1-tome12.xml
JJ100;566;CCCCXCIX;fol173;Guerin_tome1-tome12.xml
JJ104;337;D;fol140;Guerin_tome1-tome12.xml
JJ100;612;DI;fol183;Guerin_tome1-tome12.xml
JJ100;613;DII;fol183;Guerin_tome1-tome12.xml
JJ100;655;DIII;fol194v;Guerin_tome1-tome12.xml
JJ100;751;DIV;fol222;Guerin_tome1-tome12.xml
JJ102;60;DV;fol23v;Guerin_tome1-tome12.xml
JJ102;182;DVI;fol63;Guerin_tome1-tome12.xml
JJ100;694;DVII;fol206;Guerin_tome1-tome12.xml
JJ102;259;DVIII;fol86;Guerin_tome1-tome12.xml
JJ102;12;DIX;fol10;Guerin_tome1-tome12.xml
JJ102;135;DX;fol49v;Guerin_tome1-tome12.xml
JJ102(MuséeAEII*391);211;DXI;fol72;Guerin_tome1-tome12.xml
JJ102;296;DXII;fol96;Guerin_tome1-tome12.xml
JJ100;225;DXIII;fol77;Guerin_tome1-tome12.xml
JJ103;98;DXIV;fol59;Guerin_tome1-tome12.xml
JJ103;207;DXV;fol107;Guerin_tome1-tome12.xml
JJ103;317;DXVI;fol157;Guerin_tome1-tome12.xml
JJ103;171;DXVII;fol93;Guerin_tome1-tome12.xml
JJ110;89;DXVIII;fol52;Guerin_tome1-tome12.xml
JJ104;33;DXIX;fol14;Guerin_tome1-tome12.xml
JJ103;308;DXX;fol144;Guerin_tome1-tome12.xml
JJ103;215;DXXI;fol110v;Guerin_tome1-tome12.xml
JJ104;47;DXXII;fol20;Guerin_tome1-tome12.xml
JJ103;294;DXXIII;fol138;Guerin_tome1-tome12.xml
JJ103;297;DXXIV;fol139v;Guerin_tome1-tome12.xml
JJ103;302;DXXV;fol142;Guerin_tome1-tome12.xml
JJ103;367;DXXVI;fol177v;Guerin_tome1-tome12.xml
JJ103;254;DXXVII;fol128v;Guerin_tome1-tome12.xml
JJ103;341;DXXVIII;fol167;Guerin_tome1-tome12.xml
JJ104;131;DXXIX;fol61;Guerin_tome1-tome12.xml
JJ104;46;DXXX;fol20;Guerin_tome1-tome12.xml
JJ103;361;DXXXI;fol174;Guerin_tome1-tome12.xml
JJ103;365;DXXXII;fol176v;Guerin_tome1-tome12.xml
JJ103;354;DXXXIII;fol171v;Guerin_tome1-tome12.xml
JJ103;343;DXXXIV;fol167v;Guerin_tome1-tome12.xml
JJ104;68;DXXXV;fol33;Guerin_tome1-tome12.xml
JJ104;190;DXXXVI;fol82v;Guerin_tome1-tome12.xml
JJ103;353;DXXXVII;fol171;Guerin_tome1-tome12.xml
JJ103;360;DXXXVIII;fol173v;Guerin_tome1-tome12.xml
JJ199;252;DXXXIX;fol145;Guerin_tome1-tome12.xml
JJ199;252;DXL;fol148;Guerin_tome1-tome12.xml
JJ199;252;DXLI;fol146;Guerin_tome1-tome12.xml
JJ104;43;DXLII;fol19;Guerin_tome1-tome12.xml
JJ104;44;DXLIII;fol19;Guerin_tome1-tome12.xml
JJ104;44;DXLIV;fol19;Guerin_tome1-tome12.xml
JJ103;379;DXLV;fol183;Guerin_tome1-tome12.xml
JJ103;357;DXLVI;fol172v;Guerin_tome1-tome12.xml
JJ103;366;DXLVII;fol177;Guerin_tome1-tome12.xml
JJ103;326;DXLVIII;fol162;Guerin_tome1-tome12.xml
JJ103;307;DXLIX;fol143v;Guerin_tome1-tome12.xml
JJ103;368;DL;fol177v;Guerin_tome1-tome12.xml
JJ104;51;DLI;fol23;Guerin_tome1-tome12.xml
JJ104;56;DLII;fol26v;Guerin_tome1-tome12.xml
JJ103;371;DLIII;fol178v;Guerin_tome1-tome12.xml
JJ104;7;DLIV;fol7v;Guerin_tome1-tome12.xml
JJ104;38;DLV;fol16;Guerin_tome1-tome12.xml
JJ104;69;DLVI;fol33;Guerin_tome1-tome12.xml
JJ104;105;DLVI;fol49;Guerin_tome1-tome12.xml
JJ104;87;DLVI;fol41v;Guerin_tome1-tome12.xml
JJ104;115;DLVII;fol55;Guerin_tome1-tome12.xml
JJ107;194;DLVIII;fol91v;Guerin_tome1-tome12.xml
JJ104;138;DLIX;fol63v;Guerin_tome1-tome12.xml
JJ104;167;DLX;fol73;Guerin_tome1-tome12.xml
JJ104;248;DLXI;fol105v;Guerin_tome1-tome12.xml
JJ104;249;DLXII;fol106;Guerin_tome1-tome12.xml
JJ104;247;DLXIII;fol105v;Guerin_tome1-tome12.xml
JJ104;331;DLXIV;fol137;Guerin_tome1-tome12.xml
JJ105;145;DLXV;fol83v;Guerin_tome1-tome12.xml
JJ105;42;DLXVI;fol32;Guerin_tome1-tome12.xml
JJ105;6;DLXVII;fol13v;Guerin_tome1-tome12.xml
JJ105;180;DLXVIII;fol102v;Guerin_tome1-tome12.xml
JJ105;252;DLXIX;fol138v;Guerin_tome1-tome12.xml
JJ105;322;DLXX;fol173v;Guerin_tome1-tome12.xml
JJ105;307;DLXXI;fol164;Guerin_tome1-tome12.xml
JJ105;373;DLXXII;fol201;Guerin_tome1-tome12.xml
JJ105;403;DLXXIII;fol205;Guerin_tome1-tome12.xml
JJ105;404;DLXXIV;fol205;Guerin_tome1-tome12.xml
JJ105;464;DLXXV;fol238;Guerin_tome1-tome12.xml
JJ105;537;DLXXVI;fol269v;Guerin_tome1-tome12.xml
JJ105;497;DLXXVII;fol252v;Guerin_tome1-tome12.xml
JJ105;574;DLXXVIII;fol288v;Guerin_tome1-tome12.xml
JJ106;117;DLXXIX;fol70;Guerin_tome1-tome12.xml
JJ106;108;DLXXX;fol62;Guerin_tome1-tome12.xml
JJ105;561;DLXXXI;fol283v;Guerin_tome1-tome12.xml
JJ106;249;DLXXXII;fol136;Guerin_tome1-tome12.xml
JJ106;258;DLXXXIII;fol139;Guerin_tome1-tome12.xml
JJ107;68;DLXXXIV;fol31;Guerin_tome1-tome12.xml
JJ107;147;DLXXXV;fol66v;Guerin_tome1-tome12.xml
JJ107;321;DLXXXVI;fol161;Guerin_tome1-tome12.xml
JJ107;284;DLXXXVII;fol138;Guerin_tome1-tome12.xml
JJ107;343;DLXXXVIII;fol170;Guerin_tome1-tome12.xml
JJ108;75;DLXXXIX;fol49v;Guerin_tome1-tome12.xml
JJ108;78;DXC;fol51;Guerin_tome1-tome12.xml
JJ108;229;DXCI;fol133v;Guerin_tome1-tome12.xml
JJ109;67;DXCII;fol32v;Guerin_tome1-tome12.xml
JJ108;276;DXCIII;fol155v;Guerin_tome1-tome12.xml
JJ108;264;DXCIV;fol148v;Guerin_tome1-tome12.xml
JJ109;10;DXCV;fol10;Guerin_tome1-tome12.xml
JJ109;89;DXCVI;fol43v;Guerin_tome1-tome12.xml
JJ109;149;DXCVII;fol71v;Guerin_tome1-tome12.xml
JJ109;116;DXCVIII;fol56v;Guerin_tome1-tome12.xml
JJ109;280;DXCIX;fol129v;Guerin_tome1-tome12.xml
JJ110;51;DC;fol32;Guerin_tome1-tome12.xml
JJ110;82;DCI;fol 48;Guerin_tome1-tome12.xml
JJ110;125;DCII;fol 78;Guerin_tome1-tome12.xml
JJ110;275;DCIII;fol 164;Guerin_tome1-tome12.xml
JJ110;276;DCIV;fol 164 v°;Guerin_tome1-tome12.xml
JJ110;115;DCV;fol 66 v°;Guerin_tome1-tome12.xml
JJ110;237;DCVI;fol 139 v°;Guerin_tome1-tome12.xml
JJ110;252;DCVII;fol 149;Guerin_tome1-tome12.xml
JJ111;13;DCVIII;fol 12 v°;Guerin_tome1-tome12.xml
JJ110;310;DCIX;fol 183;Guerin_tome1-tome12.xml
JJ110;355;DCX;fol 203 v°;Guerin_tome1-tome12.xml
JJ111;169;DCXI;fol 86 v°;Guerin_tome1-tome12.xml
JJ111;170;DCXII;fol 87;Guerin_tome1-tome12.xml
JJ111;315;DCXIII;fol 164;Guerin_tome1-tome12.xml
JJ111;376;DCXIV;fol 195;Guerin_tome1-tome12.xml
JJ111;359;DCXV;fol 188 v°;Guerin_tome1-tome12.xml
JJ112;28;DCXVI;fol 23;Guerin_tome1-tome12.xml
JJ112;29;DCXVII;fol 24;Guerin_tome1-tome12.xml
JJ112;77;DCXVIII;fol 50;Guerin_tome1-tome12.xml
JJ112;144;DCXIX;fol 87 v°;Guerin_tome1-tome12.xml
JJ112;315;DCXX;fol 157 v°;Guerin_tome1-tome12.xml
JJ112;325;DCXXI;fol 163;Guerin_tome1-tome12.xml
JJ113;81;DCXXII;fol 32;Guerin_tome1-tome12.xml
JJ113;118;DCXXIII;fol 50 v°;Guerin_tome1-tome12.xml
JJ113;316;DCXXIV;fol 157;Guerin_tome1-tome12.xml
JJ113;319;DCXXV;fol 158;Guerin_tome1-tome12.xml
JJ113;331;DCXXVI;fol 162bis;Guerin_tome1-tome12.xml
JJ113;349;DCXXVII;fol 170;Guerin_tome1-tome12.xml
JJ114;204;DCXXVIII;fol 102 v°;Guerin_tome1-tome12.xml
JJ114;273;DCXXIX;fol 145;Guerin_tome1-tome12.xml
JJ115;62;DCXXX;fol 28 v°;Guerin_tome1-tome12.xml
JJ115;282;DCXXXI;fol 139;Guerin_tome1-tome12.xml
JJ115;304;DCXXXII;fol 148 v°;Guerin_tome1-tome12.xml
JJ116;62;DCXXXIII;fol 35 v°;Guerin_tome1-tome12.xml
JJ116;208;DCXXXIV;fol 122;Guerin_tome1-tome12.xml
JJ116;216;DCXXXV;fol 128;Guerin_tome1-tome12.xml
JJ117;112;DCXXXVI;fol 83 v°;Guerin_tome1-tome12.xml
JJ117;224;DCXXXVII;fol 145;Guerin_tome1-tome12.xml
JJ118;52;DCXXXVIII;fol 36;Guerin_tome1-tome12.xml
JJ118;123;DCXXXIX;fol 66 v°;Guerin_tome1-tome12.xml
JJ118;87;DCXL;fol 48;Guerin_tome1-tome12.xml
JJ118;395;DCXLI;fol 211 v°;Guerin_tome1-tome12.xml
JJ118;442;DCXLII;fol 233;Guerin_tome1-tome12.xml
JJ119;154;DCXLIII;fol 101;Guerin_tome1-tome12.xml
JJ119;159;DCXLIV;fol 103;Guerin_tome1-tome12.xml
JJ119;309;DCXLV;fol 192;Guerin_tome1-tome12.xml
JJ119;323;DCXLVII;fol 197;Guerin_tome1-tome12.xml
JJ119;402;DCXLVIII;fol 234 v°;Guerin_tome1-tome12.xml
JJ119;428;DCXLIX;fol 249;Guerin_tome1-tome12.xml
JJ120;26;DCL;fol 17 v°;Guerin_tome1-tome12.xml
JJ120;2;DCLI;fol 6 v°;Guerin_tome1-tome12.xml
JJ120;56;DCLII;fol 34 v°;Guerin_tome1-tome12.xml
JJ120;160;DCLIII;fol 80 v°;Guerin_tome1-tome12.xml
JJ120;308;DCLIV;fol 150;Guerin_tome1-tome12.xml
JJ120;304;DCLV;fol 148 v°;Guerin_tome1-tome12.xml
JJ120;355;DCLVI;fol 172 v°;Guerin_tome1-tome12.xml
JJ121;113;DCLVII;fol 62;Guerin_tome1-tome12.xml
JJ122;2;DCLVIII;fol 7;Guerin_tome1-tome12.xml
JJ122;129;DCLIX;fol 63;Guerin_tome1-tome12.xml
JJ122;113;DCLX;fol 56;Guerin_tome1-tome12.xml
JJ122;95;DCLXI;fol 49;Guerin_tome1-tome12.xml
JJ122;102;DCLXII;fol 51 v°;Guerin_tome1-tome12.xml
JJ123;167;DCLXIII;fol 87;Guerin_tome1-tome12.xml
JJ122;324;DCLXIV;fol 159;Guerin_tome1-tome12.xml
JJ122;364;DCLXV;fol 175 v°;Guerin_tome1-tome12.xml
JJ123;22;DCLXVI;fol 13 v°;Guerin_tome1-tome12.xml
JJ124;104;DCLXVII;fol 60;Guerin_tome1-tome12.xml
JJ124;150;DCLXVIII;fol 87;Guerin_tome1-tome12.xml
JJ125;208;DCLXIX;fol 119;Guerin_tome1-tome12.xml
JJ124;214;DCLXX;fol 121;Guerin_tome1-tome12.xml
JJ124;277;DCLXXI;fol 161;Guerin_tome1-tome12.xml
JJ124;318;DCLXXII;fol 181;Guerin_tome1-tome12.xml
JJ125;9;DCLXXIII;fol 8;Guerin_tome1-tome12.xml
JJ126;126;DCLXXIV;fol 82 v°;Guerin_tome1-tome12.xml
JJ125;93;DCLXXV;fol 56;Guerin_tome1-tome12.xml
JJ125;134;DCLXXVI;fol 79 v°;Guerin_tome1-tome12.xml
JJ125;162;DCLXXVII;fol 93v;Guerin_tome1-tome12.xml
JJ125;252;DCLXXVIII;fol 141;Guerin_tome1-tome12.xml
JJ126;24;DCLXXIX;fol 13 v°;Guerin_tome1-tome12.xml
JJ126;32;DCLXXX;fol 17 v°;Guerin_tome1-tome12.xml
JJ126;82;DCLXXXI;fol 52 v°;Guerin_tome1-tome12.xml
JJ126;143;DCLXXXII;fol 95;Guerin_tome1-tome12.xml
JJ126;100;DCLXXXIII;fol 62 v°;Guerin_tome1-tome12.xml
JJ126;160;DCLXXXIV;fol 103;Guerin_tome1-tome12.xml
JJ126;210;DCLXXXV;fol 138;Guerin_tome1-tome12.xml
JJ126;193;DCLXXXVI;fol 126;Guerin_tome1-tome12.xml
JJ126;294;DCLXXXVII;fol 183 v°;Guerin_tome1-tome12.xml
JJ126;243;DCLXXXVIII;fol 154 v°;Guerin_tome1-tome12.xml
JJ126;257;DCLXXXIX;fol 161 v°;Guerin_tome1-tome12.xml
JJ127;1;DCXC;fol 1;Guerin_tome1-tome12.xml
JJ127;67;DCXCI;fol 44;Guerin_tome1-tome12.xml
JJ127;86;DCXCII;fol 54 v°;Guerin_tome1-tome12.xml
JJ127;283;DCXCIII;fol 174;Guerin_tome1-tome12.xml
JJ128;100;DCXCIV;fol 59;Guerin_tome1-tome12.xml
JJ128;124;DCXCV;fol 72;Guerin_tome1-tome12.xml
JJ128;130;DCXCVI;fol 75 v°;Guerin_tome1-tome12.xml
JJ128;138;DCXCVII;fol 80;Guerin_tome1-tome12.xml
JJ128;146;DCXCVIII;fol 83 v°;Guerin_tome1-tome12.xml
JJ128;161;DCXCIX;fol 92;Guerin_tome1-tome12.xml
JJ128;242;DCC;fol 138 v°;Guerin_tome1-tome12.xml
JJ129;20;DCCI;fol 12 v°;Guerin_tome1-tome12.xml
JJ129;134;DCCII;fol 85;Guerin_tome1-tome12.xml
JJ129;136;DCCIII;fol 86 v°;Guerin_tome1-tome12.xml
JJ129;165;DCCIV;fol 104;Guerin_tome1-tome12.xml
JJ131;1;DCCV;fol 1;Guerin_tome1-tome12.xml
JJ132;56;DCCVI;fol 33 v°;Guerin_tome1-tome12.xml
JJ130;58;DCCVII;fol 33;Guerin_tome1-tome12.xml
JJ130;157;DCCVIII;fol 84 v°;Guerin_tome1-tome12.xml
JJ130;273;DCCIX;fol 154 v°;Guerin_tome1-tome12.xml
JJ130;268;DCCX;fol 151 v°;Guerin_tome1-tome12.xml
JJ131;62;DCCXI;fol 35;Guerin_tome1-tome12.xml
JJ133;5;DCCXII;fol 2;Guerin_tome1-tome12.xml
JJ131;161;DCCXIII;fol 99;Guerin_tome1-tome12.xml
JJ132;81;DCCXIV;fol 45;Guerin_tome1-tome12.xml
JJ132;19;DCCXV;fol 9 v°;Guerin_tome1-tome12.xml
JJ132;22;DCCXVI;fol 11 v°;Guerin_tome1-tome12.xml
JJ132;43;DCCXVII;fol 24;Guerin_tome1-tome12.xml
JJ132;60;DCCXVIII;fol 35 v°;Guerin_tome1-tome12.xml
JJ132;112;DCCXIX;fol 62 v°;Guerin_tome1-tome12.xml
JJ132;158;DCCXX;fol 87;Guerin_tome1-tome12.xml
JJ132;200;DCCXXI;fol 107 v°;Guerin_tome1-tome12.xml
JJ133;18;DCCXXII;fol 7 v°;Guerin_tome1-tome12.xml
JJ133;20;DCCXXIII;fol 8 v°;Guerin_tome1-tome12.xml
JJ133;186;DCCXXIV;fol 107;Guerin_tome1-tome12.xml
JJ133;135;DCCXXV;fol 82;Guerin_tome1-tome12.xml
JJ133;191;DCCXXVI;fol 109 v°;Guerin_tome1-tome12.xml
JJ135;78;DCCXXVII;fol 45;Guerin_tome1-tome12.xml
JJ135;127;DCCXXVIII;fol 72;Guerin_tome1-tome12.xml
JJ135;306;DCCXXIX;fol 165 v°;Guerin_tome1-tome12.xml
JJ136;43;DCCXXX;fol 24;Guerin_tome1-tome12.xml
JJ136;94;DCCXXXI;fol 50 v°;Guerin_tome1-tome12.xml
JJ136;161;DCCXXXII;fol 82 v°;Guerin_tome1-tome12.xml
JJ138;87;DCCXXXIII;fol 105;Guerin_tome1-tome12.xml
JJ136;175;DCCXXXIV;fol 94;Guerin_tome1-tome12.xml
JJ136;255;DCCXXXV;fol 156 v°;Guerin_tome1-tome12.xml
JJ136;277;DCCXXXVI;fol 171;Guerin_tome1-tome12.xml
JJ136;279;DCCXXXVII;fol 172 v°;Guerin_tome1-tome12.xml
JJ138;98;DCCXXXVIII;fol 118;Guerin_tome1-tome12.xml
JJ138;118;DCCXXXIX;fol 148 v°;Guerin_tome1-tome12.xml
JJ138;219;DCCXL;fol263;Guerin_tome1-tome12.xml
JJ138;225;DCCXLI;fol270;Guerin_tome1-tome12.xml
JJ139;208;DCCXLII;fol249;Guerin_tome1-tome12.xml
JJ139;17;DCCXLIII;fol26;Guerin_tome1-tome12.xml
JJ139;30;DCCXLIV;fol40;Guerin_tome1-tome12.xml
JJ139;92;DCCXLV;fol109;Guerin_tome1-tome12.xml
JJ139;96;DCCXLVI;fol113;Guerin_tome1-tome12.xml
JJ139;212;DCCXLVII;fol255;Guerin_tome1-tome12.xml
JJ139;160;DCCXLVIII;fol187;Guerin_tome1-tome12.xml
JJ145;396;DCCXLIX;fol172v;Guerin_tome1-tome12.xml
JJ145;442;DCCXLIX;fol200;Guerin_tome1-tome12.xml
JJ147;199;DCCL;fol93v;Guerin_tome1-tome12.xml
JJ140;49;DCCLI;p60;Guerin_tome1-tome12.xml
JJ140;70;DCCLII;p86;Guerin_tome1-tome12.xml
JJ140;277;DCCLIII;p326;Guerin_tome1-tome12.xml
JJ140;294;DCCLIV;p346;Guerin_tome1-tome12.xml
JJ141;103;DCCLV;fol58v;Guerin_tome1-tome12.xml
JJ142;30;DCCLVI;fol18;Guerin_tome1-tome12.xml
JJ141;280;DCCLVII;fol161v;Guerin_tome1-tome12.xml
JJ141;283;DCCLVIII;fol163;Guerin_tome1-tome12.xml
JJ141;292;DCCLIX;fol167;Guerin_tome1-tome12.xml
JJ141;298;DCCLX;fol170v;Guerin_tome1-tome12.xml
JJ141;303;DCCLXI;fol172v;Guerin_tome1-tome12.xml
JJ142;57;DCCLXII;fol34v;Guerin_tome1-tome12.xml
JJ142;90;DCCLXIII;fol60v;Guerin_tome1-tome12.xml
JJ142;100;DCCLXIV;fol66;Guerin_tome1-tome12.xml
JJ142;150;DCCLXV;fol91;Guerin_tome1-tome12.xml
JJ142;213;DCCLXVI;fol123v;Guerin_tome1-tome12.xml
JJ142;216;DCCLXVII;fol125;Guerin_tome1-tome12.xml
JJ142;279;DCCLXVIII;fol157;Guerin_tome1-tome12.xml
JJ143;11;DCCLXIX;fol6v;Guerin_tome1-tome12.xml
JJ143;59;DCCLXX;fol32;Guerin_tome1-tome12.xml
JJ143;258;DCCLXXI;fol135;Guerin_tome1-tome12.xml
JJ143;196;DCCLXXII;fol104;Guerin_tome1-tome12.xml
JJ224;10;DCCLXXIII;fol11v;Guerin_tome1-tome12.xml
JJ143;292;DCCLXXIV;fol162;Guerin_tome1-tome12.xml
JJ143;260;DCCLXXV;fol136;Guerin_tome1-tome12.xml
JJ144;55;DCCLXXVI;fol26;Guerin_tome1-tome12.xml
JJ144;67;DCCLXXVII;fol33;Guerin_tome1-tome12.xml
JJ144;132;DCCLXXVIII;fol101;Guerin_tome1-tome12.xml
JJ144;102;DCCLXXIX;fol56v;Guerin_tome1-tome12.xml
JJ144;127;DCCLXXX;fol69;Guerin_tome1-tome12.xml
JJ144;189;DCCLXXXI;fol105;Guerin_tome1-tome12.xml
JJ144;265;DCCLXXXII;fol157;Guerin_tome1-tome12.xml
JJ144;286;DCCLXXXIII;fol168v;Guerin_tome1-tome12.xml
JJ144;299;DCCLXXXIV;fol175;Guerin_tome1-tome12.xml
JJ144;392;DCCLXXXV;fol229;Guerin_tome1-tome12.xml
JJ145;4;DCCLXXXVI;fol2;Guerin_tome1-tome12.xml
JJ145;85;DCCLXXXVII;fol38;Guerin_tome1-tome12.xml
JJ145;321;DCCLXXXVIII;fol139v;Guerin_tome1-tome12.xml
JJ146;171;DCCLXXXIX;fol89;Guerin_tome1-tome12.xml
JJ145;464;DCCXC;fol213;Guerin_tome1-tome12.xml
JJ145;516;DCCXCI;fol230v;Guerin_tome1-tome12.xml
JJ146;40;DCCXCII;fol17;Guerin_tome1-tome12.xml
JJ146;108;DCCXCIII;fol51v;Guerin_tome1-tome12.xml
JJ146;132;DCCXCIV;fol66v;Guerin_tome1-tome12.xml
JJ146;171;DCCXCV;fol89;Guerin_tome1-tome12.xml
JJ146;208;DCCXCVI;fol108;Guerin_tome1-tome12.xml
JJ146;247;DCCXCVII;fol132v;Guerin_tome1-tome12.xml
JJ146;280;DCCXCVIII;fol147;Guerin_tome1-tome12.xml
JJ146;401;DCCXCIX;fol213v;Guerin_tome1-tome12.xml
JJ147;10;DCCC;fol4v;Guerin_tome1-tome12.xml
JJ147;153;DCCCI;fol70v;Guerin_tome1-tome12.xml
JJ147;169;DCCCII;fol79;Guerin_tome1-tome12.xml
JJ147;298;DCCCIII;fol135;Guerin_tome1-tome12.xml
JJ153;105;DCCCIV;fol51;Guerin_tome1-tome12.xml
JJ148;84;DCCCV;fol52;Guerin_tome1-tome12.xml
JJ148;187;DCCCVI;fol9;Guerin_tome1-tome12.xml
JJ148;243;DCCCVII;fol123v;Guerin_tome1-tome12.xml
JJ148;267;DCCCVIII;fol135;Guerin_tome1-tome12.xml
JJ148;321;DCCCIX;fol164;Guerin_tome1-tome12.xml
JJ149;39;DCCCX;fol15v;Guerin_tome1-tome12.xml
JJ149;82;DCCCXI;fol59v;Guerin_tome1-tome12.xml
JJ140;80;DCCCXII;fol60v;Guerin_tome1-tome12.xml
JJ149;89;DCCCXIII;fol61v;Guerin_tome1-tome12.xml
JJ150;76;DCCCXIV;fol39v;Guerin_tome1-tome12.xml
JJ151;316;DCCCXV;fol156v;Guerin_tome1-tome12.xml
JJ149;92;DCCCXVI;fol63;Guerin_tome1-tome12.xml
JJ149;123;DCCCXVII;fol76v;Guerin_tome1-tome12.xml
JJ149;142;DCCCXVIII;fol85;Guerin_tome1-tome12.xml
JJ149;195;DCCCXIX;fol105v;Guerin_tome1-tome12.xml
JJ149;217;DCCCXX;fol114v;Guerin_tome1-tome12.xml
JJ149;220;DCCCXXI;fol115v;Guerin_tome1-tome12.xml
JJ150;50;DCCCXXII;fol26v;Guerin_tome1-tome12.xml
JJ150;213;DCCCXXIII;fol103v;Guerin_tome1-tome12.xml
JJ151;4;DCCCXXIV;fol1v;Guerin_tome1-tome12.xml
JJ150;258;DCCCXXV;fol124;Guerin_tome1-tome12.xml
JJ150;321;DCCCXXVI;fol152;Guerin_tome1-tome12.xml
JJ151;93;DCCCXXVII;fol43;Guerin_tome1-tome12.xml
JJ151;122;DCCCXXVIII;fol57v;Guerin_tome1-tome12.xml
JJ151;187;DCCCXXIX;fol88;Guerin_tome1-tome12.xml
JJ151;197;DCCCXXX;fol93v;Guerin_tome1-tome12.xml
JJ151;315;DCCCXXXI;fol156;Guerin_tome1-tome12.xml
JJ151;261;DCCCXXXII;fol129;Guerin_tome1-tome12.xml
JJ151;356;DCCCXXXIII;fol177v;Guerin_tome1-tome12.xml
JJ152;104;DCCCXXXIV;fol60;Guerin_tome1-tome12.xml
JJ152;123;DCCCXXXV;fol74;Guerin_tome1-tome12.xml
JJ152;181;DCCCXXXVI;fol100v;Guerin_tome1-tome12.xml
JJ153;77;DCCCXXXVII;fol37;Guerin_tome1-tome12.xml
JJ153;94;DCCCXXXVIII;fol46;Guerin_tome1-tome12.xml
JJ153;136bis;DCCCXXXIX;fol84;Guerin_tome1-tome12.xml
JJ153;219;DCCCXL;fol118;Guerin_tome1-tome12.xml
JJ158;378;DCCCXLI;fol258;Guerin_tome1-tome12.xml
JJ153;280;DCCCXLII;fol182v;Guerin_tome1-tome12.xml
JJ153;311bis;DCCCXLIII;fol214;Guerin_tome1-tome12.xml
JJ162;384;DCCCXLIV;fol286v;Guerin_tome1-tome12.xml
JJ153;350;DCCCXLV;fol241v;Guerin_tome1-tome12.xml
JJ153;444;DCCCXLVI;fol276v;Guerin_tome1-tome12.xml
JJ153;418;DCCCXLVII;fol281;Guerin_tome1-tome12.xml
JJ153;440;DCCCXLVIII;fol296;Guerin_tome1-tome12.xml
JJ153;461;DCCCXLIX;fol307v;Guerin_tome1-tome12.xml
JJ154;165;DCCCL;fol98v;Guerin_tome1-tome12.xml
JJ153;538;DCCCLI;fol354;Guerin_tome1-tome12.xml
JJ154;47;DCCCLII;fol25;Guerin_tome1-tome12.xml
JJ154;66;DCCCLIII;fol35;Guerin_tome1-tome12.xml
JJ154;121;DCCCLIV;fol65v;Guerin_tome1-tome12.xml
JJ154;326;DCCCLV;fol199v;Guerin_tome1-tome12.xml
JJ154;384;DCCCLVI;fol226;Guerin_tome1-tome12.xml
JJ154;391;DCCCLVII;fol229v;Guerin_tome1-tome12.xml
JJ154;595;DCCCLVIII;fol334v;Guerin_tome1-tome12.xml
JJ154;635;DCCCLIX;fol359;Guerin_tome1-tome12.xml
JJ155;126;DCCCLX;fol73;Guerin_tome1-tome12.xml
JJ155;36;DCCCLXI;fol19v;Guerin_tome1-tome12.xml
JJ155;38;DCCCLXII;fol21;Guerin_tome1-tome12.xml
JJ155;437;DCCCLXIII;fol80v;Guerin_tome1-tome12.xml
JJ155;107;DCCCLXIV;fol62;Guerin_tome1-tome12.xml
JJ155;164;DCCCLXV;fol100;Guerin_tome1-tome12.xml
JJ155;204bis;DCCCLXVI;fol127;Guerin_tome1-tome12.xml
JJ155;298;DCCCLXVII;fol182v;Guerin_tome1-tome12.xml
JJ155;389;DCCCLXVIII;fol234;Guerin_tome1-tome12.xml
JJ155;366;DCCCLXIX;fol219;Guerin_tome1-tome12.xml
JJ155;455;DCCCLXX;fol276v;Guerin_tome1-tome12.xml
JJ156;36;DCCCLXXI;fol20v;Guerin_tome1-tome12.xml
JJ156;69;DCCCLXXII;fol40;Guerin_tome1-tome12.xml
JJ156;95;DCCCLXXIII;fol53v;Guerin_tome1-tome12.xml
JJ157;35;DCCCLXXIV;fol28;Guerin_tome1-tome12.xml
JJ157;34;DCCCLXXV;fol27;Guerin_tome1-tome12.xml
JJ156;219bis;DCCCLXXVI;fol139;Guerin_tome1-tome12.xml
JJ156;313;DCCCLXXVII;fol196;Guerin_tome1-tome12.xml
JJ156;400;DCCCLXXVIII;fol242v;Guerin_tome1-tome12.xml
JJ157;1bis;DCCCLXXIX;fol9;Guerin_tome1-tome12.xml
JJ157;11;DCCCLXXX;fol14v;Guerin_tome1-tome12.xml
JJ157;164;DCCCLXXXI;fol102v;Guerin_tome1-tome12.xml
JJ157;328;DCCCLXXXII;fol201;Guerin_tome1-tome12.xml
JJ157;170;DCCCLXXXIII;fol105v;Guerin_tome1-tome12.xml
JJ158;103;DCCCLXXXIV;fol58v;Guerin_tome1-tome12.xml
JJ157;413;DCCCLXXXV;fol243v;Guerin_tome1-tome12.xml
JJ158;334;DCCCLXXXVI;fol182v;Guerin_tome1-tome12.xml
JJ158;2;DCCCLXXXVII;fol1;Guerin_tome1-tome12.xml
JJ158;34;DCCCLXXXVIII;fol19v;Guerin_tome1-tome12.xml
JJ158;41;DCCCLXXXIX;fol23;Guerin_tome1-tome12.xml
JJ158;79;DCCCXC;fol 44 v°;Guerin_tome1-tome12.xml
JJ158;202;DCCCXCI;fol 102 v°;Guerin_tome1-tome12.xml
JJ159;147;DCCCXCII;fol 85;Guerin_tome1-tome12.xml
JJ158;293;DCCCXCIII;fol 158 v°;Guerin_tome1-tome12.xml
JJ158;329;DCCCXCIV;fol 179 v°;Guerin_tome1-tome12.xml
JJ158;299;DCCCXCV;fol 162 v°;Guerin_tome1-tome12.xml
JJ158;360;DCCCXCVI;fol 198;Guerin_tome1-tome12.xml
JJ158;417;DCCCXCVII;fol 239;Guerin_tome1-tome12.xml
JJ158;451;DCCCXCVIII;fol 260;Guerin_tome1-tome12.xml
JJ158;391;DCCCXCIX;fol 216;Guerin_tome1-tome12.xml
JJ159;17;DCCCC;fol 9;Guerin_tome1-tome12.xml
JJ159;4;DCCCCI;fol 1 v°;Guerin_tome1-tome12.xml
JJ159;73;DCCCCII;fol 42;Guerin_tome1-tome12.xml
JJ159;52;DCCCCIII;fol 30 v°;Guerin_tome1-tome12.xml
JJ159;72;DCCCCIV;fol 41;Guerin_tome1-tome12.xml
JJ159;82 bis;DCCCCV;fol 47 v°;Guerin_tome1-tome12.xml
JJ159;123;DCCCCVI;fol 70;Guerin_tome1-tome12.xml
JJ159;315;DCCCCVII;fol 187;Guerin_tome1-tome12.xml
JJ159;317;DCCCCVIII;fol 188;Guerin_tome1-tome12.xml
JJ159;332;DCCCCIX;fol 196;Guerin_tome1-tome12.xml
JJ160;75;DCCCCX;fol 60 v°;Guerin_tome1-tome12.xml
JJ160;91;DCCCCXI;fol 70 v°;Guerin_tome1-tome12.xml
JJ160;105;DCCCCXII;fol 79 v°;Guerin_tome1-tome12.xml
JJ160;212;DCCCCXIII;fol 143;Guerin_tome1-tome12.xml
JJ160;223;DCCCCXIV;fol 152 v°;Guerin_tome1-tome12.xml
JJ160;245;DCCCCXV;fol 170 v°;Guerin_tome1-tome12.xml
JJ160;268;DCCCCXVI;fol 186;Guerin_tome1-tome12.xml
JJ160;279;DCCCCXVII;fol 199;Guerin_tome1-tome12.xml
JJ160;265;DCCCCXVIII;fol 184;Guerin_tome1-tome12.xml
JJ161;256;DCCCCXIX;fol 169 v°;Guerin_tome1-tome12.xml
JJ161;258;DCCCCXX;fol 172;Guerin_tome1-tome12.xml
JJ161;321;DCCCCXXI;fol 216;Guerin_tome1-tome12.xml
JJ162;184;DCCCCXXII;fol 158;Guerin_tome1-tome12.xml
JJ162;185;DCCCCXXIII;fol 144;Guerin_tome1-tome12.xml
JJ162;186;DCCCCXXIII;fol145;Guerin_tome1-tome12.xml
JJ162;175;DCCCCXXIV;fol 134 v°;Guerin_tome1-tome12.xml
JJ162;272;DCCCCXXV;fol 212 v°;Guerin_tome1-tome12.xml
JJ162;291;DCCCCXXVI;fol 226;Guerin_tome1-tome12.xml
JJ162;349;DCCCCXXVII;fol 267 v°;Guerin_tome1-tome12.xml
JJ162;383;DCCCCXXVIII;fol 286;Guerin_tome1-tome12.xml
JJ162;384;DCCCCXXIX;fol 286 v°;Guerin_tome1-tome12.xml
JJ163;34;DCCCCXXX;fol 14;Guerin_tome1-tome12.xml
JJ163;39;DCCCCXXXI;fol 16;Guerin_tome1-tome12.xml
JJ163;40;DCCCCXXXII;fol 16 v°;Guerin_tome1-tome12.xml
JJ163;62;DCCCCXXXIII;fol 29 v°;Guerin_tome1-tome12.xml
JJ163;63;DCCCCXXXIII;fol 29 v°;Guerin_tome1-tome12.xml
JJ163;64;DCCCCXXXIV;fol 29 v°;Guerin_tome1-tome12.xml
JJ163;82;DCCCCXXXV;fol 37 v°;Guerin_tome1-tome12.xml
JJ163;108;DCCCCXXXVI;fol 58 v°;Guerin_tome1-tome12.xml
JJ163;117;DCCCCXXXVII;fol 63 v°;Guerin_tome1-tome12.xml
JJ163;233;DCCCCXXXVIII;fol 131 v°;Guerin_tome1-tome12.xml
JJ164;10;DCCCCXXXIX;fol 5 v°;Guerin_tome1-tome12.xml
JJ163;468;DCCCCXL;fol 261;Guerin_tome1-tome12.xml
JJ164;260;DCCCCXLI;fol 141 v°;Guerin_tome1-tome12.xml
JJ164;135;DCCCCXLII;fol 77;Guerin_tome1-tome12.xml
JJ164;146;DCCCCXLIII;fol 83 v°;Guerin_tome1-tome12.xml
JJ164;168;DCCCCXLIV;fol 93 v°;Guerin_tome1-tome12.xml
JJ164;159;DCCCCXLV;fol 89 v°;Guerin_tome1-tome12.xml
JJ164;241;DCCCCXLVI;fol 132;Guerin_tome1-tome12.xml
JJ164;257;DCCCCXLVII;fol 139 v°;Guerin_tome1-tome12.xml
JJ164;292;DCCCCXLVIII;fol 153 v°;Guerin_tome1-tome12.xml
JJ164;300;DCCCCXLIX;fol 156;Guerin_tome1-tome12.xml
JJ165;115;DCCCCL;fol 72;Guerin_tome1-tome12.xml
JJ165;142;DCCCCLI;fol 88 v°;Guerin_tome1-tome12.xml
JJ165;177;DCCCCLII;fol 104 v°;Guerin_tome1-tome12.xml
JJ165;158;DCCCCLIII;fol 97 v°;Guerin_tome1-tome12.xml
JJ166;108;DCCCCLIV;fol 68 v°;Guerin_tome1-tome12.xml
JJ166;174;DCCCCLV;fol 115 v°;Guerin_tome1-tome12.xml
JJ166;233;DCCCCLVI;fol 153;Guerin_tome1-tome12.xml
JJ166;252;DCCCCLVII;fol 166;Guerin_tome1-tome12.xml
JJ166;359;DCCCCLVIII;fol 237 v°;Guerin_tome1-tome12.xml
JJ168;101;DCCCCLIX;fol 74;Guerin_tome1-tome12.xml
JJ167;58;DCCCCLX;p 90;Guerin_tome1-tome12.xml
JJ167;78;DCCCCLXI;p 114;Guerin_tome1-tome12.xml
JJ167;104;DCCCCLXII;p 153;Guerin_tome1-tome12.xml
JJ168;104;DCCCCLXIII;fol 76 v°;Guerin_tome1-tome12.xml
JJ167;317;DCCCCLXIV;p 458;Guerin_tome1-tome12.xml
JJ167;304;DCCCCLXV;p 438;Guerin_tome1-tome12.xml
JJ167;319;DCCCCLXVI;p 460;Guerin_tome1-tome12.xml
JJ167;346;DCCCCLXVII;p 500;Guerin_tome1-tome12.xml
JJ167;323;DCCCCLXVIII;p 466;Guerin_tome1-tome12.xml
JJ167;331;DCCCCLXIX;p 475;Guerin_tome1-tome12.xml
JJ167;335;DCCCCLXX;p 481;Guerin_tome1-tome12.xml
JJ167;473;DCCCCLXXI;p 639;Guerin_tome1-tome12.xml
JJ167;478;DCCCCLXXII;p 645;Guerin_tome1-tome12.xml
JJ167;482;DCCCCLXXIII;p 650;Guerin_tome1-tome12.xml
JJ169;33;DCCCCLXXIV;fol 23;Guerin_tome1-tome12.xml
JJ168;290;DCCCCLXXV;fol 190;Guerin_tome1-tome12.xml
JJ168;349;DCCCCLXXVI;fol 233 v°;Guerin_tome1-tome12.xml
JJ168;354;DCCCCLXXVII;fol 236 v°;Guerin_tome1-tome12.xml
JJ168;396;DCCCCLXXVIII;fol 263 v°;Guerin_tome1-tome12.xml
JJ169;69;DCCCCLXXIX;fol 50 v°;Guerin_tome1-tome12.xml
JJ169;157;DCCCCLXXX;fol 113 v°;Guerin_tome1-tome12.xml
JJ169;113;DCCCCLXXXI;fol 79;Guerin_tome1-tome12.xml
JJ169;371;DCCCCLXXXII;fol 248;Guerin_tome1-tome12.xml
JJ169;387;DCCCCLXXXIII;fol 258;Guerin_tome1-tome12.xml
JJ169;416;DCCCCLXXXIV;fol 278;Guerin_tome1-tome12.xml
JJ170;76;DCCCCLXXXV;fol 101;Guerin_tome1-tome12.xml
JJ170;54;DCCCCLXXXVI;fol 81;Guerin_tome1-tome12.xml
JJ170;73;DCCCCLXXXVII;fol 99;Guerin_tome1-tome12.xml
JJ170;83;DCCCCLXXXVIII;fol 105;Guerin_tome1-tome12.xml
JJ170;137;DCCCCLXXXIX;fol 143;Guerin_tome1-tome12.xml
JJ170;112;DCCCCXC;fol 126 v°;Guerin_tome1-tome12.xml
JJ170;132;DCCCCXCI;fol 139 v°;Guerin_tome1-tome12.xml
JJ171;29;DCCCCXCIII;fol 19;Guerin_tome1-tome12.xml
JJ171;154;DCCCCXCIV;fol 93 v°;Guerin_tome1-tome12.xml
JJ224;59;MI;fol 73;Guerin_tome1-tome12.xml
JJ232;94;MI;fol 36;Guerin_tome1-tome12.xml
JJ219;22;MVII;fol 14 v°;Guerin_tome1-tome12.xml
JJ199;252;MXII;fol 148;Guerin_tome1-tome12.xml
JJ199;252;MXIII;fol 145 v°-146 v°;Guerin_tome1-tome12.xml
JJ217;141;MXVII;fol 83 v°;Guerin_tome1-tome12.xml
JJ231;101;MXVII;fol 57;Guerin_tome1-tome12.xml
JJ213;52;MXX;fol 45;Guerin_tome1-tome12.xml
JJ173;716;MXXI;fol 346 v°;Guerin_tome1-tome12.xml
JJ174;40;MXXII;fol 14 v°;Guerin_tome1-tome12.xml
JJ174;24;MXXIII;fol 9 v°;Guerin_tome1-tome12.xml
JJ200;205;MXXVII;fol 109v;Guerin_tome1-tome12.xml
JJ211;478;MXXVII;106v;Guerin_tome1-tome12.xml
JJ177;209;MXXVIII;fol 139;Guerin_tome1-tome12.xml
JJ216;79;MXXIX;fol 64;Guerin_tome1-tome12.xml
JJ224;10;MXXIX;fol 11v;Guerin_tome1-tome12.xml
JJ199;252;MXXXII;fol 146 v°;Guerin_tome1-tome12.xml
JJ198;359;MXXXIII;fol 315 v°;Guerin_tome1-tome12.xml
JJ198;103;MXXXVI;fol 104;Guerin_tome1-tome12.xml
JJ210;81;MXXXVI;fol 52;Guerin_tome1-tome12.xml
JJ175;365;MXXXVII;fol 131 v°;Guerin_tome1-tome12.xml
JJ218;143;MXXXIX;fol 83;Guerin_tome1-tome12.xml
JJ199;252;MXLI;fol 147;Guerin_tome1-tome12.xml
JJ200;206;MXLII;fol 110;Guerin_tome1-tome12.xml
JJ211;401;MXLIII;fol 88 v°;Guerin_tome1-tome12.xml
JJ224;59;MXLIV;fol 73;Guerin_tome1-tome12.xml
JJ232;94;MXLIV;fol 36;Guerin_tome1-tome12.xml
JJ176;71;MXLV;fol 45;Guerin_tome1-tome12.xml
JJ200;204;MXLVI;fol 108v;Guerin_tome1-tome12.xml
JJ211;477;MXLVI;fol 106;Guerin_tome1-tome12.xml
JJ176;84;MXLVII;fol 50 v°;Guerin_tome1-tome12.xml
JJ176;59;MXLVIII;fol 41;Guerin_tome1-tome12.xml
JJ176;382;MXLIX;fol 268 v°;Guerin_tome1-tome12.xml
JJ176;385;ML;fol 270;Guerin_tome1-tome12.xml
JJ176;397;MLI;fol 274 v°;Guerin_tome1-tome12.xml
JJ176;400;MLII;fol 275 v°;Guerin_tome1-tome12.xml
JJ184;592;MLIII;fol 401;Guerin_tome1-tome12.xml
JJ176;260;MLIV;fol 205;Guerin_tome1-tome12.xml
JJ176;178;MLV;fol 121;Guerin_tome1-tome12.xml
JJ184;594;MLVI;fol 402;Guerin_tome1-tome12.xml
JJ184;598;MLVII;fol 405;Guerin_tome1-tome12.xml
JJ184;603 bis;MLVIII;fol 409;Guerin_tome1-tome12.xml
JJ184;604;MLIX;fol 409;Guerin_tome1-tome12.xml
JJ176;231;MLX;fol 179;Guerin_tome1-tome12.xml
JJ176;212;MLXI;fol 157 v°;Guerin_tome1-tome12.xml
JJ176;207;MLXII;fol 152;Guerin_tome1-tome12.xml
JJ176;210;MLXIII;fol 155;Guerin_tome1-tome12.xml
JJ176;211;MLXIV;fol 156 v°;Guerin_tome1-tome12.xml
JJ176;213;MLXV;fol 158 v°;Guerin_tome1-tome12.xml
JJ177;3;MLXVI;fol 1 v°;Guerin_tome1-tome12.xml
JJ177;4;MLXVII;fol 2;Guerin_tome1-tome12.xml
JJ176;142;MLXVIII;fol 85;Guerin_tome1-tome12.xml
JJ177;19;MLXIX;fol 10 v°;Guerin_tome1-tome12.xml
JJ176;356;MLXX;fol 259;Guerin_tome1-tome12.xml
JJ177;23;MLXXI;fol 12 v°;Guerin_tome1-tome12.xml
JJ177;26;MLXXII;fol 14;Guerin_tome1-tome12.xml
JJ177;147;MLXXIII;fol 97;Guerin_tome1-tome12.xml
JJ176;366;MLXXIV;fol 263;Guerin_tome1-tome12.xml
JJ176;372;MLXXV;fol 265 v°;Guerin_tome1-tome12.xml
JJ177;182;MLXXVI;fol 124 v°;Guerin_tome1-tome12.xml
JJ177;95;MLXXVII;fol 53;Guerin_tome1-tome12.xml
JJ177;106;MLXXVIII;fol 61;Guerin_tome1-tome12.xml
JJ177;112;MLXXIX;fol 65 v°;Guerin_tome1-tome12.xml
JJ177;118;MLXXX;fol 68 v°;Guerin_tome1-tome12.xml
JJ177;122;MLXXXI;fol 74;Guerin_tome1-tome12.xml
JJ177;133;MLXXXII;fol 88;Guerin_tome1-tome12.xml
JJ177;135;MLXXXIII;fol 90;Guerin_tome1-tome12.xml
JJ177;137;MLXXXIV;fol 91 v°;Guerin_tome1-tome12.xml
JJ177;159;MLXXXV;fol 106 v°;Guerin_tome1-tome12.xml
JJ177;170;MLXXXVI;fol 113 v°;Guerin_tome1-tome12.xml
JJ177;173;MLXXXVII;fol 115 v°;Guerin_tome1-tome12.xml
JJ176;433;MLXXXVIII;fol 288;Guerin_tome1-tome12.xml
JJ177;178bis;MLXXXIX;fol 119 v°;Guerin_tome1-tome12.xml
JJ177;180;MXC;fol 122;Guerin_tome1-tome12.xml
JJ177;184;MXCI;fol 125 v°;Guerin_tome1-tome12.xml
JJ177;185;MXCII;fol 126;Guerin_tome1-tome12.xml
JJ177;186;MXCIII;fol 126 v°;Guerin_tome1-tome12.xml
JJ177;188;MXCIV;fol 128;Guerin_tome1-tome12.xml
JJ177;190;MXCV;fol 129 v°;Guerin_tome1-tome12.xml
JJ177;196;MXCVI;fol 132 v°;Guerin_tome1-tome12.xml
JJ177;242;MXCVII;fol 161 v°;Guerin_tome1-tome12.xml
JJ177;245;MXCVIII;fol 163;Guerin_tome1-tome12.xml
JJ178;64;MXCIX;fol 40 v°;Guerin_tome1-tome12.xml
JJ178;129;MC;fol 80 v°;Guerin_tome1-tome12.xml
JJ179;202;MCI;fol 113 v°;Guerin_tome1-tome12.xml
JJ177;198;MCII;fol 134;Guerin_tome1-tome12.xml
JJ177;204;MCIII;fol 136 v°;Guerin_tome1-tome12.xml
JJ177;205;MCIV;fol 137;Guerin_tome1-tome12.xml
JJ177;213;MCV;fol 141 v°;Guerin_tome1-tome12.xml
JJ177;216;MCVI;fol 143 v°;Guerin_tome1-tome12.xml
JJ177;217;MCVII;fol 144;Guerin_tome1-tome12.xml
JJ177;220;MCVIII;fol 145 v°;Guerin_tome1-tome12.xml
JJ177;224;MCIX;fol 148 v°;Guerin_tome1-tome12.xml
JJ177;238;MCX;fol 157;Guerin_tome1-tome12.xml
JJ178;14;MCXI;fol 9;Guerin_tome1-tome12.xml
JJ178;24;MCXII;fol 16 v°;Guerin_tome1-tome12.xml
JJ178;93;MCXIII;fol 61;Guerin_tome1-tome12.xml
JJ178;105;MCXIV;fol 69;Guerin_tome1-tome12.xml
JJ177;211;MCXV;fol 140 v°;Guerin_tome1-tome12.xml
JJ177;208;MCXVI;fol 138 v°;Guerin_tome1-tome12.xml
JJ177;219;MCXVII;fol 145;Guerin_tome1-tome12.xml
JJ177;226;MCXVIII;fol 149 v°;Guerin_tome1-tome12.xml
JJ178;95;MCXIX;fol 62;Guerin_tome1-tome12.xml
JJ176;436;MCXX;fol 289;Guerin_tome1-tome12.xml
JJ178;21;MCXXI;fol 13;Guerin_tome1-tome12.xml
JJ178;18;MCXXII;fol 11 v°;Guerin_tome1-tome12.xml
JJ178;37;MCXXIII;fol 25;Guerin_tome1-tome12.xml
JJ178;45;MCXXIV;fol 29 v°;Guerin_tome1-tome12.xml
JJ178;50;MCXXV;fol 32;Guerin_tome1-tome12.xml
JJ178;51;MCXXVI;fol 32 v°;Guerin_tome1-tome12.xml
JJ178;57;MCXXVII;fol 56;Guerin_tome1-tome12.xml
JJ178;185;MCXXVIII;fol 108 v°;Guerin_tome1-tome12.xml
JJ178;111;MCXXIX;fol 72;Guerin_tome1-tome12.xml
JJ178;132;MCXXX;fol 82;Guerin_tome1-tome12.xml
JJ178;194;MCXXXI;fol 113;Guerin_tome1-tome12.xml
JJ178;134;MCXXXII;fol 83;Guerin_tome1-tome12.xml
JJ178;147;MCXXXIII;fol 88 v°;Guerin_tome1-tome12.xml
JJ178;148;MCXXXIV;fol 89;Guerin_tome1-tome12.xml
JJ178;159;MCXXXV;fol 94;Guerin_tome1-tome12.xml
JJ178;166;MCXXXVI;fol 98;Guerin_tome1-tome12.xml
JJ178;178;MCXXXVII;fol 103 v°;Guerin_tome1-tome12.xml
JJ179;39;MCXXXVIII;fol 17;Guerin_tome1-tome12.xml
JJ178;206;MCXXXIX;fol 118 v°;Guerin_tome1-tome12.xml
JJ178;209;MCXL;fol 120 v°;Guerin_tome1-tome12.xml
JJ178;188;MCXLI;fol 110;Guerin_tome1-tome12.xml
JJ178;192;MCXLII;fol 112;Guerin_tome1-tome12.xml
JJ179;8;MCXLIII;fol 4;Guerin_tome1-tome12.xml
JJ178;236;MCXLIV;fol 134 v°;Guerin_tome1-tome12.xml
JJ178;241;MCXLV;fol 137;Guerin_tome1-tome12.xml
JJ185;138;MCXLVI;fol 104;Guerin_tome1-tome12.xml
JJ187;286;MCXLVII;fol 153;Guerin_tome1-tome12.xml
JJ179;19;MCXLVIII;fol 10 v°;Guerin_tome1-tome12.xml
JJ179;21;MCXLIX;fol 11;Guerin_tome1-tome12.xml
JJ179;46;MCL;fol 23 v°;Guerin_tome1-tome12.xml
JJ179;50;MCLI;fol 25 v°;Guerin_tome1-tome12.xml
JJ179;56;MCLII;fol 28 v°;Guerin_tome1-tome12.xml
JJ179;78;MCLIII;fol 42 v°;Guerin_tome1-tome12.xml
JJ224;94;MCLIV;fol 84 v°;Guerin_tome1-tome12.xml
JJ179;101;MCLV;fol 54;Guerin_tome1-tome12.xml
JJ224;97;MCLVI;fol 85 v°;Guerin_tome1-tome12.xml
JJ179;120;MCLVII;fol 63;Guerin_tome1-tome12.xml
JJ179;214;MCLVIII;fol 121;Guerin_tome1-tome12.xml
JJ179;226;MCLIX;fol 127;Guerin_tome1-tome12.xml
JJ179;222;MCLX;fol 125;Guerin_tome1-tome12.xml
JJ179;130;MCLXI;fol 68;Guerin_tome1-tome12.xml
JJ179;132;MCLXII;fol 69;Guerin_tome1-tome12.xml
JJ179;138;MCLXIII;fol 73;Guerin_tome1-tome12.xml
JJ179;235;MCLXIV;fol 133 v°;Guerin_tome1-tome12.xml
JJ179;236;MCLXV;fol 134 v°;Guerin_tome1-tome12.xml
JJ179;183;MCLXVI;fol 102;Guerin_tome1-tome12.xml
JJ179;255;MCLXVII;fol 147 v°;Guerin_tome1-tome12.xml
JJ179;254;MCLXVIII;fol 147;Guerin_tome1-tome12.xml
JJ179;192;MCLXIX;fol 106 v°;Guerin_tome1-tome12.xml
JJ179;203;MCLXX;fol 115;Guerin_tome1-tome12.xml
JJ179;167;MCLXXI;fol 92 v°;Guerin_tome1-tome12.xml
JJ179;209;MCLXXII;fol 118 v°;Guerin_tome1-tome12.xml
JJ179;266;MCLXXIII;fol 154;Guerin_tome1-tome12.xml
JJ179;272;MCLXXIV;fol 157 v°;Guerin_tome1-tome12.xml
JJ179;273;MCLXXV;fol 158;Guerin_tome1-tome12.xml
JJ179;297;MCLXXVI;fol 169 v°;Guerin_tome1-tome12.xml
JJ179;300;MCLXXVII;fol 171 v°;Guerin_tome1-tome12.xml
JJ224;134;MCLXXVIII;fol 117 v°;Guerin_tome1-tome12.xml
JJ179;316;MCLXXIX;fol 180;Guerin_tome1-tome12.xml
JJ179;327;MCLXXX;fol 186 v°;Guerin_tome1-tome12.xml
JJ179;336;MCLXXXI;fol 191;Guerin_tome1-tome12.xml
JJ179;341;MCLXXXII;fol 193;Guerin_tome1-tome12.xml
JJ180;16;MCLXXXIII;fol 7;Guerin_tome1-tome12.xml
JJ184;21;MCLXXXIV;fol 13;Guerin_tome1-tome12.xml
JJ180;52;MCLXXXV;fol 23 v°;Guerin_tome1-tome12.xml
JJ186;33;MCLXXXVI;fol 17;Guerin_tome1-tome12.xml
JJ186;78;MCLXXXVII;fol 46 v°;Guerin_tome1-tome12.xml
JJ180;77;MCLXXXVIII;fol 34 v°;Guerin_tome1-tome12.xml
JJ180;93;MCLXXXIX;fol 41 v°;Guerin_tome1-tome12.xml
JJ185;242;MCXC;fol 173;Guerin_tome1-tome12.xml
JJ180;109;MCXCI;fol 49;Guerin_tome1-tome12.xml
JJ186;7;MCXCII;fol 4;Guerin_tome1-tome12.xml
JJ186;31;MCXCIII;fol 16;Guerin_tome1-tome12.xml
JJ186;15;MCXCIV;fol 8;Guerin_tome1-tome12.xml
JJ186;83;MCXCV;fol 49;Guerin_tome1-tome12.xml
JJ186;43;MCXCVI;fol 25 v°;Guerin_tome1-tome12.xml
JJ186;57;MCXCVII;fol 36 v°;Guerin_tome1-tome12.xml
JJ185;2;MCXCVIII;fol 1 v°;Guerin_tome1-tome12.xml
JJ185;28;MCXCIX;fol 22 v°;Guerin_tome1-tome12.xml
JJ185;34;MCC;fol 28;Guerin_tome1-tome12.xml
JJ185;53;MCCI;fol 43;Guerin_tome1-tome12.xml
JJ184;96;MCCII;fol 60;Guerin_tome1-tome12.xml
JJ184;287;MCCIII;fol 195 v°;Guerin_tome1-tome12.xml
JJ185;105;MCCIV;fol 81 v°;Guerin_tome1-tome12.xml
JJ185;117;MCCV;fol 89 v°;Guerin_tome1-tome12.xml
JJ185;231;MCCVI;fol 166 v°;Guerin_tome1-tome12.xml
JJ185;129;MCCVII;fol 98 v°;Guerin_tome1-tome12.xml
JJ185;143;MCCVIII;fol 109 v°;Guerin_tome1-tome12.xml
JJ185;149;MCCIX;fol 114;Guerin_tome1-tome12.xml
JJ185;186;MCCX;fol 141 v°;Guerin_tome1-tome12.xml
JJ185;236;MCCXI;fol 199;Guerin_tome1-tome12.xml
JJ185;249;MCCXII;fol 177;Guerin_tome1-tome12.xml
JJ181;4;MCCXIII;fol 2;Guerin_tome1-tome12.xml
JJ185;244;MCCXIV;fol 174 v°;Guerin_tome1-tome12.xml
JJ185;242;MCCXV;fol 173;Guerin_tome1-tome12.xml
JJ185;251;MCCXVI;fol 178;Guerin_tome1-tome12.xml
JJ185;257;MCCXVII;fol 182;Guerin_tome1-tome12.xml
JJ185;265;MCCXVIII;fol 186;Guerin_tome1-tome12.xml
JJ185;285;MCCXIX;fol 199 v°;Guerin_tome1-tome12.xml
JJ181;21;MCCXX;fol 11;Guerin_tome1-tome12.xml
JJ181;16;MCCXXI;fol 9;Guerin_tome1-tome12.xml
JJ181;26;MCCXXII;fol 13 v°;Guerin_tome1-tome12.xml
JJ181;39;MCCXXIII;fol 21 v°;Guerin_tome1-tome12.xml
JJ181;77;MCCXXIV;fol 41;Guerin_tome1-tome12.xml
JJ181;119;MCCXXV;fol 66;Guerin_tome1-tome12.xml
JJ181;159;MCCXXVI;fol 99;Guerin_tome1-tome12.xml
JJ181;158;MCCXXVII;fol 98 v°;Guerin_tome1-tome12.xml
JJ184;230;MCCXXVIII;fol 154;Guerin_tome1-tome12.xml
JJ181;190;MCCXXIX;fol 118;Guerin_tome1-tome12.xml
JJ184;287;MCCXXX;fol 195 v°;Guerin_tome1-tome12.xml
JJ181;237;MCCXXXI;fol 146;Guerin_tome1-tome12.xml
JJ181;279;MCCXXXII;fol 173;Guerin_tome1-tome12.xml
JJ184;306;MCCXXXIII;fol 211 v°;Guerin_tome1-tome12.xml
JJ185;295;MCCXXXIV;fol 204;Guerin_tome1-tome12.xml
JJ185;297;MCCXXXV;fol 206;Guerin_tome1-tome12.xml
JJ185;298;MCCXXXVI;fol 206 v°;Guerin_tome1-tome12.xml
JJ182;99;MCCXXXVII;fol 57 v°;Guerin_tome1-tome12.xml
JJ185;305;MCCXXXVIII;fol 211 v°;Guerin_tome1-tome12.xml
JJ185;307;MCCXXXIX;fol 212 v°;Guerin_tome1-tome12.xml
JJ184;279;MCCXL;fol 188;Guerin_tome1-tome12.xml
JJ182;135;MCCXLI;fol 73 v°;Guerin_tome1-tome12.xml
JJ182;136;MCCXLII;fol 74 v°;Guerin_tome1-tome12.xml
JJ182;7;MCCXLIII;fol 3 v°;Guerin_tome1-tome12.xml
JJ182;23;MCCXLIV;fol 12 v°;Guerin_tome1-tome12.xml
JJ182;40;MCCXLV;fol 22 v°;Guerin_tome1-tome12.xml
JJ184;397;MCCXLVI;fol 291 v°;Guerin_tome1-tome12.xml
JJ182;43;MCCXLVII;fol 25 v°;Guerin_tome1-tome12.xml
JJ182;53;MCCXLVIII;fol 32;Guerin_tome1-tome12.xml
JJ182;61;MCCXLIX;fol 37;Guerin_tome1-tome12.xml
JJ191;72;MCCL;fol 38 v°;Guerin_tome1-tome12.xml
JJ182;97;MCCLI;fol 52;Guerin_tome1-tome12.xml
JJ182;110;MCCLII;fol 62;Guerin_tome1-tome12.xml
JJ182;114;MCCLIII;fol 63;Guerin_tome1-tome12.xml
JJ191;14;MCCLIV;fol 6;Guerin_tome1-tome12.xml
JJ191;41;MCCLV;fol 19 v°;Guerin_tome1-tome12.xml
JJ191;42;MCCLVI;fol 20 v°;Guerin_tome1-tome12.xml
JJ191;62;MCCLVII;fol 33;Guerin_tome1-tome12.xml
JJ191;60;MCCLVIII;fol 32;Guerin_tome1-tome12.xml
JJ191;71;MCCLIX;fol 38;Guerin_tome1-tome12.xml
JJ191;131;MCCLX;fol 70;Guerin_tome1-tome12.xml
JJ191;149;MCCLXI;fol 79 v°;Guerin_tome1-tome12.xml
JJ191;123;MCCLXII;fol 65;Guerin_tome1-tome12.xml
JJ191;139;MCCLXIII;fol 74;Guerin_tome1-tome12.xml
JJ187;153;MCCLXIV;fol 78 v°;Guerin_tome1-tome12.xml
JJ189;64;MCCLXV;fol 31 v°;Guerin_tome1-tome12.xml
JJ189;29;MCCLXVI;fol 19 v°;Guerin_tome1-tome12.xml
JJ187;3;MCCLXVII;fol 2 v°;Guerin_tome1-tome12.xml
JJ183;115;MCCLXVIII;fol86v;Guerin_tome1-tome12.xml
JJ189;47;MCCLXIX;fol25v;Guerin_tome1-tome12.xml
JJ187;224;MCCLXX;fol120;Guerin_tome1-tome12.xml
JJ187;207;MCCLXXI;fol110;Guerin_tome1-tome12.xml
JJ187;208;MCCLXXII;fol110v;Guerin_tome1-tome12.xml
JJ187;271;MCCLXXIII;fol145;Guerin_tome1-tome12.xml
JJ191;261;MCCLXXIV;fol140v;Guerin_tome1-tome12.xml
JJ187;274;MCCLXXV;fol146v;Guerin_tome1-tome12.xml
JJ187;31;MCCLXXVI;fol19;Guerin_tome1-tome12.xml
JJ187;33;MCCLXXVII;fol20;Guerin_tome1-tome12.xml
JJ189;169;MCCLXXVIII;fol80;Guerin_tome1-tome12.xml
JJ187;54;MCCLXXIX;fol30;Guerin_tome1-tome12.xml
JJ18b;334;MCCLXXX;fol227;Guerin_tome1-tome12.xml
JJ189;199;MCCLXXXI;fol96v;Guerin_tome1-tome12.xml
JJ189;210;MCCLXXXII;fol102v;Guerin_tome1-tome12.xml
JJ187;331;MCCLXXXIII;fol178v;Guerin_tome1-tome12.xml
JJ189;140;MCCLXXXIV;fol65;Guerin_tome1-tome12.xml
JJ189;157;MCCLXXXV;fol73;Guerin_tome1-tome12.xml
JJ185;322;MCCLXXXVI;fol119v;Guerin_tome1-tome12.xml
JJ187;173;MCCLXXXVII;fol89v;Guerin_tome1-tome12.xml
JJ187;174;MCCLXXXVIII;fol90;Guerin_tome1-tome12.xml
JJ187;348;MCCLXXXIX;fol188;Guerin_tome1-tome12.xml
JJ187;349;MCCXC;fol188;Guerin_tome1-tome12.xml
JJ187;180;MCCXCI;fol93v;Guerin_tome1-tome12.xml
JJ187;247;MCCXCII;fol132;Guerin_tome1-tome12.xml
JJ188;98;MCCXCIII;fol50v;Guerin_tome1-tome12.xml
JJ188;86;MCCXCIV;fol40v;Guerin_tome1-tome12.xml
JJ188;3;MCCXCV;fol1v;Guerin_tome1-tome12.xml
JJ188;6;MCCXCVI;fol3v;Guerin_tome1-tome12.xml
JJ188;15;MCCXCVII;fol10;Guerin_tome1-tome12.xml
JJ188;37;MCCXCVIII;fol20;Guerin_tome1-tome12.xml
JJ188;39;MCCXCIX;fol20v;Guerin_tome1-tome12.xml
JJ188;48;MCCC;fol25v;Guerin_tome1-tome12.xml
JJ188;52;MCCCI;fol27;Guerin_tome1-tome12.xml
JJ188;60;MCCCII;fol30v;Guerin_tome1-tome12.xml
JJ188;70;MCCCIII;fol35;Guerin_tome1-tome12.xml
JJ188;62;MCCCIV;fol31v;Guerin_tome1-tome12.xml
JJ188;76;MCCCV;fol36v;Guerin_tome1-tome12.xml
JJ188;108;MCCCVI;fol54;Guerin_tome1-tome12.xml
JJ188;87;MCCCVII;fol41;Guerin_tome1-tome12.xml
JJ188;88;MCCCVIII;fol42;Guerin_tome1-tome12.xml
JJ188;89;MCCCIX;fol43v;Guerin_tome1-tome12.xml
JJ188;90;MCCCX;fol44v;Guerin_tome1-tome12.xml
JJ188;93;MCCCXI;fol46v;Guerin_tome1-tome12.xml
JJ188;94;MCCCXII;fol47v;Guerin_tome1-tome12.xml
JJ188;118;MCCCXIII;fol57;Guerin_tome1-tome12.xml
JJ188;119;MCCCXIV;fol57v;Guerin_tome1-tome12.xml
JJ188;111;MCCCXV;fol55;Guerin_tome1-tome12.xml
JJ188;127;MCCCXVI;fol62;Guerin_tome1-tome12.xml
JJ188;144;MCCCXVII;fol71;Guerin_tome1-tome12.xml
JJ188;150;MCCCXVIII;fol74v;Guerin_tome1-tome12.xml
JJ188;157;MCCCXIX;fol78;Guerin_tome1-tome12.xml
JJ188;166;MCCCXX;fol83;Guerin_tome1-tome12.xml
JJ188;167;MCCCXXI;fol84v;Guerin_tome1-tome12.xml
JJ188;177;MCCCXXII;fol88v;Guerin_tome1-tome12.xml
JJ188;187;MCCCXXIII;fol94;Guerin_tome1-tome12.xml
JJ188;196;MCCCXXIV;fol99;Guerin_tome1-tome12.xml
JJ188;206;MCCCXXV;fol103v;Guerin_tome1-tome12.xml
JJ188;208;MCCCXXVI;fol104v;Guerin_tome1-tome12.xml
JJ188;211;MCCCXXVII;fol105v;Guerin_tome1-tome12.xml
JJ190;17;MCCCXXVIII;fol9;Guerin_tome1-tome12.xml
JJ190;18;MCCCXXIX;fol10v;Guerin_tome1-tome12.xml
JJ190;24;MCCCXXX;fol14;Guerin_tome1-tome12.xml
JJ190;26;MCCCXXXI;fol15;Guerin_tome1-tome12.xml
JJ190;54;MCCCXXXII;fol28;Guerin_tome1-tome12.xml
JJ190;41;MCCCXXXIII;fol22;Guerin_tome1-tome12.xml
JJ190;51;MCCCXXXIV;fol27;Guerin_tome1-tome12.xml
JJ190;62;MCCCXXXV;fol32;Guerin_tome1-tome12.xml
JJ190;107;MCCCXXXVI;fol57;Guerin_tome1-tome12.xml
JJ190;132;MCCCXXXVII;fol71;Guerin_tome1-tome12.xml
JJ190;134;MCCCXXXVIII;fol72v;Guerin_tome1-tome12.xml
JJ190;162;MCCCXXXIX;fol87;Guerin_tome1-tome12.xml
JJ190;190;MCCCXL;fol105;Guerin_tome1-tome12.xml
JJ190;202;MCCCXLI;fol110v;Guerin_tome1-tome12.xml
JJ189;477;MCCCXLII;fol267;Guerin_tome1-tome12.xml
JJ189;500;MCCCXLIII;fol282;Guerin_tome1-tome12.xml
JJ192;69;MCCCXLIV;fol49;Guerin_tome1-tome12.xml
JJ192;10;MCCCXLV;fol5v;Guerin_tome1-tome12.xml
JJ192;6;MCCCXLVI;fol3;Guerin_tome1-tome12.xml
JJ192;5;MCCCXLVII;fol2v;Guerin_tome1-tome12.xml
JJ192;27;MCCCXLVIII;fol20;Guerin_tome1-tome12.xml
JJ198;103;MCCCXLIX;fol104;Guerin_tome1-tome12.xml
JJ198;58;MCCCL;fol48;Guerin_tome1-tome12.xml
JJ198;323;MCCCLI;fol283v;Guerin_tome1-tome12.xml
JJ198;69;MCCCLII;fol68;Guerin_tome1-tome12.xml
JJ198;314;MCCCLIII;fol276;Guerin_tome1-tome12.xml
JJ198;150;MCCCLIV;fol131;Guerin_tome1-tome12.xml
JJ198;356;MCCCLV;fol312;Guerin_tome1-tome12.xml
JJ198;281;MCCCLVI;fol247;Guerin_tome1-tome12.xml
JJ198;312;MCCCLVII;fol275;Guerin_tome1-tome12.xml
JJ198;313;MCCCLVIII;fol275v;Guerin_tome1-tome12.xml
JJ198;335;MCCCLIX;fol297;Guerin_tome1-tome12.xml
JJ198;215;MCCCLX;fol200v;Guerin_tome1-tome12.xml
JJ198;290;MCCCLXI;fol252v;Guerin_tome1-tome12.xml
JJ198;340;MCCCLXII;fol299v;Guerin_tome1-tome12.xml
JJ198;350;MCCCLXIII;fol306v;Guerin_tome1-tome12.xml
JJ198;430;MCCCLXIV;fol387v;Guerin_tome1-tome12.xml
JJ198;429;MCCCLXV;fol387;Guerin_tome1-tome12.xml
JJ198;385;MCCCLXVI;fol351);Guerin_tome1-tome12.xml
JJ198;359;MCCCLXVII;fol315v;Guerin_tome1-tome12.xml
JJ198;357;MCCCLXIX;fol313v;Guerin_tome1-tome12.xml
JJ198;370;MCCCLXX;fol337;Guerin_tome1-tome12.xml
JJ198;562;MCCCLXXI;fol511v;Guerin_tome1-tome12.xml
JJ198;403;MCCCLXXII;fol368;Guerin_tome1-tome12.xml
JJ198;397;MCCCLXXIII;fol362v;Guerin_tome1-tome12.xml
JJ198;401;MCCCLXXIV;fol366v;Guerin_tome1-tome12.xml
JJ198;416;MCCCLXXV;fol378v;Guerin_tome1-tome12.xml
JJ198;474;MCCCLXXVI;fol426;Guerin_tome1-tome12.xml
JJ198;409;MCCCLXXVII;fol371v;Guerin_tome1-tome12.xml
JJ198;470;MCCCLXXVIII;fol421;Guerin_tome1-tome12.xml
JJ198;511;MCCCLXXIX;fol456);Guerin_tome1-tome12.xml
JJ198;512;MCCCLXXX;fol456v;Guerin_tome1-tome12.xml
JJ199;171;MCCCLXXXI;fol106;Guerin_tome1-tome12.xml
JJ198;548;MCCCLXXXII;fol499;Guerin_tome1-tome12.xml
JJ199;252;MCCCLXXXIII;fol145;Guerin_tome1-tome12.xml
JJ199;160;MCCCLXXXIV;fol97v;Guerin_tome1-tome12.xml
JJ199;360;MCCCLXXXV;fol222;Guerin_tome1-tome12.xml
JJ190;177;MCCCLXXXVI;fol110;Guerin_tome1-tome12.xml
JJ199;176;MCCCLXXXVII;fol109v;Guerin_tome1-tome12.xml
JJ199;121;MCCCLXXXVIII;fol73;Guerin_tome1-tome12.xml
JJ199;74;MCCCLXXXIX;fol46;Guerin_tome1-tome12.xml
JJ199;69;MCCCXC;fol43;Guerin_tome1-tome12.xml
JJ199;254;MCCCXCI;fol149;Guerin_tome1-tome12.xml
JJ199;234;MCCCXCII;fol137;Guerin_tome1-tome12.xml
JJ199;149;MCCCXCIII;fol90v;Guerin_tome1-tome12.xml
JJ199;379;MCCCXCIV;fol234;Guerin_tome1-tome12.xml
JJ199;599;MCCCXCV;fol379v;Guerin_tome1-tome12.xml
JJ199;42;MCCCXCVI;fol29;Guerin_tome1-tome12.xml
JJ199;433;MCCCXCVII;fol272;Guerin_tome1-tome12.xml
JJ199;492;MCCCXCVIII;fol 310 v°;Guerin_tome1-tome12.xml
JJ199;499;MCCCXCIX;fol 316;Guerin_tome1-tome12.xml
JJ199;500;MCCCC;fol 316 v°;Guerin_tome1-tome12.xml
JJ197;102;MCCCCI;fol 61;Guerin_tome1-tome12.xml
JJ200;205;MCCCCII;fol 109 v°;Guerin_tome1-tome12.xml
JJ200;206;MCCCCIII;fol 110;Guerin_tome1-tome12.xml
JJ200;204;MCCCCIV;fol 108 v°;Guerin_tome1-tome12.xml
JJ199;502;MCCCCV;fol 317 v°;Guerin_tome1-tome12.xml
JJ199;509;MCCCCVI;fol 320 v°;Guerin_tome1-tome12.xml
JJ199;530;MCCCCVII;fol 333;Guerin_tome1-tome12.xml
JJ199;514;MCCCCVIII;fol 323 v°;Guerin_tome1-tome12.xml
JJ199;519;MCCCCIX;fol 325;Guerin_tome1-tome12.xml
JJ199;537;MCCCCX;fol 337 v°;Guerin_tome1-tome12.xml
JJ194;34;MCCCCXI;fol 18 v°;Guerin_tome1-tome12.xml
JJ194;90;MCCCCXII;fol 48 v°;Guerin_tome1-tome12.xml
JJ202;15;MCCCCXIII;fol 10;Guerin_tome1-tome12.xml
JJ194;111;MCCCCXIV;fol 60 v°;Guerin_tome1-tome12.xml
JJ194;2;MCCCCXV;fol 2;Guerin_tome1-tome12.xml
JJ194;249;MCCCCXVI;fol 138 v°;Guerin_tome1-tome12.xml
JJ194;12;MCCCCXVII;fol 7 v°;Guerin_tome1-tome12.xml
JJ202;36;MCCCCXVIII;fol 24;Guerin_tome1-tome12.xml
JJ194;190;MCCCCXIX;fol 101 v°;Guerin_tome1-tome12.xml
JJ194;182;MCCCCXX;fol 97 v°;Guerin_tome1-tome12.xml
JJ194;220;MCCCCXXI;fol 121;Guerin_tome1-tome12.xml
JJ202;67;MCCCCXXII;fol 43;Guerin_tome1-tome12.xml
JJ202;65;MCCCCXXIII;fol 41 v°;Guerin_tome1-tome12.xml
JJ202;107;MCCCCXXIV;fol 63 v°;Guerin_tome1-tome12.xml
JJ200;144;MCCCCXXV;fol 78 v°;Guerin_tome1-tome12.xml
JJ200;149;MCCCCXXVI;fol 80 v°;Guerin_tome1-tome12.xml
JJ194;240;MCCCCXXVII;fol 133;Guerin_tome1-tome12.xml
JJ194;239;MCCCCXXVIII;fol 132 v°;Guerin_tome1-tome12.xml
JJ194;218;MCCCCXXIX;fol 120 v°;Guerin_tome1-tome12.xml
JJ200;169;MCCCCXXX;fol 92;Guerin_tome1-tome12.xml
JJ200;196;MCCCCXXXI;fol 104 v°;Guerin_tome1-tome12.xml
JJ200;127;MCCCCXXXII;fol 68 v°;Guerin_tome1-tome12.xml
JJ200;132;MCCCCXXXIII;fol 72;Guerin_tome1-tome12.xml
JJ200;11;MCCCCXXXIV;fol 8 v°;Guerin_tome1-tome12.xml
JJ200;203;MCCCCXXXIV;fol 107 v°;Guerin_tome1-tome12.xml
JJ200;203;MCCCCXXXV;fol 107 v°;Guerin_tome1-tome12.xml
JJ200;213;MCCCCXXXVI;fol 113;Guerin_tome1-tome12.xml
JJ195;1;MCCCCXXXVII;fol 1;Guerin_tome1-tome12.xml
JJ200;97;MCCCCXXXVIII;fol 53 v°;Guerin_tome1-tome12.xml
JJ201;11;MCCCCXXXIX;fol 6;Guerin_tome1-tome12.xml
JJ195;120;MCCCCXL;fol 34 v°;Guerin_tome1-tome12.xml
JJ195;38;MCCCCXLI;fol 12 v°;Guerin_tome1-tome12.xml
JJ200;80;MCCCCXLII;fol 45;Guerin_tome1-tome12.xml
JJ194;281;MCCCCXLIII;fol 159;Guerin_tome1-tome12.xml
JJ194;315;MCCCCXLIV;fol 177 v°;Guerin_tome1-tome12.xml
JJ194;312;MCCCCXLV;fol 176;Guerin_tome1-tome12.xml
JJ194;305;MCCCCXLVI;fol 173;Guerin_tome1-tome12.xml
JJ194;284;MCCCCXLVII;fol 161;Guerin_tome1-tome12.xml
JJ195;173;MCCCCXLVIII;fol 49;Guerin_tome1-tome12.xml
JJ197;21;MCCCCXLIX;fol 12;Guerin_tome1-tome12.xml
JJ195;185;MCCCCL;fol 53;Guerin_tome1-tome12.xml
JJ197;10;MCCCCLI;fol 6;Guerin_tome1-tome12.xml
JJ197;12;MCCCCLII;fol 7 v°;Guerin_tome1-tome12.xml
JJ197;84;MCCCCLIII;fol 51;Guerin_tome1-tome12.xml
JJ197;33;MCCCCLIV;fol 21;Guerin_tome1-tome12.xml
JJ197;47;MCCCCLV;fol 31;Guerin_tome1-tome12.xml
JJ197;68;MCCCCLVI;fol 43;Guerin_tome1-tome12.xml
JJ196;75;MCCCCLVII;fol 47 v°;Guerin_tome1-tome12.xml
JJ197;98;MCCCCLVIII;fol 57 v°;Guerin_tome1-tome12.xml
JJ196;148;MCCCCLIX;fol 83;Guerin_tome1-tome12.xml
JJ197;99;MCCCCLX;fol 58;Guerin_tome1-tome12.xml
JJ196;84;MCCCCLXI;fol 52 v°;Guerin_tome1-tome12.xml
JJ196;137;MCCCCLXII;fol 77;Guerin_tome1-tome12.xml
JJ196;70;MCCCCLXIII;fol 45;Guerin_tome1-tome12.xml
JJ196;85;MCCCCLXIV;fol 53;Guerin_tome1-tome12.xml
JJ196;138;MCCCCLXV;fol 77 v°;Guerin_tome1-tome12.xml
JJ196;139;MCCCCLXVI;fol 78;Guerin_tome1-tome12.xml
JJ196;39;MCCCCLXVII;fol 25;Guerin_tome1-tome12.xml
JJ196;127;MCCCCLXVIII;fol 72;Guerin_tome1-tome12.xml
JJ196;11;MCCCCLXIX;fol 8 v°;Guerin_tome1-tome12.xml
JJ196;32;MCCCCLXX;fol 21;Guerin_tome1-tome12.xml
JJ196;299;MCCCCLXXI;fol 183 v°;Guerin_tome1-tome12.xml
JJ196;60;MCCCCLXXII;fol 39;Guerin_tome1-tome12.xml
JJ196;119;MCCCCLXXIII;fol 67 v°;Guerin_tome1-tome12.xml
JJ197;104;MCCCCLXXIV;fol 62 v°;Guerin_tome1-tome12.xml
JJ196;66;MCCCCLXXV;fol 43;Guerin_tome1-tome12.xml
JJ196;97;MCCCCLXXVI;fol 58;Guerin_tome1-tome12.xml
JJ196;91;MCCCCLXXVII;fol 55 v°;Guerin_tome1-tome12.xml
JJ196;92;MCCCCLXXVIII;fol 56;Guerin_tome1-tome12.xml
JJ196;161;MCCCCLXXIX;fol 92;Guerin_tome1-tome12.xml
JJ196;120;MCCCCLXXX;fol 68;Guerin_tome1-tome12.xml
JJ196;185;MCCCCLXXXI;fol 116 v°;Guerin_tome1-tome12.xml
JJ196;160;MCCCCLXXXII;fol 91 v°;Guerin_tome1-tome12.xml
JJ196;252;MCCCCLXXXIII;fol 154 v°;Guerin_tome1-tome12.xml
JJ196;173;MCCCCLXXXIV;fol 108;Guerin_tome1-tome12.xml
JJ196;255;MCCCCLXXXV;fol 155 v°;Guerin_tome1-tome12.xml
JJ196;169;MCCCCLXXXVI;fol 105 v°;Guerin_tome1-tome12.xml
JJ196;152;MCCCCLXXXVII;fol 85 v°;Guerin_tome1-tome12.xml
JJ196;318;MCCCCLXXXVII;fol 198;Guerin_tome1-tome12.xml
JJ196;177;MCCCCLXXXVIII;fol 110 v°;Guerin_tome1-tome12.xml
JJ196;344 bis;MCCCCLXXXIX;fol 224;Guerin_tome1-tome12.xml
JJ196;19;MCCCCXC;fol 14;Guerin_tome1-tome12.xml
JJ196;199;MCCCCXCI;fol 129 v°;Guerin_tome1-tome12.xml
JJ196;289;MCCCCXCII;fol 175 v°;Guerin_tome1-tome12.xml
JJ196;546;MCCCCXCIII;fol 224 bis v°;Guerin_tome1-tome12.xml
JJ201;158;MCCCCXCIV;fol 121;Guerin_tome1-tome12.xml
JJ201;117;MCCCCXCV;fol 89 v°;Guerin_tome1-tome12.xml
JJ201;61;MCCCCXCVI;fol 48;Guerin_tome1-tome12.xml
JJ201;62;MCCCCXCVII;fol 48;Guerin_tome1-tome12.xml
JJ201;116;MCCCCXCVIII;fol 89 v°;Guerin_tome1-tome12.xml
JJ201;125;MCCCCXCIX;fol 98;Guerin_tome1-tome12.xml
JJ197;118;MD;fol 70;Guerin_tome1-tome12.xml
JJ194;345;MDI;fol 194;Guerin_tome1-tome12.xml
JJ197;161;MDII;fol 91;Guerin_tome1-tome12.xml
JJ195;968;MDIII;fol 224;Guerin_tome1-tome12.xml
JJ197;213;MDIV;fol 119 v°;Guerin_tome1-tome12.xml
JJ197;337;MDV;fol 181 v°;Guerin_tome1-tome12.xml
JJ197;286;MDVI;fol 154;Guerin_tome1-tome12.xml
JJ197;275;MDVII;fol 147 v°;Guerin_tome1-tome12.xml
JJ197;233;MDVIII;fol 129;Guerin_tome1-tome12.xml
JJ197;243;MDIX;fol 234;Guerin_tome1-tome12.xml
JJ195;758;MDX;fol 186 v°;Guerin_tome1-tome12.xml
JJ197;266;MDXI;fol 143 v°;Guerin_tome1-tome12.xml
JJ197;264;MDXII;fol 142 v°;Guerin_tome1-tome12.xml
JJ197;252;MDXIII;fol 138;Guerin_tome1-tome12.xml
JJ197;302;MDXIV;fol 164 v°;Guerin_tome1-tome12.xml
JJ197;257;MDXV;fol 140;Guerin_tome1-tome12.xml
JJ197;237;MDXVI;fol 132;Guerin_tome1-tome12.xml
JJ197;238;MDXVII;fol 132;Guerin_tome1-tome12.xml
JJ197;366;MDXVIII;fol 196;Guerin_tome1-tome12.xml
JJ197;405;MDXIX;fol 214;Guerin_tome1-tome12.xml
JJ197;373;MDXX;fol 199;Guerin_tome1-tome12.xml
JJ197;368;MDXXI;fol 197;Guerin_tome1-tome12.xml
JJ197;394;MDXXII;fol 204;Guerin_tome1-tome12.xml
JJ197;395;MDXXIII;fol 204;Guerin_tome1-tome12.xml
JJ195;833;MDXXIV;fol 201 v°;Guerin_tome1-tome12.xml
JJ194;361;MDXXV;fol 202;Guerin_tome1-tome12.xml
JJ194;371;MDXXVI;fol 208 v°;Guerin_tome1-tome12.xml
JJ204;124;MDXXVII;fol 75 v°;Guerin_tome1-tome12.xml
JJ194;360;MDXXVIII;fol 201 v°;Guerin_tome1-tome12.xml
JJ194;368;MDXXIX;fol 207;Guerin_tome1-tome12.xml
JJ195;974;MDXXX;fol 226;Guerin_tome1-tome12.xml
JJ204;1;MDXXXI;fol 1;Guerin_tome1-tome12.xml
JJ195;1008;MDXXXII;fol 233;Guerin_tome1-tome12.xml
JJ204;77;MDXXXIII;fol 49 v°;Guerin_tome1-tome12.xml
JJ204;73;MDXXXIV;fol 47;Guerin_tome1-tome12.xml
JJ204;71;MDXXXV;fol 45;Guerin_tome1-tome12.xml
JJ195;1037;MDXXXVI;fol 238;Guerin_tome1-tome12.xml
JJ195;1048;MDXXXVII;fol 240;Guerin_tome1-tome12.xml
JJ204;79;MDXXXVIII;fol 50 v°;Guerin_tome1-tome12.xml
JJ204;107;MDXXXIX;fol 64 v°;Guerin_tome1-tome12.xml
JJ204;109;MDXL;fol 67 v°;Guerin_tome1-tome12.xml
JJ195;1175;MDXLI;fol 263;Guerin_tome1-tome12.xml
JJ195;1180;MDXLII;fol 263 v°;Guerin_tome1-tome12.xml
JJ204;97;MDXLIII;fol 59 v°;Guerin_tome1-tome12.xml
JJ204;91;MDXLIV;fol 57;Guerin_tome1-tome12.xml
JJ195;1421;MDXLV;fol 314 v°;Guerin_tome1-tome12.xml
JJ195;1239;MDXLVI;fol 274 v°;Guerin_tome1-tome12.xml
JJ195;1252;MDXLVII;fol 277;Guerin_tome1-tome12.xml
JJ195;1293;MDXLVIII;fol 284 v°;Guerin_tome1-tome12.xml
JJ195;1094;MDXLIX;fol 248 v°;Guerin_tome1-tome12.xml
JJ195;1095;MDL;fol 249;Guerin_tome1-tome12.xml
JJ195;1102;MDLI;fol 250;Guerin_tome1-tome12.xml
JJ195;1358;MDLII;fol 296 v°;Guerin_tome1-tome12.xml
JJ195;1404;MDLIII;fol 306;Guerin_tome1-tome12.xml
JJ195;1375;MDLIV;fol 300;Guerin_tome1-tome12.xml
JJ195;1449;MDLV;fol 330;Guerin_tome1-tome12.xml
JJ195;1483;MDLVI;fol 345;Guerin_tome1-tome12.xml
JJ195;1509;MDLVII;fol 359;Guerin_tome1-tome12.xml
JJ195;1480;MDLVIII;fol 344;Guerin_tome1-tome12.xml
JJ195;1518;MDLIX;fol 363;Guerin_tome1-tome12.xml
JJ195;1521;MDLX;fol 364;Guerin_tome1-tome12.xml
JJ204;62;MDLXI;fol 39 v°;Guerin_tome1-tome12.xml
JJ204;65;MDLXII;fol 41 v°;Guerin_tome1-tome12.xml
JJ204;141;MDLXIII;fol 86;Guerin_tome1-tome12.xml
JJ204;67;MDLXIV;fol 43 v°;Guerin_tome1-tome12.xml
JJ224;19;MDLXV;fol 23 v°;Guerin_tome1-tome12.xml
JJ204;47;MDLXVI;fol 30 v°;Guerin_tome1-tome12.xml
JJ195;1533;MDLXVII;fol 369;Guerin_tome1-tome12.xml
JJ204;46;MDLXVIII;fol 30;Guerin_tome1-tome12.xml
JJ224;5;MDLXIX;fol 8;Guerin_tome1-tome12.xml
JJ206;1088;MDLXX;fol 235 v°;Guerin_tome1-tome12.xml
JJ201;74;MDLXXI;fol 58;Guerin_tome1-tome12.xml
JJ201;84;MDLXXII;fol 67;Guerin_tome1-tome12.xml
JJ201;85;MDLXXIII;fol 67 v°;Guerin_tome1-tome12.xml
JJ201;91;MDLXXIV;fol 74;Guerin_tome1-tome12.xml
JJ201;94;MDLXXV;fol 76 v°;Guerin_tome1-tome12.xml
JJ201;90;MDLXXVI;fol 72 V°;Guerin_tome1-tome12.xml
JJ204;173;MDLXXVII;fol 108;Guerin_tome1-tome12.xml
JJ195;1665;MDLXXVIII;fol 434 v°;Guerin_tome1-tome12.xml
JJ201;153;MDLXXIX;fol 118;Guerin_tome1-tome12.xml
JJ204;175;MDLXXX;fol 109;Guerin_tome1-tome12.xml
JJ204;171;MDLXXXI;fol 107;Guerin_tome1-tome12.xml
JJ204;183;MDLXXXII;fol 114;Guerin_tome1-tome12.xml
JJ204;18;MDLXXXIII;fol 9 v°;Guerin_tome1-tome12.xml
JJ204;23;MDLXXXIV;fol 15;Guerin_tome1-tome12.xml
JJ204;28;MDLXXXV;fol 18;Guerin_tome1-tome12.xml
JJ204;29;MDLXXXVI;fol 19 v°;Guerin_tome1-tome12.xml
JJ204;170;MDLXXXVII;fol 106;Guerin_tome1-tome12.xml
JJ204;186;MDLXXXVIII;fol 116;Guerin_tome1-tome12.xml
JJ206;1063;MDLXXXIX;fol 229 v°;Guerin_tome1-tome12.xml
JJ195;1629;MDXC;fol 413 v°;Guerin_tome1-tome12.xml
JJ206;1080;MDXCI;fol 233 v°;Guerin_tome1-tome12.xml
JJ206;1092;MDXCII;fol 236 v°;Guerin_tome1-tome12.xml
JJ206;1114;MDXCIII;fol 241 v°;Guerin_tome1-tome12.xml
JJ206;1123;MDXCIV;fol 243 v°;Guerin_tome1-tome12.xml
JJ206;1134;MDXCV;fol 245 v°;Guerin_tome1-tome12.xml
JJ206;1131;MDXCVI;fol 245;Guerin_tome1-tome12.xml
JJ206;1179;MDXCVII;fol 255 v°;Guerin_tome1-tome12.xml
JJ206;992;MDXCVIII;fol 210 v°;Guerin_tome1-tome12.xml
JJ203;11;MDXCIX;fol 6;Guerin_tome1-tome12.xml
JJ203;17;MDC;fol 9 v°;Guerin_tome1-tome12.xml
JJ203;22;MDCI;fol 12;Guerin_tome1-tome12.xml
JJ203;23;MDCII;fol 13;Guerin_tome1-tome12.xml
JJ203;18;MDCIII;fol 10;Guerin_tome1-tome12.xml
JJ203;29;MDCIV;fol 16 v°;Guerin_tome1-tome12.xml
JJ203;32;MDCV;fol 18;Guerin_tome1-tome12.xml
JJ203;48;MDCVI;fol 28;Guerin_tome1-tome12.xml
JJ203;49;MDCVII;fol 28;Guerin_tome1-tome12.xml
JJ203;45;MDCVIII;fol 26 v°;Guerin_tome1-tome12.xml
JJ203;73;MDCIX;fol 43 v°;Guerin_tome1-tome12.xml
JJ203;77;MDCX;fol 46 v°;Guerin_tome1-tome12.xml
JJ206;198;MDCXI;fol 45;Guerin_tome1-tome12.xml
JJ206;22;MDCXII;fol 5 v°;Guerin_tome1-tome12.xml
JJ206;17;MDCXIII;fol 4 v°;Guerin_tome1-tome12.xml
JJ206;28;MDCXIV;fol 6 v°;Guerin_tome1-tome12.xml
JJ206;29;MDCXV;fol 7;Guerin_tome1-tome12.xml
JJ201;197;MDCXVI;fol 150v;Guerin_tome1-tome12.xml
JJ206;32;MDCXVII;fol 7 v°;Guerin_tome1-tome12.xml
JJ205;27;MDCXVIII;fol 13 v°;Guerin_tome1-tome12.xml
JJ205;22;MDCXIX;fol 11;Guerin_tome1-tome12.xml
JJ205;57;MDCXX;fol 28;Guerin_tome1-tome12.xml
JJ205;87;MDCXXI;fol 44 v°;Guerin_tome1-tome12.xml
JJ205;112;MDCXXII;fol 58v°;Guerin_tome1-tome12.xml
JJ205;114;MDCXXIII;fol 59;Guerin_tome1-tome12.xml
JJ205;150;MDCXXIV;fol 79;Guerin_tome1-tome12.xml
JJ205;120;MDCXXV;fol 63;Guerin_tome1-tome12.xml
JJ205;147;MDCXXVI;fol 77;Guerin_tome1-tome12.xml
JJ205;129;MDCXXVII;fol 68;Guerin_tome1-tome12.xml
JJ205;38;MDCXXVIII;fol 18;Guerin_tome1-tome12.xml
JJ205;160;MDCXXIX;fol 85 v°;Guerin_tome1-tome12.xml
JJ224;70;MDCXXX;fol 11 v°;Guerin_tome1-tome12.xml
JJ205;130;MDCXXXI;fol 68 v°;Guerin_tome1-tome12.xml
JJ205;41;MDCXXXII;fol 20 v°;Guerin_tome1-tome12.xml
JJ205;154;MDCXXXIII;fol 81 v°;Guerin_tome1-tome12.xml
JJ205;156;MDCXXXIV;fol 83 v°;Guerin_tome1-tome12.xml
JJ205;431;MDCXXXV;fol 245 v°;Guerin_tome1-tome12.xml
JJ224;17;MDCXXXVI;fol 21;Guerin_tome1-tome12.xml
JJ205;209;MDCXXXVII;fol 115;Guerin_tome1-tome12.xml
JJ205;282;MDCXXXVIII;fol 160;Guerin_tome1-tome12.xml
JJ205;433;MDCXXXIX;fol 247;Guerin_tome1-tome12.xml
JJ205;307;MDCXL;fol 175;Guerin_tome1-tome12.xml
JJ205;319;MDCXLI;fol 181 v°;Guerin_tome1-tome12.xml
JJ205;317;MDCXLII;fol 181;Guerin_tome1-tome12.xml
JJ205;329;MDCXLIII;fol 187;Guerin_tome1-tome12.xml
JJ205;351;MDCXLIV;fol 196;Guerin_tome1-tome12.xml
JJ206;289;MDCXLV;fol 64 v°;Guerin_tome1-tome12.xml
JJ205;417;MDCXLVI;fol 237;Guerin_tome1-tome12.xml
JJ205;391;MDCXLVII;fol 220 v°;Guerin_tome1-tome12.xml
JJ205;462;MDCXLVIII;fol 262 v°;Guerin_tome1-tome12.xml
JJ206;432;MDCXLIX;fol 99 v°;Guerin_tome1-tome12.xml
JJ205;262;MDCL;fol 146 v°;Guerin_tome1-tome12.xml
JJ205;269;MDCLI;fol 151;Guerin_tome1-tome12.xml
JJ207;75;MDCLII;fol 36;Guerin_tome1-tome12.xml
JJ206;463;MDCLIII;fol 107;Guerin_tome1-tome12.xml
JJ206;556;MDCLIV;fol 128;Guerin_tome1-tome12.xml
JJ206;626;MDCLV;fol 143;Guerin_tome1-tome12.xml
JJ206;627;MDCLVI;fol 143 v°;Guerin_tome1-tome12.xml
JJ209;167;MDCLVII;fol 97;Guerin_tome1-tome12.xml
JJ208;89;MDCLVIII;fol 48 v°;Guerin_tome1-tome12.xml
JJ208;99;MDCLIX;fol 54;Guerin_tome1-tome12.xml
JJ208;115;MDCLX;fol 69;Guerin_tome1-tome12.xml
JJ208;67;MDCLXI;fol 37;Guerin_tome1-tome12.xml
JJ208;132;MDCLXII;fol 78;Guerin_tome1-tome12.xml
JJ208;64;MDCLXIII;fol 35 v°;Guerin_tome1-tome12.xml
JJ208;137;MDCLXIV;fol 80 v°;Guerin_tome1-tome12.xml
JJ208;140;MDCLXV;fol 82;Guerin_tome1-tome12.xml
JJ208;63;MDCLXVI;fol 35;Guerin_tome1-tome12.xml
JJ208;66;MDCLXVII;fol 36 v°;Guerin_tome1-tome12.xml
JJ208;143;MDCLXVIII;fol 85 v°;Guerin_tome1-tome12.xml
JJ209;93;MDCLXIX;fol 55;Guerin_tome1-tome12.xml
JJ207;18;MDCLXX;fol 9 v°;Guerin_tome1-tome12.xml
JJ219;111;MDCLXXI;fol 69 v°;Guerin_tome1-tome12.xml
JJ207;3;MDCLXXII;fol 1v°;Guerin_tome1-tome12.xml
JJ207;209;MDCLXXIII;fol 97 v°;Guerin_tome1-tome12.xml
JJ207;5;MDCLXXIV;fol 3;Guerin_tome1-tome12.xml
JJ207;4;MDCLXXV;fol 2;Guerin_tome1-tome12.xml
JJ207;9;MDCLXXVI;fol 5;Guerin_tome1-tome12.xml
JJ207;31;MDCLXXVII;fol 15v°;Guerin_tome1-tome12.xml
JJ208;155;MDCLXXVIII;fol 93;Guerin_tome1-tome12.xml
JJ207;43;MDCLXXIX;fol 21;Guerin_tome1-tome12.xml
JJ207;63;MDCLXXX;fol 30;Guerin_tome1-tome12.xml
JJ208;37;MDCLXXXI;fol 20v;Guerin_tome1-tome12.xml
JJ209;100;MDCLXXXII;fol 59;Guerin_tome1-tome12.xml
JJ209;101;MDCLXXXIII;fol 59;Guerin_tome1-tome12.xml
JJ209;117;MDCLXXXIV;fol 67;Guerin_tome1-tome12.xml
JJ207;224;MDCLXXXV;fol 105v;Guerin_tome1-tome12.xml
JJ207;242;MDCLXXXVI;fol 111v;Guerin_tome1-tome12.xml
JJ208;183;MDCLXXXVII;fol 108v;Guerin_tome1-tome12.xml
JJ208;179;MDCLXXXVIII;fol 106v;Guerin_tome1-tome12.xml
JJ209;51;MDCLXXXIX;fol 27 v°;Guerin_tome1-tome12.xml
JJ209;123;MDCXC;fol 70 v°;Guerin_tome1-tome12.xml
JJ209;98;MDCXCI;fol 57 v°;Guerin_tome1-tome12.xml
JJ209;151;MDCXCII;fol 84;Guerin_tome1-tome12.xml
JJ209;25;MDCXCIII;fol 13;Guerin_tome1-tome12.xml
JJ207;105;MDCXCIV;fol 52;Guerin_tome1-tome12.xml
JJ207;97;MDCXCV;fol 48;Guerin_tome1-tome12.xml
JJ209;160;MDCXCVI;fol 89;Guerin_tome1-tome12.xml
JJ209;156;MDCXCVII;fol 86 v°;Guerin_tome1-tome12.xml
JJ209;159;MDCXCVIII;fol 88;Guerin_tome1-tome12.xml
JJ209;195;MDCXCIX;fol 108;Guerin_tome1-tome12.xml
JJ209;196;MDCC;fol 108 v°;Guerin_tome1-tome12.xml
JJ209;200;MDCCI;fol 110;Guerin_tome1-tome12.xml
JJ209;74;MDCCII;fol 45;Guerin_tome1-tome12.xml
JJ209;89;MDCCIII;fol 53;Guerin_tome1-tome12.xml
JJ209;78;MDCCIV;fol 47;Guerin_tome1-tome12.xml
JJ209;80;MDCCV;fol 47 v°;Guerin_tome1-tome12.xml
JJ209;81;MDCCVI;fol 48;Guerin_tome1-tome12.xml
JJ209;91;MDCCVII;fol 53 v°;Guerin_tome1-tome12.xml
JJ209;208;MDCCVIII;fol 114 v°;Guerin_tome1-tome12.xml
JJ207;80;MDCCIX;fol 39;Guerin_tome1-tome12.xml
JJ207;82;MDCCX;fol 39 v°;Guerin_tome1-tome12.xml
JJ209;205;MDCCXI;fol 112 v°;Guerin_tome1-tome12.xml
JJ209;211;MDCCXII;fol 115 v°;Guerin_tome1-tome12.xml
JJ207;368;MDCCXIII;fol 171;Guerin_tome1-tome12.xml
JJ209;113;MDCCXIV;fol 65 v°;Guerin_tome1-tome12.xml
JJ209;14;MDCCXV;fol 7;Guerin_tome1-tome12.xml
JJ208;163;MDCCXVI;fol 99;Guerin_tome1-tome12.xml
JJ207;282;MDCCXVII;fol 129;Guerin_tome1-tome12.xml
JJ207;347;MDCCXVIII;fol 161 v°;Guerin_tome1-tome12.xml
JJ207;277;MDCCXIX;fol 125 v°;Guerin_tome1-tome12.xml
JJ208;244;MDCCXX;fol 145;Guerin_tome1-tome12.xml
JJ208;247;MDCCXXI;fol 147;Guerin_tome1-tome12.xml
JJ207;142;MDCCXXII;fol 70;Guerin_tome1-tome12.xml
JJ207;152;MDCCXXIII;fol 73 v°;Guerin_tome1-tome12.xml
JJ207;295;MDCCXXIV;fol 135;Guerin_tome1-tome12.xml
JJ207;185;MDCCXXV;fol 88;Guerin_tome1-tome12.xml
JJ207;204;MDCCXXVI;fol 95 v°;Guerin_tome1-tome12.xml
JJ209;229;MDCCXXVII;fol 125;Guerin_tome1-tome12.xml
JJ209;231;MDCCXXVIII;fol 126;Guerin_tome1-tome12.xml
JJ209;236;MDCCXXIX;fol 128;Guerin_tome1-tome12.xml
JJ208;224;MDCCXXX;fol 133 v°;Guerin_tome1-tome12.xml
JJ209;248;MDCCXXXI;fol 138;Guerin_tome1-tome12.xml
JJ210;44;MDCCXXXII;fol 26;Guerin_tome1-tome12.xml
JJ207;338;MDCCXXXIII;fol 157;Guerin_tome1-tome12.xml
JJ207;306;MDCCXXXIV;fol 141 v°;Guerin_tome1-tome12.xml
JJ210;53;MDCCXXXV;fol 30 v°;Guerin_tome1-tome12.xml
JJ210;61;MDCCXXXVI;fol 35;Guerin_tome1-tome12.xml
JJ207;296;MDCCXXXVII;fol 135 v°;Guerin_tome1-tome12.xml
JJ209;286;MDCCXXXVIII;fol 160 v°;Guerin_tome1-tome12.xml
JJ209;274;MDCCXXXIX;fol 153;Guerin_tome1-tome12.xml
JJ210;13;MDCCXL;fol 11;Guerin_tome1-tome12.xml
JJ209;285;MDCCXLI;fol 160;Guerin_tome1-tome12.xml
JJ210;6;MDCCXLII;fol 7;Guerin_tome1-tome12.xml
JJ210;8;MDCCXLIII;fol 7 v°;Guerin_tome1-tome12.xml
JJ211;1;MDCCXLIV;fol 1;Guerin_tome1-tome12.xml
