Paris_AN_JJ_inventaire_JJ81.xml_Register;Paris_AN_JJ_inventaire_JJ81.xml_Act_number;Paris_AN_JJ_inventaire_JJ81.xml_Head;Paris_AN_JJ_inventaire_JJ81.xml_Locus;Paris_AN_JJ_inventaire_JJ81.xml_File
JJ81;1;1;1r;Paris_AN_JJ_inventaire_JJ81.xml
JJ81;2;2;1r;Paris_AN_JJ_inventaire_JJ81.xml
JJ81;3;3;2r;Paris_AN_JJ_inventaire_JJ81.xml
JJ81;4;4;2v;Paris_AN_JJ_inventaire_JJ81.xml
JJ81;5;5;3r;Paris_AN_JJ_inventaire_JJ81.xml
JJ81;6;6;3v;Paris_AN_JJ_inventaire_JJ81.xml
JJ81;7;7;3v;Paris_AN_JJ_inventaire_JJ81.xml
JJ81;8;8;3v;Paris_AN_JJ_inventaire_JJ81.xml
JJ81;9;9;4v;Paris_AN_JJ_inventaire_JJ81.xml
JJ81;10;10;5r;Paris_AN_JJ_inventaire_JJ81.xml
JJ81;11;11;5v;Paris_AN_JJ_inventaire_JJ81.xml
JJ81;12;12;5v;Paris_AN_JJ_inventaire_JJ81.xml
JJ81;13;13;6r;Paris_AN_JJ_inventaire_JJ81.xml
JJ81;14;14;6v;Paris_AN_JJ_inventaire_JJ81.xml
JJ81;15;15;6v;Paris_AN_JJ_inventaire_JJ81.xml
JJ81;16;16;7r;Paris_AN_JJ_inventaire_JJ81.xml
JJ81;17;17;7r;Paris_AN_JJ_inventaire_JJ81.xml
JJ81;18;18;8r;Paris_AN_JJ_inventaire_JJ81.xml
JJ81;19;19;9r;Paris_AN_JJ_inventaire_JJ81.xml
JJ81;20;20;9r;Paris_AN_JJ_inventaire_JJ81.xml
JJ81;21;21;9r;Paris_AN_JJ_inventaire_JJ81.xml
JJ81;22;22;10r;Paris_AN_JJ_inventaire_JJ81.xml
JJ81;23;23;12r;Paris_AN_JJ_inventaire_JJ81.xml
JJ81;24;24;12v;Paris_AN_JJ_inventaire_JJ81.xml
JJ81;25;25;13r;Paris_AN_JJ_inventaire_JJ81.xml
JJ81;26;26;13r;Paris_AN_JJ_inventaire_JJ81.xml
JJ81;27;27;13v;Paris_AN_JJ_inventaire_JJ81.xml
JJ81;28;28;14r;Paris_AN_JJ_inventaire_JJ81.xml
JJ81;29;29;15r;Paris_AN_JJ_inventaire_JJ81.xml
JJ81;30;30;15v;Paris_AN_JJ_inventaire_JJ81.xml
JJ81;31;31;18v;Paris_AN_JJ_inventaire_JJ81.xml
JJ81;32;32;19r;Paris_AN_JJ_inventaire_JJ81.xml
JJ81;33;33;19r;Paris_AN_JJ_inventaire_JJ81.xml
JJ81;34;34;19v;Paris_AN_JJ_inventaire_JJ81.xml
JJ81;35;35;19v;Paris_AN_JJ_inventaire_JJ81.xml
JJ81;36;36;21r;Paris_AN_JJ_inventaire_JJ81.xml
JJ81;37;37;21r;Paris_AN_JJ_inventaire_JJ81.xml
JJ81;38;38;22r;Paris_AN_JJ_inventaire_JJ81.xml
JJ81;39;39;22r;Paris_AN_JJ_inventaire_JJ81.xml
JJ81;40;40;22v;Paris_AN_JJ_inventaire_JJ81.xml
JJ81;41;41;23r;Paris_AN_JJ_inventaire_JJ81.xml
JJ81;42;42;23r;Paris_AN_JJ_inventaire_JJ81.xml
JJ81;43;43;23r;Paris_AN_JJ_inventaire_JJ81.xml
JJ81;44;44;24r;Paris_AN_JJ_inventaire_JJ81.xml
JJ81;45;45;24v;Paris_AN_JJ_inventaire_JJ81.xml
JJ81;46;46;24v;Paris_AN_JJ_inventaire_JJ81.xml
JJ81;47;47;25r;Paris_AN_JJ_inventaire_JJ81.xml
JJ81;48;48;25r;Paris_AN_JJ_inventaire_JJ81.xml
JJ81;49;49;25v;Paris_AN_JJ_inventaire_JJ81.xml
JJ81;50;50;26r;Paris_AN_JJ_inventaire_JJ81.xml
JJ81;51;51;26r;Paris_AN_JJ_inventaire_JJ81.xml
JJ81;52;52;26v;Paris_AN_JJ_inventaire_JJ81.xml
JJ81;53;53;26v;Paris_AN_JJ_inventaire_JJ81.xml
JJ81;54;54;27r;Paris_AN_JJ_inventaire_JJ81.xml
JJ81;55;55;27r;Paris_AN_JJ_inventaire_JJ81.xml
JJ81;56;56;27v;Paris_AN_JJ_inventaire_JJ81.xml
JJ81;57;57;27v;Paris_AN_JJ_inventaire_JJ81.xml
JJ81;58;58;27v;Paris_AN_JJ_inventaire_JJ81.xml
JJ81;59;59;33r;Paris_AN_JJ_inventaire_JJ81.xml
JJ81;60;60;33r;Paris_AN_JJ_inventaire_JJ81.xml
JJ81;61;61;33v;Paris_AN_JJ_inventaire_JJ81.xml
JJ81;62;62;34r;Paris_AN_JJ_inventaire_JJ81.xml
JJ81;63;63;34r;Paris_AN_JJ_inventaire_JJ81.xml
JJ81;64;64;34v;Paris_AN_JJ_inventaire_JJ81.xml
JJ81;65;65;34v;Paris_AN_JJ_inventaire_JJ81.xml
JJ81;66;66;35r;Paris_AN_JJ_inventaire_JJ81.xml
JJ81;67;67;35v;Paris_AN_JJ_inventaire_JJ81.xml
JJ81;68;68;36r;Paris_AN_JJ_inventaire_JJ81.xml
JJ81;69;69;36v;Paris_AN_JJ_inventaire_JJ81.xml
JJ81;70;70;37r;Paris_AN_JJ_inventaire_JJ81.xml
JJ81;71;71;37r;Paris_AN_JJ_inventaire_JJ81.xml
JJ81;72;72;37v;Paris_AN_JJ_inventaire_JJ81.xml
JJ81;73;73;37v;Paris_AN_JJ_inventaire_JJ81.xml
JJ81;74;74;38r;Paris_AN_JJ_inventaire_JJ81.xml
JJ81;75;75;38r;Paris_AN_JJ_inventaire_JJ81.xml
JJ81;76;76;38r;Paris_AN_JJ_inventaire_JJ81.xml
JJ81;77;77;38v;Paris_AN_JJ_inventaire_JJ81.xml
JJ81;78;78;39v;Paris_AN_JJ_inventaire_JJ81.xml
JJ81;79;79;39v;Paris_AN_JJ_inventaire_JJ81.xml
JJ81;80;80;39v;Paris_AN_JJ_inventaire_JJ81.xml
JJ81;81;81;40v;Paris_AN_JJ_inventaire_JJ81.xml
JJ81;82;82;40v;Paris_AN_JJ_inventaire_JJ81.xml
JJ81;83;83;40v;Paris_AN_JJ_inventaire_JJ81.xml
JJ81;84;84;41r;Paris_AN_JJ_inventaire_JJ81.xml
JJ81;85;85;41r;Paris_AN_JJ_inventaire_JJ81.xml
JJ81;86;86;41v;Paris_AN_JJ_inventaire_JJ81.xml
JJ81;87;87;41v;Paris_AN_JJ_inventaire_JJ81.xml
JJ81;88;88;42r;Paris_AN_JJ_inventaire_JJ81.xml
JJ81;89;89;42v;Paris_AN_JJ_inventaire_JJ81.xml
JJ81;90;90;42v;Paris_AN_JJ_inventaire_JJ81.xml
JJ81;91;91;43r;Paris_AN_JJ_inventaire_JJ81.xml
JJ81;92;92;43v;Paris_AN_JJ_inventaire_JJ81.xml
JJ81;93;93;44r;Paris_AN_JJ_inventaire_JJ81.xml
JJ81;94;94;44v;Paris_AN_JJ_inventaire_JJ81.xml
JJ81;95;95;44v;Paris_AN_JJ_inventaire_JJ81.xml
JJ81;96;96;45r;Paris_AN_JJ_inventaire_JJ81.xml
JJ81;97;97;45v;Paris_AN_JJ_inventaire_JJ81.xml
JJ81;98;98;45v;Paris_AN_JJ_inventaire_JJ81.xml
JJ81;99;99;46r;Paris_AN_JJ_inventaire_JJ81.xml
JJ81;100;100;46r;Paris_AN_JJ_inventaire_JJ81.xml
JJ81;101;101;46v;Paris_AN_JJ_inventaire_JJ81.xml
JJ81;102;102;47r;Paris_AN_JJ_inventaire_JJ81.xml
JJ81;103;103;47r;Paris_AN_JJ_inventaire_JJ81.xml
JJ81;104;104;47v;Paris_AN_JJ_inventaire_JJ81.xml
JJ81;105;105;49r;Paris_AN_JJ_inventaire_JJ81.xml
JJ81;106;106;53r;Paris_AN_JJ_inventaire_JJ81.xml
JJ81;107;107;53r;Paris_AN_JJ_inventaire_JJ81.xml
JJ81;108;108;54v;Paris_AN_JJ_inventaire_JJ81.xml
JJ81;109;109;54v;Paris_AN_JJ_inventaire_JJ81.xml
JJ81;110;110;55r;Paris_AN_JJ_inventaire_JJ81.xml
JJ81;111;111;55v;Paris_AN_JJ_inventaire_JJ81.xml
JJ81;112;112;56r;Paris_AN_JJ_inventaire_JJ81.xml
JJ81;113;113;56r;Paris_AN_JJ_inventaire_JJ81.xml
JJ81;114;114;56v;Paris_AN_JJ_inventaire_JJ81.xml
JJ81;115;115;58r;Paris_AN_JJ_inventaire_JJ81.xml
JJ81;116;116;58v;Paris_AN_JJ_inventaire_JJ81.xml
JJ81;117;117;59r;Paris_AN_JJ_inventaire_JJ81.xml
JJ81;118;118;59r;Paris_AN_JJ_inventaire_JJ81.xml
JJ81;119;119;59v;Paris_AN_JJ_inventaire_JJ81.xml
JJ81;120;120;60r;Paris_AN_JJ_inventaire_JJ81.xml
JJ81;121;121;60r;Paris_AN_JJ_inventaire_JJ81.xml
JJ81;122;122;60v;Paris_AN_JJ_inventaire_JJ81.xml
JJ81;123;123;61r;Paris_AN_JJ_inventaire_JJ81.xml
JJ81;124;124;61v;Paris_AN_JJ_inventaire_JJ81.xml
JJ81;125;125;64r;Paris_AN_JJ_inventaire_JJ81.xml
JJ81;126;126;64v;Paris_AN_JJ_inventaire_JJ81.xml
JJ81;127;127;65r;Paris_AN_JJ_inventaire_JJ81.xml
JJ81;127bis;127bis;65v;Paris_AN_JJ_inventaire_JJ81.xml
JJ81;128;128;65v;Paris_AN_JJ_inventaire_JJ81.xml
JJ81;129;129;66r;Paris_AN_JJ_inventaire_JJ81.xml
JJ81;130;130;68v;Paris_AN_JJ_inventaire_JJ81.xml
JJ81;131;131;71r;Paris_AN_JJ_inventaire_JJ81.xml
JJ81;132;132;73v;Paris_AN_JJ_inventaire_JJ81.xml
JJ81;133;133;75v;Paris_AN_JJ_inventaire_JJ81.xml
JJ81;134;134;78r;Paris_AN_JJ_inventaire_JJ81.xml
JJ81;135;135;78r;Paris_AN_JJ_inventaire_JJ81.xml
JJ81;136;136;78v;Paris_AN_JJ_inventaire_JJ81.xml
JJ81;137;137;79r;Paris_AN_JJ_inventaire_JJ81.xml
JJ81;138;138;80r;Paris_AN_JJ_inventaire_JJ81.xml
JJ81;139;139;80r;Paris_AN_JJ_inventaire_JJ81.xml
JJ81;140;140;80v;Paris_AN_JJ_inventaire_JJ81.xml
JJ81;141;141;80v;Paris_AN_JJ_inventaire_JJ81.xml
JJ81;142;142;81v;Paris_AN_JJ_inventaire_JJ81.xml
JJ81;143;143;81v;Paris_AN_JJ_inventaire_JJ81.xml
JJ81;144;144;81v;Paris_AN_JJ_inventaire_JJ81.xml
JJ81;145;145;82r;Paris_AN_JJ_inventaire_JJ81.xml
JJ81;145bis;145bis;82v;Paris_AN_JJ_inventaire_JJ81.xml
JJ81;146;146;83r;Paris_AN_JJ_inventaire_JJ81.xml
JJ81;147;147;83v;Paris_AN_JJ_inventaire_JJ81.xml
JJ81;148;148;84r;Paris_AN_JJ_inventaire_JJ81.xml
JJ81;149;149;84v;Paris_AN_JJ_inventaire_JJ81.xml
JJ81;150;150;85r;Paris_AN_JJ_inventaire_JJ81.xml
JJ81;151;151;85v;Paris_AN_JJ_inventaire_JJ81.xml
JJ81;152;152;87r;Paris_AN_JJ_inventaire_JJ81.xml
JJ81;153;153;87r;Paris_AN_JJ_inventaire_JJ81.xml
JJ81;154;154;87r;Paris_AN_JJ_inventaire_JJ81.xml
JJ81;155;155;88r;Paris_AN_JJ_inventaire_JJ81.xml
JJ81;156;156;88v;Paris_AN_JJ_inventaire_JJ81.xml
JJ81;157;157;89v;Paris_AN_JJ_inventaire_JJ81.xml
JJ81;158;158;90r;Paris_AN_JJ_inventaire_JJ81.xml
JJ81;159;159;90v;Paris_AN_JJ_inventaire_JJ81.xml
JJ81;160;160;90v;Paris_AN_JJ_inventaire_JJ81.xml
JJ81;161;161;91r;Paris_AN_JJ_inventaire_JJ81.xml
JJ81;162;162;91v;Paris_AN_JJ_inventaire_JJ81.xml
JJ81;163;163;91v;Paris_AN_JJ_inventaire_JJ81.xml
JJ81;164;164;92r;Paris_AN_JJ_inventaire_JJ81.xml
JJ81;165;165;92v;Paris_AN_JJ_inventaire_JJ81.xml
JJ81;166;166;93r;Paris_AN_JJ_inventaire_JJ81.xml
JJ81;167;167;93r;Paris_AN_JJ_inventaire_JJ81.xml
JJ81;168;168;93v;Paris_AN_JJ_inventaire_JJ81.xml
JJ81;169;169;94r;Paris_AN_JJ_inventaire_JJ81.xml
JJ81;170;170;94v;Paris_AN_JJ_inventaire_JJ81.xml
JJ81;171;171;95r;Paris_AN_JJ_inventaire_JJ81.xml
JJ81;172;172;95r;Paris_AN_JJ_inventaire_JJ81.xml
JJ81;173;173;96r;Paris_AN_JJ_inventaire_JJ81.xml
JJ81;174;174;97r;Paris_AN_JJ_inventaire_JJ81.xml
JJ81;175;175;98r;Paris_AN_JJ_inventaire_JJ81.xml
JJ81;176;176;98r;Paris_AN_JJ_inventaire_JJ81.xml
JJ81;177;177;98v;Paris_AN_JJ_inventaire_JJ81.xml
JJ81;178;178;99r;Paris_AN_JJ_inventaire_JJ81.xml
JJ81;179;179;99r;Paris_AN_JJ_inventaire_JJ81.xml
JJ81;180;180;99v;Paris_AN_JJ_inventaire_JJ81.xml
JJ81;181;181;99v;Paris_AN_JJ_inventaire_JJ81.xml
JJ81;182;182;100r;Paris_AN_JJ_inventaire_JJ81.xml
JJ81;183;183;100r;Paris_AN_JJ_inventaire_JJ81.xml
JJ81;184;184;100r;Paris_AN_JJ_inventaire_JJ81.xml
JJ81;185;185;101r;Paris_AN_JJ_inventaire_JJ81.xml
JJ81;186;186;101v;Paris_AN_JJ_inventaire_JJ81.xml
JJ81;187;187;102r;Paris_AN_JJ_inventaire_JJ81.xml
JJ81;188;188;102v;Paris_AN_JJ_inventaire_JJ81.xml
JJ81;189;189;103r;Paris_AN_JJ_inventaire_JJ81.xml
JJ81;190;190;103v;Paris_AN_JJ_inventaire_JJ81.xml
JJ81;191;191;105r;Paris_AN_JJ_inventaire_JJ81.xml
JJ81;192;192;105r;Paris_AN_JJ_inventaire_JJ81.xml
JJ81;193;193;105v;Paris_AN_JJ_inventaire_JJ81.xml
JJ81;194;194;106r;Paris_AN_JJ_inventaire_JJ81.xml
JJ81;195;195;106r;Paris_AN_JJ_inventaire_JJ81.xml
JJ81;195bis;195bis;106v;Paris_AN_JJ_inventaire_JJ81.xml
JJ81;196;196;107r;Paris_AN_JJ_inventaire_JJ81.xml
JJ81;197;197;108r;Paris_AN_JJ_inventaire_JJ81.xml
JJ81;198;198;108r;Paris_AN_JJ_inventaire_JJ81.xml
JJ81;199;199;108v;Paris_AN_JJ_inventaire_JJ81.xml
JJ81;200;200;109r;Paris_AN_JJ_inventaire_JJ81.xml
JJ81;201;201;110v;Paris_AN_JJ_inventaire_JJ81.xml
JJ81;202;202;111v;Paris_AN_JJ_inventaire_JJ81.xml
JJ81;203;203;112r;Paris_AN_JJ_inventaire_JJ81.xml
JJ81;203bis;203bis;112v;Paris_AN_JJ_inventaire_JJ81.xml
JJ81;204;204;113r;Paris_AN_JJ_inventaire_JJ81.xml
JJ81;205;205;113v;Paris_AN_JJ_inventaire_JJ81.xml
JJ81;206;206;114r;Paris_AN_JJ_inventaire_JJ81.xml
JJ81;207;207;114v;Paris_AN_JJ_inventaire_JJ81.xml
JJ81;208;208;115r;Paris_AN_JJ_inventaire_JJ81.xml
JJ81;208bis;208bis;115v;Paris_AN_JJ_inventaire_JJ81.xml
JJ81;209;209;115v;Paris_AN_JJ_inventaire_JJ81.xml
JJ81;210;210;116v;Paris_AN_JJ_inventaire_JJ81.xml
JJ81;211;211;116v;Paris_AN_JJ_inventaire_JJ81.xml
JJ81;212;212;117r;Paris_AN_JJ_inventaire_JJ81.xml
JJ81;213;213;117r;Paris_AN_JJ_inventaire_JJ81.xml
JJ81;214;214;117v;Paris_AN_JJ_inventaire_JJ81.xml
JJ81;215;215;118r;Paris_AN_JJ_inventaire_JJ81.xml
JJ81;216;216;116v;Paris_AN_JJ_inventaire_JJ81.xml
JJ81;217;217;119r;Paris_AN_JJ_inventaire_JJ81.xml
JJ81;218;218;119r;Paris_AN_JJ_inventaire_JJ81.xml
JJ81;219;219;119v;Paris_AN_JJ_inventaire_JJ81.xml
JJ81;220;220;120r;Paris_AN_JJ_inventaire_JJ81.xml
JJ81;221;221;120v;Paris_AN_JJ_inventaire_JJ81.xml
JJ81;222;222;120v;Paris_AN_JJ_inventaire_JJ81.xml
JJ81;222bis;222bis;121v;Paris_AN_JJ_inventaire_JJ81.xml
JJ81;223;223;121v;Paris_AN_JJ_inventaire_JJ81.xml
JJ81;224;224;121v;Paris_AN_JJ_inventaire_JJ81.xml
JJ81;225;225;122r;Paris_AN_JJ_inventaire_JJ81.xml
JJ81;226;226;122v;Paris_AN_JJ_inventaire_JJ81.xml
JJ81;227;227;122v;Paris_AN_JJ_inventaire_JJ81.xml
JJ81;228;228;123r;Paris_AN_JJ_inventaire_JJ81.xml
JJ81;229;229;123r;Paris_AN_JJ_inventaire_JJ81.xml
JJ81;230;230;123r;Paris_AN_JJ_inventaire_JJ81.xml
JJ81;231;231;123v;Paris_AN_JJ_inventaire_JJ81.xml
JJ81;232;232;123v;Paris_AN_JJ_inventaire_JJ81.xml
JJ81;233;233;124r;Paris_AN_JJ_inventaire_JJ81.xml
JJ81;234;234;124r;Paris_AN_JJ_inventaire_JJ81.xml
JJ81;235;235;125r;Paris_AN_JJ_inventaire_JJ81.xml
JJ81;236;237;126v;Paris_AN_JJ_inventaire_JJ81.xml
JJ81;238;238;126v;Paris_AN_JJ_inventaire_JJ81.xml
JJ81;239;239;127r;Paris_AN_JJ_inventaire_JJ81.xml
JJ81;240;240;128r;Paris_AN_JJ_inventaire_JJ81.xml
JJ81;241;241;128r;Paris_AN_JJ_inventaire_JJ81.xml
JJ81;242;242;128v;Paris_AN_JJ_inventaire_JJ81.xml
JJ81;243;243;128v;Paris_AN_JJ_inventaire_JJ81.xml
JJ81;244;244;130r;Paris_AN_JJ_inventaire_JJ81.xml
JJ81;245;245;130r;Paris_AN_JJ_inventaire_JJ81.xml
JJ81;246;246;130v;Paris_AN_JJ_inventaire_JJ81.xml
JJ81;247;247;131r;Paris_AN_JJ_inventaire_JJ81.xml
JJ81;248;248;131r;Paris_AN_JJ_inventaire_JJ81.xml
JJ81;249;249;131v;Paris_AN_JJ_inventaire_JJ81.xml
JJ81;250;250;131v;Paris_AN_JJ_inventaire_JJ81.xml
JJ81;251;251;132r;Paris_AN_JJ_inventaire_JJ81.xml
JJ81;252;252;132v;Paris_AN_JJ_inventaire_JJ81.xml
JJ81;253;253;133r;Paris_AN_JJ_inventaire_JJ81.xml
JJ81;254;254;133v;Paris_AN_JJ_inventaire_JJ81.xml
JJ81;255;255;134r;Paris_AN_JJ_inventaire_JJ81.xml
JJ81;256;256;135r;Paris_AN_JJ_inventaire_JJ81.xml
JJ81;257;257;135r;Paris_AN_JJ_inventaire_JJ81.xml
JJ81;258;258;135v;Paris_AN_JJ_inventaire_JJ81.xml
JJ81;259;259;136r;Paris_AN_JJ_inventaire_JJ81.xml
JJ81;260;260;136r;Paris_AN_JJ_inventaire_JJ81.xml
JJ81;261;261;136v;Paris_AN_JJ_inventaire_JJ81.xml
JJ81;262;262;136v;Paris_AN_JJ_inventaire_JJ81.xml
JJ81;263;263;137r;Paris_AN_JJ_inventaire_JJ81.xml
JJ81;264;264;137v;Paris_AN_JJ_inventaire_JJ81.xml
JJ81;265;265;137v;Paris_AN_JJ_inventaire_JJ81.xml
JJ81;266;266;137v;Paris_AN_JJ_inventaire_JJ81.xml
JJ81;267;267;138r;Paris_AN_JJ_inventaire_JJ81.xml
JJ81;268;268;138v;Paris_AN_JJ_inventaire_JJ81.xml
JJ81;269;269;138r;Paris_AN_JJ_inventaire_JJ81.xml
JJ81;270;270;139r;Paris_AN_JJ_inventaire_JJ81.xml
JJ81;271;271;139v;Paris_AN_JJ_inventaire_JJ81.xml
JJ81;272;272;139v;Paris_AN_JJ_inventaire_JJ81.xml
JJ81;273;273;139v;Paris_AN_JJ_inventaire_JJ81.xml
JJ81;274;274;140r;Paris_AN_JJ_inventaire_JJ81.xml
JJ81;275;275;140r;Paris_AN_JJ_inventaire_JJ81.xml
JJ81;276;276;140v;Paris_AN_JJ_inventaire_JJ81.xml
JJ81;277;277;141r;Paris_AN_JJ_inventaire_JJ81.xml
JJ81;278;278;141r;Paris_AN_JJ_inventaire_JJ81.xml
JJ81;279;279;141v;Paris_AN_JJ_inventaire_JJ81.xml
JJ81;280;280;141v;Paris_AN_JJ_inventaire_JJ81.xml
JJ81;281;281;142r;Paris_AN_JJ_inventaire_JJ81.xml
JJ81;282;282;142r;Paris_AN_JJ_inventaire_JJ81.xml
JJ81;283;283;142v;Paris_AN_JJ_inventaire_JJ81.xml
JJ81;284;284;143r;Paris_AN_JJ_inventaire_JJ81.xml
JJ81;285;285;143r;Paris_AN_JJ_inventaire_JJ81.xml
JJ81;286;286;143v;Paris_AN_JJ_inventaire_JJ81.xml
JJ81;287;287;143v;Paris_AN_JJ_inventaire_JJ81.xml
JJ81;288;288;146v;Paris_AN_JJ_inventaire_JJ81.xml
JJ81;288bis;288bis;147v;Paris_AN_JJ_inventaire_JJ81.xml
JJ81;289;289;147v;Paris_AN_JJ_inventaire_JJ81.xml
JJ81;290;290;148r;Paris_AN_JJ_inventaire_JJ81.xml
JJ81;291;291;148v;Paris_AN_JJ_inventaire_JJ81.xml
JJ81;292;292;149r;Paris_AN_JJ_inventaire_JJ81.xml
JJ81;293;293;149r;Paris_AN_JJ_inventaire_JJ81.xml
JJ81;294;294;149v;Paris_AN_JJ_inventaire_JJ81.xml
JJ81;295;295;150v;Paris_AN_JJ_inventaire_JJ81.xml
JJ81;295bis;295bis;151r;Paris_AN_JJ_inventaire_JJ81.xml
JJ81;296;296;152r;Paris_AN_JJ_inventaire_JJ81.xml
JJ81;297;297;152r;Paris_AN_JJ_inventaire_JJ81.xml
JJ81;298;298;152v;Paris_AN_JJ_inventaire_JJ81.xml
JJ81;299;299;153r;Paris_AN_JJ_inventaire_JJ81.xml
JJ81;300;300;153r;Paris_AN_JJ_inventaire_JJ81.xml
JJ81;301;301;153v;Paris_AN_JJ_inventaire_JJ81.xml
JJ81;302;302;154r;Paris_AN_JJ_inventaire_JJ81.xml
JJ81;303;303;154v;Paris_AN_JJ_inventaire_JJ81.xml
JJ81;304;304;154v;Paris_AN_JJ_inventaire_JJ81.xml
JJ81;305;305;155r;Paris_AN_JJ_inventaire_JJ81.xml
JJ81;306;306;155r;Paris_AN_JJ_inventaire_JJ81.xml
JJ81;307;307;155v;Paris_AN_JJ_inventaire_JJ81.xml
JJ81;308;308;155v;Paris_AN_JJ_inventaire_JJ81.xml
JJ81;309;309;156r;Paris_AN_JJ_inventaire_JJ81.xml
JJ81;310;310;156r;Paris_AN_JJ_inventaire_JJ81.xml
JJ81;311;311;157r;Paris_AN_JJ_inventaire_JJ81.xml
JJ81;312;312;157v;Paris_AN_JJ_inventaire_JJ81.xml
JJ81;313;313;157v;Paris_AN_JJ_inventaire_JJ81.xml
JJ81;314;314;158r;Paris_AN_JJ_inventaire_JJ81.xml
JJ81;315;315;158r;Paris_AN_JJ_inventaire_JJ81.xml
JJ81;316;316;158r;Paris_AN_JJ_inventaire_JJ81.xml
JJ81;316bis;316bis;158r;Paris_AN_JJ_inventaire_JJ81.xml
JJ81;317;317;159r;Paris_AN_JJ_inventaire_JJ81.xml
JJ81;318;318;159v;Paris_AN_JJ_inventaire_JJ81.xml
JJ81;319;319;159v;Paris_AN_JJ_inventaire_JJ81.xml
JJ81;320;320;160r;Paris_AN_JJ_inventaire_JJ81.xml
JJ81;321;321;161r;Paris_AN_JJ_inventaire_JJ81.xml
JJ81;322;322;161r;Paris_AN_JJ_inventaire_JJ81.xml
JJ81;323;323;161v;Paris_AN_JJ_inventaire_JJ81.xml
JJ81;324;324;161v;Paris_AN_JJ_inventaire_JJ81.xml
JJ81;325;325;162r;Paris_AN_JJ_inventaire_JJ81.xml
JJ81;326;326;162r;Paris_AN_JJ_inventaire_JJ81.xml
JJ81;327;327;162v;Paris_AN_JJ_inventaire_JJ81.xml
JJ81;328;328;162v;Paris_AN_JJ_inventaire_JJ81.xml
JJ81;329;329;162v;Paris_AN_JJ_inventaire_JJ81.xml
JJ81;330;330;163r;Paris_AN_JJ_inventaire_JJ81.xml
JJ81;331;331;164r;Paris_AN_JJ_inventaire_JJ81.xml
JJ81;332;332;165r;Paris_AN_JJ_inventaire_JJ81.xml
JJ81;333;333;165r;Paris_AN_JJ_inventaire_JJ81.xml
JJ81;334;334;165v;Paris_AN_JJ_inventaire_JJ81.xml
JJ81;335;335;165v;Paris_AN_JJ_inventaire_JJ81.xml
JJ81;336;336;167v;Paris_AN_JJ_inventaire_JJ81.xml
JJ81;337;337;167v;Paris_AN_JJ_inventaire_JJ81.xml
JJ81;338;338;168r;Paris_AN_JJ_inventaire_JJ81.xml
JJ81;339;339;168r;Paris_AN_JJ_inventaire_JJ81.xml
JJ81;340;340;168v;Paris_AN_JJ_inventaire_JJ81.xml
JJ81;341;341;168v;Paris_AN_JJ_inventaire_JJ81.xml
JJ81;342;342;169r;Paris_AN_JJ_inventaire_JJ81.xml
JJ81;343;343;169r;Paris_AN_JJ_inventaire_JJ81.xml
JJ81;344;344;169v;Paris_AN_JJ_inventaire_JJ81.xml
JJ81;345;345;170r;Paris_AN_JJ_inventaire_JJ81.xml
JJ81;346;346;170r;Paris_AN_JJ_inventaire_JJ81.xml
JJ81;347;347;171r;Paris_AN_JJ_inventaire_JJ81.xml
JJ81;348;348;171v;Paris_AN_JJ_inventaire_JJ81.xml
JJ81;349;349;172r;Paris_AN_JJ_inventaire_JJ81.xml
JJ81;350;350;172r;Paris_AN_JJ_inventaire_JJ81.xml
JJ81;351;351;172v;Paris_AN_JJ_inventaire_JJ81.xml
JJ81;352;352;173r;Paris_AN_JJ_inventaire_JJ81.xml
JJ81;353;353;174v;Paris_AN_JJ_inventaire_JJ81.xml
JJ81;354;354;174v;Paris_AN_JJ_inventaire_JJ81.xml
JJ81;355;355;175r;Paris_AN_JJ_inventaire_JJ81.xml
JJ81;356;356;176v;Paris_AN_JJ_inventaire_JJ81.xml
JJ81;357;357;177r;Paris_AN_JJ_inventaire_JJ81.xml
JJ81;358;358;177v;Paris_AN_JJ_inventaire_JJ81.xml
JJ81;359;359;177v;Paris_AN_JJ_inventaire_JJ81.xml
JJ81;360;360;178r;Paris_AN_JJ_inventaire_JJ81.xml
JJ81;361;361;178v;Paris_AN_JJ_inventaire_JJ81.xml
JJ81;362;362;179r;Paris_AN_JJ_inventaire_JJ81.xml
JJ81;363;363;179v;Paris_AN_JJ_inventaire_JJ81.xml
JJ81;364;364;179v;Paris_AN_JJ_inventaire_JJ81.xml
JJ81;365;365;180r;Paris_AN_JJ_inventaire_JJ81.xml
JJ81;366;366;180v;Paris_AN_JJ_inventaire_JJ81.xml
JJ81;367;367;181r;Paris_AN_JJ_inventaire_JJ81.xml
JJ81;368;368;181v;Paris_AN_JJ_inventaire_JJ81.xml
JJ81;369;369;181v;Paris_AN_JJ_inventaire_JJ81.xml
JJ81;370;370;181v;Paris_AN_JJ_inventaire_JJ81.xml
JJ81;371;371;182r;Paris_AN_JJ_inventaire_JJ81.xml
JJ81;372;372;182v;Paris_AN_JJ_inventaire_JJ81.xml
JJ81;373;373;183r;Paris_AN_JJ_inventaire_JJ81.xml
JJ81;374;374;184r;Paris_AN_JJ_inventaire_JJ81.xml
JJ81;375;375;185r;Paris_AN_JJ_inventaire_JJ81.xml
JJ81;376;376;185v;Paris_AN_JJ_inventaire_JJ81.xml
JJ81;377;377;185v;Paris_AN_JJ_inventaire_JJ81.xml
JJ81;378;378;186r;Paris_AN_JJ_inventaire_JJ81.xml
JJ81;379;379;186v;Paris_AN_JJ_inventaire_JJ81.xml
JJ81;380;380;187r;Paris_AN_JJ_inventaire_JJ81.xml
JJ81;381;381;187r;Paris_AN_JJ_inventaire_JJ81.xml
JJ81;382;382;187v;Paris_AN_JJ_inventaire_JJ81.xml
JJ81;383;383;188r;Paris_AN_JJ_inventaire_JJ81.xml
JJ81;384;384;188r;Paris_AN_JJ_inventaire_JJ81.xml
JJ81;385;385;189r;Paris_AN_JJ_inventaire_JJ81.xml
JJ81;386;386;189v;Paris_AN_JJ_inventaire_JJ81.xml
JJ81;387;387;189v;Paris_AN_JJ_inventaire_JJ81.xml
JJ81;388;388;190v;Paris_AN_JJ_inventaire_JJ81.xml
JJ81;389;389;190v;Paris_AN_JJ_inventaire_JJ81.xml
JJ81;390;390;191r;Paris_AN_JJ_inventaire_JJ81.xml
JJ81;391;391;191r;Paris_AN_JJ_inventaire_JJ81.xml
JJ81;392;392;191r;Paris_AN_JJ_inventaire_JJ81.xml
JJ81;393;393;191v;Paris_AN_JJ_inventaire_JJ81.xml
JJ81;394;394;192r;Paris_AN_JJ_inventaire_JJ81.xml
JJ81;395;395;192v;Paris_AN_JJ_inventaire_JJ81.xml
JJ81;396;396;194r;Paris_AN_JJ_inventaire_JJ81.xml
JJ81;397;397;195v;Paris_AN_JJ_inventaire_JJ81.xml
JJ81;398;398;196r;Paris_AN_JJ_inventaire_JJ81.xml
JJ81;399;399;196r;Paris_AN_JJ_inventaire_JJ81.xml
JJ81;400;400;196v;Paris_AN_JJ_inventaire_JJ81.xml
JJ81;401;401;196v;Paris_AN_JJ_inventaire_JJ81.xml
JJ81;402;402;197r;Paris_AN_JJ_inventaire_JJ81.xml
JJ81;403;403;197v;Paris_AN_JJ_inventaire_JJ81.xml
JJ81;404;404;198r;Paris_AN_JJ_inventaire_JJ81.xml
JJ81;405;405;198r;Paris_AN_JJ_inventaire_JJ81.xml
JJ81;406;406;198v;Paris_AN_JJ_inventaire_JJ81.xml
JJ81;407;407;199r;Paris_AN_JJ_inventaire_JJ81.xml
JJ81;408;408;199v;Paris_AN_JJ_inventaire_JJ81.xml
JJ81;409;409;201r;Paris_AN_JJ_inventaire_JJ81.xml
JJ81;410;410;200r;Paris_AN_JJ_inventaire_JJ81.xml
JJ81;412;412;201v;Paris_AN_JJ_inventaire_JJ81.xml
JJ81;413;413;202r;Paris_AN_JJ_inventaire_JJ81.xml
JJ81;414;414;202v;Paris_AN_JJ_inventaire_JJ81.xml
JJ81;415;415;202v;Paris_AN_JJ_inventaire_JJ81.xml
JJ81;415bis;415bis;203r;Paris_AN_JJ_inventaire_JJ81.xml
JJ81;416;416;203r;Paris_AN_JJ_inventaire_JJ81.xml
JJ81;417;417;203r;Paris_AN_JJ_inventaire_JJ81.xml
JJ81;418;418;204r;Paris_AN_JJ_inventaire_JJ81.xml
JJ81;419;419;204r;Paris_AN_JJ_inventaire_JJ81.xml
JJ81;420;420;204r;Paris_AN_JJ_inventaire_JJ81.xml
JJ81;421;421;204v;Paris_AN_JJ_inventaire_JJ81.xml
JJ81;422;422;204r;Paris_AN_JJ_inventaire_JJ81.xml
JJ81;423;423;205r;Paris_AN_JJ_inventaire_JJ81.xml
JJ81;424;424;206v;Paris_AN_JJ_inventaire_JJ81.xml
JJ81;425;425;207r;Paris_AN_JJ_inventaire_JJ81.xml
JJ81;426;426;207v;Paris_AN_JJ_inventaire_JJ81.xml
JJ81;427;427;208r;Paris_AN_JJ_inventaire_JJ81.xml
JJ81;428;428;208v;Paris_AN_JJ_inventaire_JJ81.xml
JJ81;428bis;428bis;210v;Paris_AN_JJ_inventaire_JJ81.xml
JJ81;429;429;211r;Paris_AN_JJ_inventaire_JJ81.xml
JJ81;430;430;211r;Paris_AN_JJ_inventaire_JJ81.xml
JJ81;431;431;211v;Paris_AN_JJ_inventaire_JJ81.xml
JJ81;432;432;212r;Paris_AN_JJ_inventaire_JJ81.xml
JJ81;433;433;212r;Paris_AN_JJ_inventaire_JJ81.xml
JJ81;434;434;212v;Paris_AN_JJ_inventaire_JJ81.xml
JJ81;435;435;213r;Paris_AN_JJ_inventaire_JJ81.xml
JJ81;436;436;213r;Paris_AN_JJ_inventaire_JJ81.xml
JJ81;437;437;213v;Paris_AN_JJ_inventaire_JJ81.xml
JJ81;438;438;214r;Paris_AN_JJ_inventaire_JJ81.xml
JJ81;439;439;214v;Paris_AN_JJ_inventaire_JJ81.xml
JJ81;440;440;215r;Paris_AN_JJ_inventaire_JJ81.xml
JJ81;441;441;215v;Paris_AN_JJ_inventaire_JJ81.xml
JJ81;442;442;215v;Paris_AN_JJ_inventaire_JJ81.xml
JJ81;443;443;216r;Paris_AN_JJ_inventaire_JJ81.xml
JJ81;444;444;216r;Paris_AN_JJ_inventaire_JJ81.xml
JJ81;445;445;215v;Paris_AN_JJ_inventaire_JJ81.xml
JJ81;446;446;217r;Paris_AN_JJ_inventaire_JJ81.xml
JJ81;447;447;217v;Paris_AN_JJ_inventaire_JJ81.xml
JJ81;448;448;217v;Paris_AN_JJ_inventaire_JJ81.xml
JJ81;449;449;221v;Paris_AN_JJ_inventaire_JJ81.xml
JJ81;450;450;222v;Paris_AN_JJ_inventaire_JJ81.xml
JJ81;451;451;223v;Paris_AN_JJ_inventaire_JJ81.xml
JJ81;452;452;224r;Paris_AN_JJ_inventaire_JJ81.xml
JJ81;453;453;224r;Paris_AN_JJ_inventaire_JJ81.xml
JJ81;453bis;453bis;224v;Paris_AN_JJ_inventaire_JJ81.xml
JJ81;454;454;224v;Paris_AN_JJ_inventaire_JJ81.xml
JJ81;455;455;226v;Paris_AN_JJ_inventaire_JJ81.xml
JJ81;456;456;227r;Paris_AN_JJ_inventaire_JJ81.xml
JJ81;457;457;227r;Paris_AN_JJ_inventaire_JJ81.xml
JJ81;458;458;227v;Paris_AN_JJ_inventaire_JJ81.xml
JJ81;459;459;228r;Paris_AN_JJ_inventaire_JJ81.xml
JJ81;460;460;228v;Paris_AN_JJ_inventaire_JJ81.xml
JJ81;461;461;229v;Paris_AN_JJ_inventaire_JJ81.xml
JJ81;462;462;230r;Paris_AN_JJ_inventaire_JJ81.xml
JJ81;463;463;230r;Paris_AN_JJ_inventaire_JJ81.xml
JJ81;464;464;230v;Paris_AN_JJ_inventaire_JJ81.xml
JJ81;465;465;231r;Paris_AN_JJ_inventaire_JJ81.xml
JJ81;467;467;231v;Paris_AN_JJ_inventaire_JJ81.xml
JJ81;468;468;231v;Paris_AN_JJ_inventaire_JJ81.xml
JJ81;469;469;232r;Paris_AN_JJ_inventaire_JJ81.xml
JJ81;470;470;232v;Paris_AN_JJ_inventaire_JJ81.xml
JJ81;471;471;233r;Paris_AN_JJ_inventaire_JJ81.xml
JJ81;472;472;233r;Paris_AN_JJ_inventaire_JJ81.xml
JJ81;473;473;233v;Paris_AN_JJ_inventaire_JJ81.xml
JJ81;474;474;234r;Paris_AN_JJ_inventaire_JJ81.xml
JJ81;475;475;234v;Paris_AN_JJ_inventaire_JJ81.xml
JJ81;476;476;234v;Paris_AN_JJ_inventaire_JJ81.xml
JJ81;477;477;234v;Paris_AN_JJ_inventaire_JJ81.xml
JJ81;478;478;235r;Paris_AN_JJ_inventaire_JJ81.xml
JJ81;479;479;235r;Paris_AN_JJ_inventaire_JJ81.xml
JJ81;480;480;235v;Paris_AN_JJ_inventaire_JJ81.xml
JJ81;480bis;480bis;236r;Paris_AN_JJ_inventaire_JJ81.xml
JJ81;481;481;236r;Paris_AN_JJ_inventaire_JJ81.xml
JJ81;482;482;236v;Paris_AN_JJ_inventaire_JJ81.xml
JJ81;483;483;236v;Paris_AN_JJ_inventaire_JJ81.xml
JJ81;484;484;237r;Paris_AN_JJ_inventaire_JJ81.xml
JJ81;488;488;237v;Paris_AN_JJ_inventaire_JJ81.xml
JJ81;489;489;238r;Paris_AN_JJ_inventaire_JJ81.xml
JJ81;490;490;238v;Paris_AN_JJ_inventaire_JJ81.xml
JJ81;491;491;239r;Paris_AN_JJ_inventaire_JJ81.xml
JJ81;492;492;242r;Paris_AN_JJ_inventaire_JJ81.xml
JJ81;493;493;244r;Paris_AN_JJ_inventaire_JJ81.xml
JJ81;494;494;245r;Paris_AN_JJ_inventaire_JJ81.xml
JJ81;495;495;246r;Paris_AN_JJ_inventaire_JJ81.xml
JJ81;496;496;246v;Paris_AN_JJ_inventaire_JJ81.xml
JJ81;497;497;247r;Paris_AN_JJ_inventaire_JJ81.xml
JJ81;498;498;249r;Paris_AN_JJ_inventaire_JJ81.xml
JJ81;499;499;249r;Paris_AN_JJ_inventaire_JJ81.xml
JJ81;500;500;250r;Paris_AN_JJ_inventaire_JJ81.xml
JJ81;501;501;250v;Paris_AN_JJ_inventaire_JJ81.xml
JJ81;502;502;250v;Paris_AN_JJ_inventaire_JJ81.xml
JJ81;503;503;251r;Paris_AN_JJ_inventaire_JJ81.xml
JJ81;504;504;253r;Paris_AN_JJ_inventaire_JJ81.xml
JJ81;505;505;253r;Paris_AN_JJ_inventaire_JJ81.xml
JJ81;506;506;253r;Paris_AN_JJ_inventaire_JJ81.xml
JJ81;507;507;254r;Paris_AN_JJ_inventaire_JJ81.xml
JJ81;508;508;254r;Paris_AN_JJ_inventaire_JJ81.xml
JJ81;509;509;254v;Paris_AN_JJ_inventaire_JJ81.xml
JJ81;510;510;254v;Paris_AN_JJ_inventaire_JJ81.xml
JJ81;511;511;255r;Paris_AN_JJ_inventaire_JJ81.xml
JJ81;512;512;255v;Paris_AN_JJ_inventaire_JJ81.xml
JJ81;513;513;255v;Paris_AN_JJ_inventaire_JJ81.xml
JJ81;514;514;256r;Paris_AN_JJ_inventaire_JJ81.xml
JJ81;515;515;256v;Paris_AN_JJ_inventaire_JJ81.xml
JJ81;516;516;256v;Paris_AN_JJ_inventaire_JJ81.xml
JJ81;517;517;257r;Paris_AN_JJ_inventaire_JJ81.xml
JJ81;518;518;257v;Paris_AN_JJ_inventaire_JJ81.xml
JJ81;519;519;258r;Paris_AN_JJ_inventaire_JJ81.xml
JJ81;520;520;258r;Paris_AN_JJ_inventaire_JJ81.xml
JJ81;5202;5202;258v;Paris_AN_JJ_inventaire_JJ81.xml
JJ81;5203;5203;258v;Paris_AN_JJ_inventaire_JJ81.xml
JJ81;5204;5204;259r;Paris_AN_JJ_inventaire_JJ81.xml
JJ81;5205;5205;259r;Paris_AN_JJ_inventaire_JJ81.xml
JJ81;521;521;259v;Paris_AN_JJ_inventaire_JJ81.xml
JJ81;522;522;259v;Paris_AN_JJ_inventaire_JJ81.xml
JJ81;523;523;260r;Paris_AN_JJ_inventaire_JJ81.xml
JJ81;524;524;260v;Paris_AN_JJ_inventaire_JJ81.xml
JJ81;525;525;261r;Paris_AN_JJ_inventaire_JJ81.xml
JJ81;526;526;261r;Paris_AN_JJ_inventaire_JJ81.xml
JJ81;527;527;261v;Paris_AN_JJ_inventaire_JJ81.xml
JJ81;528;528;262v;Paris_AN_JJ_inventaire_JJ81.xml
JJ81;529;529;262v;Paris_AN_JJ_inventaire_JJ81.xml
JJ81;530;530;263r;Paris_AN_JJ_inventaire_JJ81.xml
JJ81;531;531;267r;Paris_AN_JJ_inventaire_JJ81.xml
JJ81;532;532;267r;Paris_AN_JJ_inventaire_JJ81.xml
JJ81;533;533;267r;Paris_AN_JJ_inventaire_JJ81.xml
JJ81;534;534;269v;Paris_AN_JJ_inventaire_JJ81.xml
JJ81;535;535;271r;Paris_AN_JJ_inventaire_JJ81.xml
JJ81;536;536;272r;Paris_AN_JJ_inventaire_JJ81.xml
JJ81;538;538;272v;Paris_AN_JJ_inventaire_JJ81.xml
JJ81;539;539;274r;Paris_AN_JJ_inventaire_JJ81.xml
JJ81;539bis;539bis;275r;Paris_AN_JJ_inventaire_JJ81.xml
JJ81;540;540;275r;Paris_AN_JJ_inventaire_JJ81.xml
JJ81;541;541;275r;Paris_AN_JJ_inventaire_JJ81.xml
JJ81;542;542;275r;Paris_AN_JJ_inventaire_JJ81.xml
JJ81;543;543;276r;Paris_AN_JJ_inventaire_JJ81.xml
JJ81;544;544;276v;Paris_AN_JJ_inventaire_JJ81.xml
JJ81;545;545;277r;Paris_AN_JJ_inventaire_JJ81.xml
JJ81;546;546;277r;Paris_AN_JJ_inventaire_JJ81.xml
JJ81;547;547;278v;Paris_AN_JJ_inventaire_JJ81.xml
JJ81;548;548;279v;Paris_AN_JJ_inventaire_JJ81.xml
JJ81;549;549;280r;Paris_AN_JJ_inventaire_JJ81.xml
JJ81;550;550;280v;Paris_AN_JJ_inventaire_JJ81.xml
JJ81;551;551;281r;Paris_AN_JJ_inventaire_JJ81.xml
JJ81;552;552;281v;Paris_AN_JJ_inventaire_JJ81.xml
JJ81;553;553;281v;Paris_AN_JJ_inventaire_JJ81.xml
JJ81;554;554;282r;Paris_AN_JJ_inventaire_JJ81.xml
JJ81;555;555;282r;Paris_AN_JJ_inventaire_JJ81.xml
JJ81;556;556;282v;Paris_AN_JJ_inventaire_JJ81.xml
JJ81;557;557;282v;Paris_AN_JJ_inventaire_JJ81.xml
JJ81;558;558;283r;Paris_AN_JJ_inventaire_JJ81.xml
JJ81;559;559;284r;Paris_AN_JJ_inventaire_JJ81.xml
JJ81;560;560;284r;Paris_AN_JJ_inventaire_JJ81.xml
JJ81;561;561;284r;Paris_AN_JJ_inventaire_JJ81.xml
JJ81;562;562;284r;Paris_AN_JJ_inventaire_JJ81.xml
JJ81;563;563;284v;Paris_AN_JJ_inventaire_JJ81.xml
JJ81;564;564;285r;Paris_AN_JJ_inventaire_JJ81.xml
JJ81;565;565;285r;Paris_AN_JJ_inventaire_JJ81.xml
JJ81;566;566;285r;Paris_AN_JJ_inventaire_JJ81.xml
JJ81;567;567;286r;Paris_AN_JJ_inventaire_JJ81.xml
JJ81;568;568;287r;Paris_AN_JJ_inventaire_JJ81.xml
JJ81;569;569;287r;Paris_AN_JJ_inventaire_JJ81.xml
JJ81;570;570;288r;Paris_AN_JJ_inventaire_JJ81.xml
JJ81;571;571;228v;Paris_AN_JJ_inventaire_JJ81.xml
JJ81;572;572;289r;Paris_AN_JJ_inventaire_JJ81.xml
JJ81;573;573;289v;Paris_AN_JJ_inventaire_JJ81.xml
JJ81;574;574;290r;Paris_AN_JJ_inventaire_JJ81.xml
JJ81;575;575;291r;Paris_AN_JJ_inventaire_JJ81.xml
JJ81;576;576;292r;Paris_AN_JJ_inventaire_JJ81.xml
JJ81;577;577;298r;Paris_AN_JJ_inventaire_JJ81.xml
JJ81;578;578;298r;Paris_AN_JJ_inventaire_JJ81.xml
JJ81;579;579;298v;Paris_AN_JJ_inventaire_JJ81.xml
JJ81;580;580;299r;Paris_AN_JJ_inventaire_JJ81.xml
JJ81;581;581;299r;Paris_AN_JJ_inventaire_JJ81.xml
JJ81;582;582;299r;Paris_AN_JJ_inventaire_JJ81.xml
JJ81;583;583;300r;Paris_AN_JJ_inventaire_JJ81.xml
JJ81;584;584;300v;Paris_AN_JJ_inventaire_JJ81.xml
JJ81;585;585;301r;Paris_AN_JJ_inventaire_JJ81.xml
JJ81;586;586;302r;Paris_AN_JJ_inventaire_JJ81.xml
JJ81;587;587;303r;Paris_AN_JJ_inventaire_JJ81.xml
JJ81;588;588;303v;Paris_AN_JJ_inventaire_JJ81.xml
JJ81;589;589;303r;Paris_AN_JJ_inventaire_JJ81.xml
JJ81;590;590;304r;Paris_AN_JJ_inventaire_JJ81.xml
JJ81;591;591;304r;Paris_AN_JJ_inventaire_JJ81.xml
JJ81;592;592;304r;Paris_AN_JJ_inventaire_JJ81.xml
JJ81;593;593;305r;Paris_AN_JJ_inventaire_JJ81.xml
JJ81;594;594;306r;Paris_AN_JJ_inventaire_JJ81.xml
JJ81;595;595;306r;Paris_AN_JJ_inventaire_JJ81.xml
JJ81;596;596;306r;Paris_AN_JJ_inventaire_JJ81.xml
JJ81;597;597;307v;Paris_AN_JJ_inventaire_JJ81.xml
JJ81;598;598;307v;Paris_AN_JJ_inventaire_JJ81.xml
JJ81;599;599;308v;Paris_AN_JJ_inventaire_JJ81.xml
JJ81;599bis;599bis;308v;Paris_AN_JJ_inventaire_JJ81.xml
JJ81;600;600;308v;Paris_AN_JJ_inventaire_JJ81.xml
JJ81;601;601;309r;Paris_AN_JJ_inventaire_JJ81.xml
JJ81;602;602;309r;Paris_AN_JJ_inventaire_JJ81.xml
JJ81;603;603;309v;Paris_AN_JJ_inventaire_JJ81.xml
JJ81;604;604;310r;Paris_AN_JJ_inventaire_JJ81.xml
JJ81;605;605;311r;Paris_AN_JJ_inventaire_JJ81.xml
JJ81;606;606;311v;Paris_AN_JJ_inventaire_JJ81.xml
JJ81;607;607;312r;Paris_AN_JJ_inventaire_JJ81.xml
JJ81;608;608;313v;Paris_AN_JJ_inventaire_JJ81.xml
JJ81;609;609;314r;Paris_AN_JJ_inventaire_JJ81.xml
JJ81;610;610;314r;Paris_AN_JJ_inventaire_JJ81.xml
JJ81;611;611;314v;Paris_AN_JJ_inventaire_JJ81.xml
JJ81;612;612;315r;Paris_AN_JJ_inventaire_JJ81.xml
JJ81;613;613;315v;Paris_AN_JJ_inventaire_JJ81.xml
JJ81;614;614;316v;Paris_AN_JJ_inventaire_JJ81.xml
JJ81;615;615;316v;Paris_AN_JJ_inventaire_JJ81.xml
JJ81;616;616;317v;Paris_AN_JJ_inventaire_JJ81.xml
JJ81;617;617;317v;Paris_AN_JJ_inventaire_JJ81.xml
JJ81;618;618;318r;Paris_AN_JJ_inventaire_JJ81.xml
JJ81;619;619;318v;Paris_AN_JJ_inventaire_JJ81.xml
JJ81;620;620;319r;Paris_AN_JJ_inventaire_JJ81.xml
JJ81;621;621;319v;Paris_AN_JJ_inventaire_JJ81.xml
JJ81;622;622;320r;Paris_AN_JJ_inventaire_JJ81.xml
JJ81;623;623;321r;Paris_AN_JJ_inventaire_JJ81.xml
JJ81;624;624;321v;Paris_AN_JJ_inventaire_JJ81.xml
JJ81;625;625;322r;Paris_AN_JJ_inventaire_JJ81.xml
JJ81;626;626;322r;Paris_AN_JJ_inventaire_JJ81.xml
JJ81;627;627;322v;Paris_AN_JJ_inventaire_JJ81.xml
JJ81;628;628;322r;Paris_AN_JJ_inventaire_JJ81.xml
JJ81;629;629;323r;Paris_AN_JJ_inventaire_JJ81.xml
JJ81;630;630;323r;Paris_AN_JJ_inventaire_JJ81.xml
JJ81;631;631;232v;Paris_AN_JJ_inventaire_JJ81.xml
JJ81;632;632;323v;Paris_AN_JJ_inventaire_JJ81.xml
JJ81;633;633;324r;Paris_AN_JJ_inventaire_JJ81.xml
JJ81;634;634;324r;Paris_AN_JJ_inventaire_JJ81.xml
JJ81;635;635;324v;Paris_AN_JJ_inventaire_JJ81.xml
JJ81;636;636;325v;Paris_AN_JJ_inventaire_JJ81.xml
JJ81;637;637;326r;Paris_AN_JJ_inventaire_JJ81.xml
JJ81;638;638;326v;Paris_AN_JJ_inventaire_JJ81.xml
JJ81;639;639;327r;Paris_AN_JJ_inventaire_JJ81.xml
JJ81;640;640;327r;Paris_AN_JJ_inventaire_JJ81.xml
JJ81;641;641;327v;Paris_AN_JJ_inventaire_JJ81.xml
JJ81;642;642;328r;Paris_AN_JJ_inventaire_JJ81.xml
JJ81;643;643;328v;Paris_AN_JJ_inventaire_JJ81.xml
JJ81;644;644;329r;Paris_AN_JJ_inventaire_JJ81.xml
JJ81;645;645;329r;Paris_AN_JJ_inventaire_JJ81.xml
JJ81;646;646;329v;Paris_AN_JJ_inventaire_JJ81.xml
JJ81;647;647;330v;Paris_AN_JJ_inventaire_JJ81.xml
JJ81;648;648;331r;Paris_AN_JJ_inventaire_JJ81.xml
JJ81;649;649;331r;Paris_AN_JJ_inventaire_JJ81.xml
JJ81;650;650;331r;Paris_AN_JJ_inventaire_JJ81.xml
JJ81;651;651;331v;Paris_AN_JJ_inventaire_JJ81.xml
JJ81;652;652;332r;Paris_AN_JJ_inventaire_JJ81.xml
JJ81;653;653;332v;Paris_AN_JJ_inventaire_JJ81.xml
JJ81;654;654;332v;Paris_AN_JJ_inventaire_JJ81.xml
JJ81;655;655;333r;Paris_AN_JJ_inventaire_JJ81.xml
JJ81;656;656;333r;Paris_AN_JJ_inventaire_JJ81.xml
JJ81;657;657;333v;Paris_AN_JJ_inventaire_JJ81.xml
JJ81;658;658;334r;Paris_AN_JJ_inventaire_JJ81.xml
JJ81;659;659;334v;Paris_AN_JJ_inventaire_JJ81.xml
JJ81;660;660;335v;Paris_AN_JJ_inventaire_JJ81.xml
JJ81;661;661;336v;Paris_AN_JJ_inventaire_JJ81.xml
JJ81;662;662;337v;Paris_AN_JJ_inventaire_JJ81.xml
JJ81;663;663;338r;Paris_AN_JJ_inventaire_JJ81.xml
JJ81;664;664;338v;Paris_AN_JJ_inventaire_JJ81.xml
JJ81;665;665;339r;Paris_AN_JJ_inventaire_JJ81.xml
JJ81;666;666;339v;Paris_AN_JJ_inventaire_JJ81.xml
JJ81;667;667;340r;Paris_AN_JJ_inventaire_JJ81.xml
JJ81;668;668;341v;Paris_AN_JJ_inventaire_JJ81.xml
JJ81;669;669;341v;Paris_AN_JJ_inventaire_JJ81.xml
JJ81;670;670;341v;Paris_AN_JJ_inventaire_JJ81.xml
JJ81;671;671;342r;Paris_AN_JJ_inventaire_JJ81.xml
JJ81;672;672;345r;Paris_AN_JJ_inventaire_JJ81.xml
JJ81;673;673;345r;Paris_AN_JJ_inventaire_JJ81.xml
JJ81;674;674;346r;Paris_AN_JJ_inventaire_JJ81.xml
JJ81;675;675;349v;Paris_AN_JJ_inventaire_JJ81.xml
JJ81;676;676;350v;Paris_AN_JJ_inventaire_JJ81.xml
JJ81;677;677;351r;Paris_AN_JJ_inventaire_JJ81.xml
JJ81;678;678;351v;Paris_AN_JJ_inventaire_JJ81.xml
JJ81;679;679;351r;Paris_AN_JJ_inventaire_JJ81.xml
JJ81;680;680;352r;Paris_AN_JJ_inventaire_JJ81.xml
JJ81;681;681;352r;Paris_AN_JJ_inventaire_JJ81.xml
JJ81;682;682;353r;Paris_AN_JJ_inventaire_JJ81.xml
JJ81;683;683;353v;Paris_AN_JJ_inventaire_JJ81.xml
JJ81;684;684;353v;Paris_AN_JJ_inventaire_JJ81.xml
JJ81;685;685;354r;Paris_AN_JJ_inventaire_JJ81.xml
JJ81;686;686;354v;Paris_AN_JJ_inventaire_JJ81.xml
JJ81;687;687;355r;Paris_AN_JJ_inventaire_JJ81.xml
JJ81;688;688;355v;Paris_AN_JJ_inventaire_JJ81.xml
JJ81;689;689;355v;Paris_AN_JJ_inventaire_JJ81.xml
JJ81;690;690;356v;Paris_AN_JJ_inventaire_JJ81.xml
JJ81;691;691;357r;Paris_AN_JJ_inventaire_JJ81.xml
JJ81;692;692;357r;Paris_AN_JJ_inventaire_JJ81.xml
JJ81;693;693;358r;Paris_AN_JJ_inventaire_JJ81.xml
JJ81;694;694;358r;Paris_AN_JJ_inventaire_JJ81.xml
JJ81;694_2;694_2;358r;Paris_AN_JJ_inventaire_JJ81.xml
JJ81;694_3;694_3;358r;Paris_AN_JJ_inventaire_JJ81.xml
JJ81;694_4;694_4;358r;Paris_AN_JJ_inventaire_JJ81.xml
JJ81;694_5;694_5;358r;Paris_AN_JJ_inventaire_JJ81.xml
JJ81;694_6;694_6;358r;Paris_AN_JJ_inventaire_JJ81.xml
JJ81;694_7;694_7;358r;Paris_AN_JJ_inventaire_JJ81.xml
JJ81;695;695;358v;Paris_AN_JJ_inventaire_JJ81.xml
JJ81;696;696;358v;Paris_AN_JJ_inventaire_JJ81.xml
JJ81;697;697;359r;Paris_AN_JJ_inventaire_JJ81.xml
JJ81;698;698;359v;Paris_AN_JJ_inventaire_JJ81.xml
JJ81;699;699;359v;Paris_AN_JJ_inventaire_JJ81.xml
JJ81;700;700;360r;Paris_AN_JJ_inventaire_JJ81.xml
JJ81;701;701;360v;Paris_AN_JJ_inventaire_JJ81.xml
JJ81;702;702;360v;Paris_AN_JJ_inventaire_JJ81.xml
JJ81;703;703;361r;Paris_AN_JJ_inventaire_JJ81.xml
JJ81;704;704;361v;Paris_AN_JJ_inventaire_JJ81.xml
JJ81;705;705;361v;Paris_AN_JJ_inventaire_JJ81.xml
JJ81;706;706;362r;Paris_AN_JJ_inventaire_JJ81.xml
JJ81;707;707;362v;Paris_AN_JJ_inventaire_JJ81.xml
JJ81;708;708;363v;Paris_AN_JJ_inventaire_JJ81.xml
JJ81;709;709;363v;Paris_AN_JJ_inventaire_JJ81.xml
JJ81;710;710;364r;Paris_AN_JJ_inventaire_JJ81.xml
JJ81;711;711;365r;Paris_AN_JJ_inventaire_JJ81.xml
JJ81;712;712;365v;Paris_AN_JJ_inventaire_JJ81.xml
JJ81;713;713;366r;Paris_AN_JJ_inventaire_JJ81.xml
JJ81;714;714;366r;Paris_AN_JJ_inventaire_JJ81.xml
JJ81;715;715;367v;Paris_AN_JJ_inventaire_JJ81.xml
JJ81;716;716;367v;Paris_AN_JJ_inventaire_JJ81.xml
JJ81;717;717;368r;Paris_AN_JJ_inventaire_JJ81.xml
JJ81;718;718;368v;Paris_AN_JJ_inventaire_JJ81.xml
JJ81;719;719;369r;Paris_AN_JJ_inventaire_JJ81.xml
JJ81;720;720;369v;Paris_AN_JJ_inventaire_JJ81.xml
JJ81;721;721;370v;Paris_AN_JJ_inventaire_JJ81.xml
JJ81;722;722;371r;Paris_AN_JJ_inventaire_JJ81.xml
JJ81;723;723;371v;Paris_AN_JJ_inventaire_JJ81.xml
JJ81;724;724;372v;Paris_AN_JJ_inventaire_JJ81.xml
JJ81;725;725;372v;Paris_AN_JJ_inventaire_JJ81.xml
JJ81;726;726;374r;Paris_AN_JJ_inventaire_JJ81.xml
JJ81;727;727;374r;Paris_AN_JJ_inventaire_JJ81.xml
JJ81;728;728;375r;Paris_AN_JJ_inventaire_JJ81.xml
JJ81;729;729;375r;Paris_AN_JJ_inventaire_JJ81.xml
JJ81;730;730;375v;Paris_AN_JJ_inventaire_JJ81.xml
JJ81;731;731;376r;Paris_AN_JJ_inventaire_JJ81.xml
JJ81;732;732;376v;Paris_AN_JJ_inventaire_JJ81.xml
JJ81;733;733;377r;Paris_AN_JJ_inventaire_JJ81.xml
JJ81;734;734;377v;Paris_AN_JJ_inventaire_JJ81.xml
JJ81;735;735;378v;Paris_AN_JJ_inventaire_JJ81.xml
JJ81;736;736;378v;Paris_AN_JJ_inventaire_JJ81.xml
JJ81;737;737;380r;Paris_AN_JJ_inventaire_JJ81.xml
JJ81;738;738;380r;Paris_AN_JJ_inventaire_JJ81.xml
JJ81;739;739;380v;Paris_AN_JJ_inventaire_JJ81.xml
JJ81;740;740;381v;Paris_AN_JJ_inventaire_JJ81.xml
JJ81;741;741;382r;Paris_AN_JJ_inventaire_JJ81.xml
JJ81;742;742;388r;Paris_AN_JJ_inventaire_JJ81.xml
JJ81;743;743;388v;Paris_AN_JJ_inventaire_JJ81.xml
JJ81;744;744;391v;Paris_AN_JJ_inventaire_JJ81.xml
JJ81;744bis;744bis;393r;Paris_AN_JJ_inventaire_JJ81.xml
JJ81;745;745;393v;Paris_AN_JJ_inventaire_JJ81.xml
JJ81;746;746;393v;Paris_AN_JJ_inventaire_JJ81.xml
JJ81;747;747;394r;Paris_AN_JJ_inventaire_JJ81.xml
JJ81;748;748;394r;Paris_AN_JJ_inventaire_JJ81.xml
JJ81;749;749;394r;Paris_AN_JJ_inventaire_JJ81.xml
JJ81;750;750;395v;Paris_AN_JJ_inventaire_JJ81.xml
JJ81;751;751;396r;Paris_AN_JJ_inventaire_JJ81.xml
JJ81;752;752;396v;Paris_AN_JJ_inventaire_JJ81.xml
JJ81;753;753;397r;Paris_AN_JJ_inventaire_JJ81.xml
JJ81;754;754;397v;Paris_AN_JJ_inventaire_JJ81.xml
JJ81;755;755;398v;Paris_AN_JJ_inventaire_JJ81.xml
JJ81;756;756;400v;Paris_AN_JJ_inventaire_JJ81.xml
JJ81;757;757;400v;Paris_AN_JJ_inventaire_JJ81.xml
JJ81;758;758;401r;Paris_AN_JJ_inventaire_JJ81.xml
JJ81;759;759;401v;Paris_AN_JJ_inventaire_JJ81.xml
JJ81;760;760;402r;Paris_AN_JJ_inventaire_JJ81.xml
JJ81;761;761;403r;Paris_AN_JJ_inventaire_JJ81.xml
JJ81;762;762;403v;Paris_AN_JJ_inventaire_JJ81.xml
JJ81;763;763;404r;Paris_AN_JJ_inventaire_JJ81.xml
JJ81;764;764;404r;Paris_AN_JJ_inventaire_JJ81.xml
JJ81;765;765;404r;Paris_AN_JJ_inventaire_JJ81.xml
JJ81;766;766;404v;Paris_AN_JJ_inventaire_JJ81.xml
JJ81;767;767;405r;Paris_AN_JJ_inventaire_JJ81.xml
JJ81;768;768;405v;Paris_AN_JJ_inventaire_JJ81.xml
JJ81;769;769;405v;Paris_AN_JJ_inventaire_JJ81.xml
JJ81;770;770;406r;Paris_AN_JJ_inventaire_JJ81.xml
JJ81;771;771;406r;Paris_AN_JJ_inventaire_JJ81.xml
JJ81;772;772;407r;Paris_AN_JJ_inventaire_JJ81.xml
JJ81;773;773;408r;Paris_AN_JJ_inventaire_JJ81.xml
JJ81;774;774;409v;Paris_AN_JJ_inventaire_JJ81.xml
JJ81;775;775;409r;Paris_AN_JJ_inventaire_JJ81.xml
JJ81;776;776;410r;Paris_AN_JJ_inventaire_JJ81.xml
JJ81;777;777;410v;Paris_AN_JJ_inventaire_JJ81.xml
JJ81;778;778;410r;Paris_AN_JJ_inventaire_JJ81.xml
JJ81;779;779;411r;Paris_AN_JJ_inventaire_JJ81.xml
JJ81;780;780;411r;Paris_AN_JJ_inventaire_JJ81.xml
JJ81;781;781;411r;Paris_AN_JJ_inventaire_JJ81.xml
JJ81;782;782;412r;Paris_AN_JJ_inventaire_JJ81.xml
JJ81;783;783;412v;Paris_AN_JJ_inventaire_JJ81.xml
JJ81;784;784;413r;Paris_AN_JJ_inventaire_JJ81.xml
JJ81;785;785;413v;Paris_AN_JJ_inventaire_JJ81.xml
JJ81;786;786;414r;Paris_AN_JJ_inventaire_JJ81.xml
JJ81;787;787;414v;Paris_AN_JJ_inventaire_JJ81.xml
JJ81;788;788;415v;Paris_AN_JJ_inventaire_JJ81.xml
JJ81;789;789;416r;Paris_AN_JJ_inventaire_JJ81.xml
JJ81;790;790;416v;Paris_AN_JJ_inventaire_JJ81.xml
JJ81;791;791;417r;Paris_AN_JJ_inventaire_JJ81.xml
JJ81;792;792;417r;Paris_AN_JJ_inventaire_JJ81.xml
JJ81;793;793;417r;Paris_AN_JJ_inventaire_JJ81.xml
JJ81;794;794;418r;Paris_AN_JJ_inventaire_JJ81.xml
JJ81;795;795;418v;Paris_AN_JJ_inventaire_JJ81.xml
JJ81;796;796;420v;Paris_AN_JJ_inventaire_JJ81.xml
JJ81;797;797;422v;Paris_AN_JJ_inventaire_JJ81.xml
JJ81;798;798;423v;Paris_AN_JJ_inventaire_JJ81.xml
JJ81;799;799;424r;Paris_AN_JJ_inventaire_JJ81.xml
JJ81;800;800;424v;Paris_AN_JJ_inventaire_JJ81.xml
JJ81;801;801;424v;Paris_AN_JJ_inventaire_JJ81.xml
JJ81;802;802;425r;Paris_AN_JJ_inventaire_JJ81.xml
JJ81;803;803;426r;Paris_AN_JJ_inventaire_JJ81.xml
JJ81;804;804;426v;Paris_AN_JJ_inventaire_JJ81.xml
JJ81;805;805;427r;Paris_AN_JJ_inventaire_JJ81.xml
JJ81;806;806;428r;Paris_AN_JJ_inventaire_JJ81.xml
JJ81;807;807;428v;Paris_AN_JJ_inventaire_JJ81.xml
JJ81;808;808;430r;Paris_AN_JJ_inventaire_JJ81.xml
JJ81;809;809;430r;Paris_AN_JJ_inventaire_JJ81.xml
JJ81;810;810;430v;Paris_AN_JJ_inventaire_JJ81.xml
JJ81;811;811;431r;Paris_AN_JJ_inventaire_JJ81.xml
JJ81;812;812;431r;Paris_AN_JJ_inventaire_JJ81.xml
JJ81;813;813;431r;Paris_AN_JJ_inventaire_JJ81.xml
JJ81;814;814;431r;Paris_AN_JJ_inventaire_JJ81.xml
JJ81;815;815;432v;Paris_AN_JJ_inventaire_JJ81.xml
JJ81;816;816;433r;Paris_AN_JJ_inventaire_JJ81.xml
JJ81;817;817;433r;Paris_AN_JJ_inventaire_JJ81.xml
JJ81;818;818;734r;Paris_AN_JJ_inventaire_JJ81.xml
JJ81;819;819;434v;Paris_AN_JJ_inventaire_JJ81.xml
JJ81;820;820;438v;Paris_AN_JJ_inventaire_JJ81.xml
JJ81;821;821;439r;Paris_AN_JJ_inventaire_JJ81.xml
JJ81;822;822;439v;Paris_AN_JJ_inventaire_JJ81.xml
JJ81;823;823;440r;Paris_AN_JJ_inventaire_JJ81.xml
JJ81;824;824;440r;Paris_AN_JJ_inventaire_JJ81.xml
JJ81;825;825;440v;Paris_AN_JJ_inventaire_JJ81.xml
JJ81;826;826;440v;Paris_AN_JJ_inventaire_JJ81.xml
JJ81;827;827;441r;Paris_AN_JJ_inventaire_JJ81.xml
JJ81;828;828;442r;Paris_AN_JJ_inventaire_JJ81.xml
JJ81;829;829;442r;Paris_AN_JJ_inventaire_JJ81.xml
JJ81;830;830;442r;Paris_AN_JJ_inventaire_JJ81.xml
JJ81;831;831;442v;Paris_AN_JJ_inventaire_JJ81.xml
JJ81;832;832;442v;Paris_AN_JJ_inventaire_JJ81.xml
JJ81;833;833;443r;Paris_AN_JJ_inventaire_JJ81.xml
JJ81;834;834;443r;Paris_AN_JJ_inventaire_JJ81.xml
JJ81;835;835;443v;Paris_AN_JJ_inventaire_JJ81.xml
JJ81;836;836;444r;Paris_AN_JJ_inventaire_JJ81.xml
JJ81;837;837;444r;Paris_AN_JJ_inventaire_JJ81.xml
JJ81;838;838;444v;Paris_AN_JJ_inventaire_JJ81.xml
JJ81;839;839;444v;Paris_AN_JJ_inventaire_JJ81.xml
JJ81;840;840;445r;Paris_AN_JJ_inventaire_JJ81.xml
JJ81;841;841;445r;Paris_AN_JJ_inventaire_JJ81.xml
JJ81;842;842;446r;Paris_AN_JJ_inventaire_JJ81.xml
JJ81;843;843;446r;Paris_AN_JJ_inventaire_JJ81.xml
JJ81;844;844;447r;Paris_AN_JJ_inventaire_JJ81.xml
JJ81;845;845;447r;Paris_AN_JJ_inventaire_JJ81.xml
JJ81;846;846;447v;Paris_AN_JJ_inventaire_JJ81.xml
JJ81;847;847;448r;Paris_AN_JJ_inventaire_JJ81.xml
JJ81;848;848;448v;Paris_AN_JJ_inventaire_JJ81.xml
JJ81;849;849;449r;Paris_AN_JJ_inventaire_JJ81.xml
JJ81;850;850;449v;Paris_AN_JJ_inventaire_JJ81.xml
JJ81;851;851;449v;Paris_AN_JJ_inventaire_JJ81.xml
JJ81;852;852;450r;Paris_AN_JJ_inventaire_JJ81.xml
JJ81;853;853;450v;Paris_AN_JJ_inventaire_JJ81.xml
JJ81;854;854;451r;Paris_AN_JJ_inventaire_JJ81.xml
JJ81;855;855;451v;Paris_AN_JJ_inventaire_JJ81.xml
JJ81;856;856;451v;Paris_AN_JJ_inventaire_JJ81.xml
JJ81;857;857;452v;Paris_AN_JJ_inventaire_JJ81.xml
JJ81;858;858;453r;Paris_AN_JJ_inventaire_JJ81.xml
JJ81;859;859;453v;Paris_AN_JJ_inventaire_JJ81.xml
JJ81;860;860;453v;Paris_AN_JJ_inventaire_JJ81.xml
JJ81;861;861;454r;Paris_AN_JJ_inventaire_JJ81.xml
JJ81;861bis;861bis;454r;Paris_AN_JJ_inventaire_JJ81.xml
JJ81;861ter;861ter;454v;Paris_AN_JJ_inventaire_JJ81.xml
JJ81;862;862;455r;Paris_AN_JJ_inventaire_JJ81.xml
JJ81;863;863;455r;Paris_AN_JJ_inventaire_JJ81.xml
JJ81;864;864;455v;Paris_AN_JJ_inventaire_JJ81.xml
JJ81;865;865;456r;Paris_AN_JJ_inventaire_JJ81.xml
JJ81;866;866;456v;Paris_AN_JJ_inventaire_JJ81.xml
JJ81;867;867;456v;Paris_AN_JJ_inventaire_JJ81.xml
JJ81;868;868;457r;Paris_AN_JJ_inventaire_JJ81.xml
JJ81;869;869;457r;Paris_AN_JJ_inventaire_JJ81.xml
JJ81;870;870;457v;Paris_AN_JJ_inventaire_JJ81.xml
JJ81;871;871;458r;Paris_AN_JJ_inventaire_JJ81.xml
JJ81;872;872;458r;Paris_AN_JJ_inventaire_JJ81.xml
JJ81;873;873;458v;Paris_AN_JJ_inventaire_JJ81.xml
JJ81;874;874;458r;Paris_AN_JJ_inventaire_JJ81.xml
JJ81;875;875;459r;Paris_AN_JJ_inventaire_JJ81.xml
JJ81;876;876;459r;Paris_AN_JJ_inventaire_JJ81.xml
JJ81;877;877;451r;Paris_AN_JJ_inventaire_JJ81.xml
JJ81;878;878;462v;Paris_AN_JJ_inventaire_JJ81.xml
JJ81;879;879;462v;Paris_AN_JJ_inventaire_JJ81.xml
JJ81;880;880;463r;Paris_AN_JJ_inventaire_JJ81.xml
JJ81;881;881;463v;Paris_AN_JJ_inventaire_JJ81.xml
JJ81;882;882;463v;Paris_AN_JJ_inventaire_JJ81.xml
JJ81;883;883;464v;Paris_AN_JJ_inventaire_JJ81.xml
JJ81;884;884;465r;Paris_AN_JJ_inventaire_JJ81.xml
JJ81;885;885;465v;Paris_AN_JJ_inventaire_JJ81.xml
JJ81;886;886;466r;Paris_AN_JJ_inventaire_JJ81.xml
JJ81;887;887;466r;Paris_AN_JJ_inventaire_JJ81.xml
JJ81;888;888;466v;Paris_AN_JJ_inventaire_JJ81.xml
JJ81;889;889;467r;Paris_AN_JJ_inventaire_JJ81.xml
JJ81;890;890;467v;Paris_AN_JJ_inventaire_JJ81.xml
JJ81;891;891;469r;Paris_AN_JJ_inventaire_JJ81.xml
JJ81;892;892;470r;Paris_AN_JJ_inventaire_JJ81.xml
JJ81;893;893;470r;Paris_AN_JJ_inventaire_JJ81.xml
JJ81;894;894;470r;Paris_AN_JJ_inventaire_JJ81.xml
JJ81;895;895;471r;Paris_AN_JJ_inventaire_JJ81.xml
JJ81;896;896;471r;Paris_AN_JJ_inventaire_JJ81.xml
JJ81;897;897;472r;Paris_AN_JJ_inventaire_JJ81.xml
JJ81;898;898;472v;Paris_AN_JJ_inventaire_JJ81.xml
JJ81;899;899;472v;Paris_AN_JJ_inventaire_JJ81.xml
JJ81;900;900;473r;Paris_AN_JJ_inventaire_JJ81.xml
JJ81;901;901;473v;Paris_AN_JJ_inventaire_JJ81.xml
JJ81;902;902;473v;Paris_AN_JJ_inventaire_JJ81.xml
JJ81;903;903;474r;Paris_AN_JJ_inventaire_JJ81.xml
JJ81;904;904;474r;Paris_AN_JJ_inventaire_JJ81.xml
JJ81;905;905;474v;Paris_AN_JJ_inventaire_JJ81.xml
JJ81;906;906;474v;Paris_AN_JJ_inventaire_JJ81.xml
JJ81;907;907;476r;Paris_AN_JJ_inventaire_JJ81.xml
JJ81;908;908;476v;Paris_AN_JJ_inventaire_JJ81.xml
JJ81;909;909;476r;Paris_AN_JJ_inventaire_JJ81.xml
JJ81;910;910;477r;Paris_AN_JJ_inventaire_JJ81.xml
JJ81;911;911;477v;Paris_AN_JJ_inventaire_JJ81.xml
JJ81;912;912;478r;Paris_AN_JJ_inventaire_JJ81.xml
JJ81;913;913;478v;Paris_AN_JJ_inventaire_JJ81.xml
JJ81;914;914;478v;Paris_AN_JJ_inventaire_JJ81.xml
JJ81;915;915;479v;Paris_AN_JJ_inventaire_JJ81.xml
JJ81;916;916;479v;Paris_AN_JJ_inventaire_JJ81.xml
JJ81;917;917;480v;Paris_AN_JJ_inventaire_JJ81.xml
JJ81;918;918;480v;Paris_AN_JJ_inventaire_JJ81.xml
JJ81;919;919;481v;Paris_AN_JJ_inventaire_JJ81.xml
JJ81;920;920;482r;Paris_AN_JJ_inventaire_JJ81.xml
JJ81;921;921;482r;Paris_AN_JJ_inventaire_JJ81.xml
JJ81;922;922;482v;Paris_AN_JJ_inventaire_JJ81.xml
JJ81;923;923;482v;Paris_AN_JJ_inventaire_JJ81.xml
JJ81;924;924;483r;Paris_AN_JJ_inventaire_JJ81.xml
JJ81;925;925;483v;Paris_AN_JJ_inventaire_JJ81.xml
JJ81;926;926;484r;Paris_AN_JJ_inventaire_JJ81.xml
JJ81;927;927;484r;Paris_AN_JJ_inventaire_JJ81.xml
JJ81;928;928;484v;Paris_AN_JJ_inventaire_JJ81.xml
JJ81;929;929;485r;Paris_AN_JJ_inventaire_JJ81.xml
JJ81;930;930;485r;Paris_AN_JJ_inventaire_JJ81.xml
JJ81;931;931;485v;Paris_AN_JJ_inventaire_JJ81.xml
JJ81;932;932;486r;Paris_AN_JJ_inventaire_JJ81.xml
JJ81;933;933;486v;Paris_AN_JJ_inventaire_JJ81.xml
JJ81;934;934;487r;Paris_AN_JJ_inventaire_JJ81.xml
JJ81;935;935;488r;Paris_AN_JJ_inventaire_JJ81.xml
JJ81;936;936;488v;Paris_AN_JJ_inventaire_JJ81.xml
JJ81;937;937;489v;Paris_AN_JJ_inventaire_JJ81.xml
JJ81;938;938;490r;Paris_AN_JJ_inventaire_JJ81.xml
JJ81;939;939;490r;Paris_AN_JJ_inventaire_JJ81.xml
JJ81;940;940;493v;Paris_AN_JJ_inventaire_JJ81.xml
JJ81;941;941;494r;Paris_AN_JJ_inventaire_JJ81.xml
JJ81;942;942;494v;Paris_AN_JJ_inventaire_JJ81.xml
JJ81;943;943;495r;Paris_AN_JJ_inventaire_JJ81.xml
JJ81;944;944;495r;Paris_AN_JJ_inventaire_JJ81.xml
JJ81;945;945;495r;Paris_AN_JJ_inventaire_JJ81.xml
JJ81;946;946;496r;Paris_AN_JJ_inventaire_JJ81.xml
JJ81;947;947;496r;Paris_AN_JJ_inventaire_JJ81.xml
JJ81;948;948;496v;Paris_AN_JJ_inventaire_JJ81.xml
JJ81;949;949;497r;Paris_AN_JJ_inventaire_JJ81.xml
JJ81;950;950;497v;Paris_AN_JJ_inventaire_JJ81.xml
JJ81;951;951;498r;Paris_AN_JJ_inventaire_JJ81.xml
JJ81;952;952;498r;Paris_AN_JJ_inventaire_JJ81.xml
JJ81;953;953;498r;Paris_AN_JJ_inventaire_JJ81.xml
JJ81;954;954;499r;Paris_AN_JJ_inventaire_JJ81.xml
JJ81;955;955;500r;Paris_AN_JJ_inventaire_JJ81.xml
JJ81;956;956;500v;Paris_AN_JJ_inventaire_JJ81.xml
JJ81;957;957;500v;Paris_AN_JJ_inventaire_JJ81.xml
JJ81;958;958;501r;Paris_AN_JJ_inventaire_JJ81.xml
JJ81;959;959;501v;Paris_AN_JJ_inventaire_JJ81.xml
