Viard.xml_Register;Viard.xml_Act_number;Viard.xml_Head;Viard.xml_Locus;Viard.xml_File
JJ65A;1;I;;Viard.xml
JJ65A;3;II;;Viard.xml
JJ65A;12;III;;Viard.xml
JJ65A;54;IV;;Viard.xml
JJ65B;299;V;;Viard.xml
JJ65A;132;VI;;Viard.xml
JJ65A;57;VII;;Viard.xml
JJ67;86;VIII;;Viard.xml
JJ65A;123;IX;;Viard.xml
JJ65A;264;X;;Viard.xml
JJ65A;170;XI;;Viard.xml
JJ65A;237;XII;;Viard.xml
JJ65A;252;XIII;;Viard.xml
JJ65A;255;XIV;;Viard.xml
JJ65A;256;XIV;;Viard.xml
JJ65A;268;XV;;Viard.xml
JJ65B;45;XVI;;Viard.xml
JJ65B;336;XVII;;Viard.xml
JJ65A;213;XVIII;;Viard.xml
JJ65B;34;XIX;;Viard.xml
JJ65B;37;XX;;Viard.xml
JJ65B;39;XXI;;Viard.xml
JJ65B;159;XXII;;Viard.xml
JJ65B;170;XXIII;;Viard.xml
JJ65B;10;XXIV;;Viard.xml
JJ65B;147;XXV;;Viard.xml
JJ65B;178;XXVI;;Viard.xml
JJ65B;312;XXVII;;Viard.xml
JJ65B;185;XXVIII;;Viard.xml
JJ65B;13;XXIX;;Viard.xml
JJ65B;16;XXX;;Viard.xml
JJ65B;161;XXXI;;Viard.xml
JJ65B;190;XXXII;;Viard.xml
JJ65B;208;XXXIII;;Viard.xml
JJ65B;233;XXXIV;;Viard.xml
JJ65B;270;XXXV;;Viard.xml
JJ65B;193;XXXVI;;Viard.xml
JJ65B;198;XXXVII;;Viard.xml
JJ65B;210;XXXVIII;;Viard.xml
JJ65B;259;XXXIX;;Viard.xml
JJ65B;293;XL;;Viard.xml
JJ65B;27;XLI;;Viard.xml
JJ65B;221;XLII;;Viard.xml
JJ65B;258;XLIII;;Viard.xml
JJ67;55;XLIV;;Viard.xml
JJ67;14;XLV;;Viard.xml
JJ66;8;XLVI;;Viard.xml
JJ66;11;XLVII;;Viard.xml
JJ66;889;XLVIII;;Viard.xml
JJ66;265;XLIX;;Viard.xml
JJ66;301;L;;Viard.xml
JJ66;43;LI;;Viard.xml
JJ66;179;LII;;Viard.xml
JJ66;89;LIII;;Viard.xml
JJ66;185;LIV;;Viard.xml
JJ66;71;LV;;Viard.xml
JJ66;315;LVI;;Viard.xml
JJ66;379;LVII;;Viard.xml
JJ66;368;LVIII;;Viard.xml
JJ66;348;LIX;;Viard.xml
JJ66;477;LX;;Viard.xml
JJ66;616;LXI;;Viard.xml
JJ66;816;LXII;;Viard.xml
JJ66;396;LXIII;;Viard.xml
JJ66;406;LXIV;;Viard.xml
JJ66;412;LXV;;Viard.xml
JJ66;664;LXVI;;Viard.xml
JJ66;674;LXVII;;Viard.xml
JJ66;136;LXVIII;;Viard.xml
JJ66;824;LXIX;;Viard.xml
JJ66;669;LXX;;Viard.xml
JJ66;704;LXXI;;Viard.xml
JJ66;886;LXXII;;Viard.xml
JJ66;705;LXXIII;;Viard.xml
JJ66;589;LXXIV;;Viard.xml
JJ66;542;LXXV;;Viard.xml
JJ66;560;LXXVI;;Viard.xml
JJ66;914;LXXVII;;Viard.xml
JJ66;568;LXXVIII;;Viard.xml
JJ68;24;LXXVIII;;Viard.xml
JJ66;932;LXXIX;;Viard.xml
JJ66;936;LXXX;;Viard.xml
JJ66;584;LXXXI;;Viard.xml
JJ66;550;LXXXII;;Viard.xml
JJ66;583;LXXXIII;;Viard.xml
JJ66;652;LXXXIV;;Viard.xml
JJ06;881;LXXXV;;Viard.xml
JJ66;609;LXXXVI;;Viard.xml
JJ66;641;LXXXVII;;Viard.xml
JJ66;503;LXXXVIII;;Viard.xml
JJ66;622;LXXXIX;;Viard.xml
JJ66;615;XC;;Viard.xml
JJ66;633;XCI;;Viard.xml
JJ66;634;XCII;;Viard.xml
JJ66;636;XCIII;;Viard.xml
JJ66;645;XCIV;;Viard.xml
JJ66;807;xcv;;Viard.xml
JJ66;890;XCVI;;Viard.xml
JJ66;1032;XCVII;;Viard.xml
JJ66;531;XCVIII;;Viard.xml
JJ66;659;XCIX;;Viard.xml
JJ66;939;C;;Viard.xml
JJ66;946;CI;;Viard.xml
JJ66;1240;CII;;Viard.xml
JJ66;1123;CIII;;Viard.xml
JJ66;1131;CIV;;Viard.xml
JJ66;1299;CV;;Viard.xml
JJ66;953;CVI;;Viard.xml
JJ66;991;CVII;;Viard.xml
JJ66;1070;CVIII;;Viard.xml
JJ66;1105;CIX;;Viard.xml
JJ66;1080;CX;;Viard.xml
JJ66;1140;CXI;;Viard.xml
JJ66;1151;CXII;;Viard.xml
JJ66;1167;CXIII;;Viard.xml
JJ66;958;CXIV;;Viard.xml
JJ66;1141;CXV;;Viard.xml
JJ66;1296;CXVI;;Viard.xml
JJ69;2;CXVII;;Viard.xml
JJ66;1176;CXVIII;;Viard.xml
JJ66;1347;CXIX;;Viard.xml
JJ66;1283;CXX;;Viard.xml
JJ66;1368;CXXI;;Viard.xml
JJ69;23;CXXII;;Viard.xml
JJ66;1392;CXXIII;;Viard.xml
JJ66;1396;CXXIV;;Viard.xml
JJ70;142;CXXV;;Viard.xml
JJ66;1375;CXXVI;;Viard.xml
JJ66;1453;CXXVII;;Viard.xml
JJ66;1458;CXXVIII;;Viard.xml
JJ66;1428;CXXIX;;Viard.xml
JJ69;188;cxxx;;Viard.xml
JJ66;1468;CXXXI;;Viard.xml
JJ66;1476;CXXXII;;Viard.xml
JJ69;15;CXXXIII;;Viard.xml
JJ69;26;CXXXIV;;Viard.xml
JJ66;1488;cxxxv;;Viard.xml
JJ69;5;CXXXVI;;Viard.xml
JJ69;11;CXXXVII;;Viard.xml
JJ69;38;CXXXVIII;;Viard.xml
JJ69;55;CXXXIX;;Viard.xml
JJ69;56;CXL;;Viard.xml
JJ69;97;CXLI;;Viard.xml
JJ69;139;CXLII;;Viard.xml
JJ69;106;CXLIII;;Viard.xml
JJ69;121;CXLIV;;Viard.xml
JJ69;131;CXLV;;Viard.xml
JJ69;141;CXLVI;;Viard.xml
JJ69;193;CXLVII;;Viard.xml
JJ69;148;CXLVIII;;Viard.xml
JJ69;151;CXLIX;;Viard.xml
JJ69;215;CL;;Viard.xml
JJ69;159;CLI;;Viard.xml
JJ69;207;CLII;;Viard.xml
JJ69;283;CLIII;;Viard.xml
JJ69;160;CLIV;;Viard.xml
JJ69;228;CLV;;Viard.xml
JJ69;331;CLVI;;Viard.xml
JJ69;322;CLVII;;Viard.xml
JJ69;327;CLVIII;;Viard.xml
JJ70;22;CLIX;;Viard.xml
JJ69;307;CLX;;Viard.xml
JJ69;308;CLXI;;Viard.xml
JJ69;313;CLXII;;Viard.xml
JJ70;10;CLXIII;;Viard.xml
JJ70;18;CLXIV;;Viard.xml
JJ70;162;CLXV;;Viard.xml
JJ69;360;CLXVI;;Viard.xml
JJ69;363;CLXVII;;Viard.xml
JJ69;373;CLXVIII;;Viard.xml
JJ70;28;CLXIX;;Viard.xml
JJ70;30;CLXX;;Viard.xml
JJ70;36;CLXXI;;Viard.xml
JJ70;38;CLXXII;;Viard.xml
JJ70;39;CLXXIII;;Viard.xml
JJ70;57;CLXXIV;;Viard.xml
JJ70;45;CLXXV;;Viard.xml
JJ70;72;CLXXVI;;Viard.xml
JJ70;111;CLXXVII;;Viard.xml
JJ70;185;CLXXVIII;;Viard.xml
JJ70;271;CLXXVIII;;Viard.xml
JJ70;147;CLXXIX;;Viard.xml
JJ70;152;CLXXX;;Viard.xml
JJ70;153;CLXXXI;;Viard.xml
JJ70;251;CLXXXII;;Viard.xml
JJ70;193;CLXXXIII;;Viard.xml
JJ70;217;CLXXXIV;;Viard.xml
JJ68;12;CLXXXV;;Viard.xml
JJ70;258;CLXXXVI;;Viard.xml
JJ71;20;CLXXXVII;;Viard.xml
JJ70;371;CLXXXVIII;;Viard.xml
JJ70;326;CLXXXIX;;Viard.xml
JJ70;283;cxc;;Viard.xml
JJ70;305;CXCI;;Viard.xml
JJ70;309;CXCII;;Viard.xml
JJ70;373;CXCIII;;Viard.xml
JJ70;374;CXCIV;;Viard.xml
JJ70;206;CXCV;;Viard.xml
JJ70;205,;CXCVI;;Viard.xml
JJ70;361;CXCVII;;Viard.xml
JJ70;105;CXCVIII;;Viard.xml
JJ71;68;CXCIX;;Viard.xml
JJ68;16;CC;;Viard.xml
JJ71;50;CCI;;Viard.xml
JJ71;41;CCII;;Viard.xml
JJ71;48;CCIII;;Viard.xml
JJ68;50;CCIV;;Viard.xml
JJ71;105;CCV;;Viard.xml
JJ72;56;CCVI;;Viard.xml
JJ68;37;CCVII;;Viard.xml
JJ73;170;CCVIII;;Viard.xml
JJ71;184;CCIX;;Viard.xml
JJ71;190;CCX;;Viard.xml
JJ71;262;CCXI;;Viard.xml
JJ71;293;CCXII;;Viard.xml
JJ72;48;CCXIII;;Viard.xml
JJ73;295;CCXIV;;Viard.xml
JJ71;287;CCxv;;Viard.xml
JJ71;276;CCXVI;;Viard.xml
JJ71;277;CCXVII;;Viard.xml
JJ71;302;CCXVIII;;Viard.xml
JJ73;259,;CCXIX;;Viard.xml
JJ72;109;CCXX;;Viard.xml
JJ71;289;CCXXI;;Viard.xml
JJ71;325;CCXXII;;Viard.xml
JJ73;8;CCXXIII;;Viard.xml
JJ72;53;CCXXIV;;Viard.xml
JJ72;95;CCXXV;;Viard.xml
JJ73;81;CCXXVI;;Viard.xml
JJ72;495;CCXXVII;;Viard.xml
JJ72;519;CCXXVIII;;Viard.xml
JJ71;312;CCXXIX;;Viard.xml
JJ73;66;CCXXX;;Viard.xml
JJ71;315;CCXXX;;Viard.xml
JJ72;348;CCXXXI;;Viard.xml
JJ71;311;CCXXXII;;Viard.xml
JJ73;69;CCXXXII;;Viard.xml
JJ73;1ig;CCXXXIII;;Viard.xml
JJ71;326;CCXXXIV;;Viard.xml
JJ71;327;CCXXXV;;Viard.xml
JJ72;543;CCXXXVI;;Viard.xml
JJ73;123;CCXXXVII;;Viard.xml
JJ74;194;CCXXXVIII;;Viard.xml
JJ72;321;CCXXXIX;;Viard.xml
JJ71;408;CCXL;;Viard.xml
JJ72;245;CCXLI;;Viard.xml
JJ71;356;CCXLII;;Viard.xml
(JJ;561;CCXLIII;;Viard.xml
JJ73;124;CCXLIV;;Viard.xml
JJ72;319;CCXLV;;Viard.xml
JJ72;322;CCXLVI;;Viard.xml
JJ71;384;CCXLVII;;Viard.xml
JJ73;50;CCXLVIII;;Viard.xml
JJ71;416;CCXLIX;;Viard.xml
JJ71;383;CCL;;Viard.xml
JJ73;192;CCLI;;Viard.xml
JJ71;423;CCLII;;Viard.xml
JJ71;424;CCLIII;;Viard.xml
JJ73;238;CCLIV;;Viard.xml
JJ72;165;CCLV;;Viard.xml
JJ73;167;CCLVI;;Viard.xml
JJ73;153;CCLVII;;Viard.xml
JJ73;221;CCLVIII;;Viard.xml
JJ73;223;CCLIX;;Viard.xml
JJ73;64;CCLX;;Viard.xml
JJ73;218;CCLXI;;Viard.xml
JJ72;464;CCLXII;;Viard.xml
JJ72;262;CCLXIII;;Viard.xml
JJ74;448;CCLXIV;;Viard.xml
JJ73;272;CCLXV;;Viard.xml
JJ72;179;CCLXVI;;Viard.xml
JJ73;291;CCLXVII;;Viard.xml
JJ72;234;CCLXVIII;;Viard.xml
JJ72;202;CCLXIX;;Viard.xml
JJ72;248;CCLXX;;Viard.xml
JJ73;71;CCLXXI;;Viard.xml
JJ73;332;CCLXXII;;Viard.xml
JJ74;579;CCLXXIII;;Viard.xml
JJ74;197;CCLXXIV;;Viard.xml
JJ74;642;CCLXXV;;Viard.xml
JJ72;375;CCLXXVI;;Viard.xml
JJ72;251;CCLXXVII;;Viard.xml
JJ72;379;CCLXXVIII;;Viard.xml
JJ73;302;CCLXXIX;;Viard.xml
JJ74;632;CCLXXX;;Viard.xml
JJ74;595;CCLXXXI;;Viard.xml
JJ74;596;CCLXXXII;;Viard.xml
JJ74;604;CCLXXXIII;;Viard.xml
JJ74;644;CCLXXXIV;;Viard.xml
JJ74;613;CCLXXXV;;Viard.xml
JJ74;622;CCLXXXVI;;Viard.xml
JJ72;280;CCLXXXVII;;Viard.xml
JJ74;301;CCLXXXVIII;;Viard.xml
JJ74;620;CCLXXXIX;;Viard.xml
JJ72;404;CCXC;;Viard.xml
JJ74;47;CCXCI;;Viard.xml
JJ74;254;CCXCII;;Viard.xml
JJ74;368;CCXCIII;;Viard.xml
JJ74;389;CCXCIV;;Viard.xml
JJ74;664;CCxcv;;Viard.xml
JJ74;675;CCXCVI;;Viard.xml
JJ75;4;CCXCVII;;Viard.xml
JJ74;266;CCXCVIII;;Viard.xml
JJ75;392;CCXCIX;;Viard.xml
JJ74;332;CCC;;Viard.xml
JJ74;336;CCCI;;Viard.xml
JJ74;261;CCCII;;Viard.xml
JJ74;688;CCCIII;;Viard.xml
JJ74;695;CCCIV;;Viard.xml
JJ74;703;CCCCV;;Viard.xml
JJ68;418;CCCVI;;Viard.xml
JJ74;110;CCCVII;;Viard.xml
JJ74;351;CCCVIII;;Viard.xml
JJ74;547;CCCIX;;Viard.xml
JJ74;428;CCCX;;Viard.xml
JJ74;549;CCCXI;;Viard.xml
JJ74;14;CCCXII;;Viard.xml
JJ74;6;CCCXIII;;Viard.xml
JJ74;521;CCCXIV;;Viard.xml
JJ74;167;CCCXV;;Viard.xml
JJ75;460;CCCXV;;Viard.xml
JJ74;541;CCCXVI;;Viard.xml
JJ74;239;CCCXVII;;Viard.xml
JJ75;573;CCCXVIII;;Viard.xml
JJ68;140;CCCXIX;;Viard.xml
JJ74;471;CCCXX;;Viard.xml
JJ74;86;CCCXXI;;Viard.xml
JJ68;55;CCCXXII;;Viard.xml
JJ68;80;CCCXXIII;;Viard.xml
JJ74;231;CCCXXIV;;Viard.xml
JJ75;596;CCCXXV;;Viard.xml
JJ68;86;CCCXXVI;;Viard.xml
JJ74;96;CCCXXVII;;Viard.xml
JJ75;267;CCCXXVIII;;Viard.xml
JJ75;78;CCCXXIX;;Viard.xml
JJ72;428;CCCXXX;;Viard.xml
JJ75;34;CCCXXXI;;Viard.xml
JJ75;229;CCCXXXII;;Viard.xml
JJ68;103;CCCXXXIII;;Viard.xml
JJ75;70;CCCXXXIV;;Viard.xml
JJ75;64;CCCXXXV;;Viard.xml
JJ75;59;CCCXXXVI;;Viard.xml
JJ75;168;CCCXXXVII;;Viard.xml
JJ75;79;CCCXXXVIII;;Viard.xml
JJ75;112;CCCXXXIX;;Viard.xml
JJ75;209;CCCXL;;Viard.xml
JJ75;246;CCCXLI;;Viard.xml
JJ75;215;CCCXLII;;Viard.xml
JJ75;216;CCCXLIII;;Viard.xml
JJ75;592;CCCXLIV;;Viard.xml
JJ75;342;CCCXLV;;Viard.xml
JJ68;114;CCCXLVI;;Viard.xml
JJ75;580;CCCXLVII;;Viard.xml
JJ68;174;CCCXLVIII;;Viard.xml
JJ75;296;CCCXLIX;;Viard.xml
JJ75;362;CCCL;;Viard.xml
JJ77;29;CCCLI;;Viard.xml
JJ75;355;CCCLII;;Viard.xml
JJ75;535;CCCLIII;;Viard.xml
JJ75;499;CCCLIV;;Viard.xml
JJ72;436;CCCLV;;Viard.xml
JJ75;361;CCCLVI;;Viard.xml
JJ77;13;CCCLVII;;Viard.xml
JJ77;334;CCCLVIII;;Viard.xml
JJ68;237;CCCLIX;;Viard.xml
JJ68;343;CCCLX;;Viard.xml
JJ75;447;CCCLXI;;Viard.xml
JJ75;467;CCCLXII;;Viard.xml
JJ75;476;CCCLXIII;;Viard.xml
JJ75;477;CCCLXIV;;Viard.xml
JJ75;478;CCCLXV;;Viard.xml
JJ75;479;CCCLXVI;;Viard.xml
JJ75;480;CCCLXVII;;Viard.xml
JJ75;481;CCCLXVIII;;Viard.xml
JJ75;482;CCCLXIX;;Viard.xml
JJ75;483;CCCLXX;;Viard.xml
JJ75;484;CCCLXXI;;Viard.xml
JJ75;485;CCCLXXII;;Viard.xml
JJ75;486;CCCLXXIII;;Viard.xml
JJ76;74;CCCLXXIV;;Viard.xml
JJ68;166;CCCLXXV;;Viard.xml
JJ77;27;CCCLXXVI;;Viard.xml
JJ75;104;CCCLXXVII;;Viard.xml
JJ75;111;CCCLXXVIII;;Viard.xml
JJ75;433;CCCLXXIX;;Viard.xml
JJ76;280;CCCLXXX;;Viard.xml
JJ76;89;CCCLXXXI;;Viard.xml
JJ76;129;CCCLXXXII;;Viard.xml
JJ77;48;CCCLXXXIII;;Viard.xml
JJ77;88;CCCLXXXIV;;Viard.xml
JJ76;366;CCCLXXXV;;Viard.xml
JJ76;372;CCCLXXXVI;;Viard.xml
JJ77;167;CCCLXXXVII;;Viard.xml
JJ77;354;CCCLXXXVIII;;Viard.xml
JJ68;300;CCCLXXXIX;;Viard.xml
JJ76;3i1;CCCXC;;Viard.xml
JJ68;283;CCCXCI;;Viard.xml
JJ76;355;CCCXCII;;Viard.xml
JJ76;401;CCCXCIII;;Viard.xml
JJ76;182;CCCXCIV;;Viard.xml
JJ76;194;CCCXCV;;Viard.xml
JJ76;195;CCCXCVI;;Viard.xml
JJ76;204;CCCXCVII;;Viard.xml
JJ76;38;CCCXCVIII;;Viard.xml
JJ76;220;CCCXCIX;;Viard.xml
JJ76;223;CCCC;;Viard.xml
JJ77;242;CCCCI;;Viard.xml
JJ77;297;CCCCII;;Viard.xml
JJ77;228;CCCCIII;;Viard.xml
JJ77;157;CCCCIV;;Viard.xml
JJ77;168;CCCCV;;Viard.xml
JJ77;396;CCCCVI;;Viard.xml
JJ77;201;CCCCVII;;Viard.xml
JJ77;212;CCCCVIII;;Viard.xml
JJ77;272;CCCCIX;;Viard.xml
JJ77;369;CCCCX;;Viard.xml
JJ77;279;CCCCXI;;Viard.xml
JJ77;275;CCCCXII;;Viard.xml
JJ77;281;CCCCXIII;;Viard.xml
JJ77;410;CCCCXIV;;Viard.xml
JJ77;257;CCCCXV;;Viard.xml
JJ77;261;CCCCXVI;;Viard.xml
JJ78;50;CCCCXVII;;Viard.xml
JJ77;406;CCCCXVIII;;Viard.xml
JJ77;407;CCCCXIX;;Viard.xml
JJ78;179;CCCCXX;;Viard.xml
JJ77;364;CCCCXXI;;Viard.xml
JJ77;405;CCCCXXII;;Viard.xml
JJ68;366;CCCCXXIII;;Viard.xml
JJ77;332;CCCCXXIV;;Viard.xml
JJ78;127;CCCCXXV;;Viard.xml
JJ72;494;CCCCXXVI;;Viard.xml
JJ74;353;CCCCXXVI;;Viard.xml
JJ78;132;CCCCXXVII;;Viard.xml
JJ78;133;CCCCXXVIII;;Viard.xml
JJ78;49;CCCCXXIX;;Viard.xml
JJ78;76;CCCCXXX;;Viard.xml
JJ78;158;CCCCXXXI;;Viard.xml
JJ78;145;CCCCXXXII;;Viard.xml
JJ78;159;CCCCXXXIII;;Viard.xml
JJ78;175;CCCCXXXIV;;Viard.xml
JJ78;215;CCCCXXXV;;Viard.xml
JJ78;192;CCCCXXXVI;;Viard.xml
JJ78;167;CCCCXXXVII;;Viard.xml
JJ78;177;CCCCXXXVIII;;Viard.xml
JJ78;207;CCCCXXXIX;;Viard.xml
JJ78;227;CCCCXL;;Viard.xml
JJ78;218;CCCCXLI;;Viard.xml
JJ78;240;CCCCXLII;;Viard.xml
JJ66;283;CCCCXLIII;;Viard.xml
JJ68;171;CCCCXLIV;;Viard.xml
