Paris_AN_JJ_inventaire_Rouergue.xml_Register;Paris_AN_JJ_inventaire_Rouergue.xml_Act_number;Paris_AN_JJ_inventaire_Rouergue.xml_Head;Paris_AN_JJ_inventaire_Rouergue.xml_Locus;Paris_AN_JJ_inventaire_Rouergue.xml_File
JJ38;133;1;64;Paris_AN_JJ_inventaire_Rouergue.xml
JJ40;137;2;68v;Paris_AN_JJ_inventaire_Rouergue.xml
JJ40;170;3;88;Paris_AN_JJ_inventaire_Rouergue.xml
JJ42B;1;4;1;Paris_AN_JJ_inventaire_Rouergue.xml
JJ41;1;4;1;Paris_AN_JJ_inventaire_Rouergue.xml
JJ42B;2;5;1;Paris_AN_JJ_inventaire_Rouergue.xml
JJ41;2;5;1;Paris_AN_JJ_inventaire_Rouergue.xml
JJ42B;3;6;1v;Paris_AN_JJ_inventaire_Rouergue.xml
JJ41;3;6;1v;Paris_AN_JJ_inventaire_Rouergue.xml
JJ42B;4;7;2;Paris_AN_JJ_inventaire_Rouergue.xml
JJ41;4;7;2v;Paris_AN_JJ_inventaire_Rouergue.xml
JJ42B;5;8;3v;Paris_AN_JJ_inventaire_Rouergue.xml
JJ41;5;8;3;Paris_AN_JJ_inventaire_Rouergue.xml
JJ42B;6;9;4;Paris_AN_JJ_inventaire_Rouergue.xml
JJ41;6;9;fol;Paris_AN_JJ_inventaire_Rouergue.xml
JJ42B;7;10;5;Paris_AN_JJ_inventaire_Rouergue.xml
JJ41;7;10;5v;Paris_AN_JJ_inventaire_Rouergue.xml
JJ42A;73;11;98;Paris_AN_JJ_inventaire_Rouergue.xml
JJ44;66;12;37v;Paris_AN_JJ_inventaire_Rouergue.xml
JJ45;36;13;24v;Paris_AN_JJ_inventaire_Rouergue.xml
JJ45;88;14;58v;Paris_AN_JJ_inventaire_Rouergue.xml
JJ46;50;15;45v;Paris_AN_JJ_inventaire_Rouergue.xml
JJ46;69;16;54v;Paris_AN_JJ_inventaire_Rouergue.xml
JJ46;111;17;70v;Paris_AN_JJ_inventaire_Rouergue.xml
JJ46;231;18;129v;Paris_AN_JJ_inventaire_Rouergue.xml
JJ47;110;19;71v;Paris_AN_JJ_inventaire_Rouergue.xml
JJ48;123;20;73v;Paris_AN_JJ_inventaire_Rouergue.xml
JJ48;197;21;115;Paris_AN_JJ_inventaire_Rouergue.xml
JJ49;75;22;36;Paris_AN_JJ_inventaire_Rouergue.xml
JJ49;80;23;38;Paris_AN_JJ_inventaire_Rouergue.xml
JJ50;143;24;93v;Paris_AN_JJ_inventaire_Rouergue.xml
JJ50;144;25;94v;Paris_AN_JJ_inventaire_Rouergue.xml
JJ50;145;26;95;Paris_AN_JJ_inventaire_Rouergue.xml
JJ50;146;27;95v;Paris_AN_JJ_inventaire_Rouergue.xml
JJ50;147;28;96;Paris_AN_JJ_inventaire_Rouergue.xml
JJ52;21;29;7;Paris_AN_JJ_inventaire_Rouergue.xml
JJ52;25;30;9;Paris_AN_JJ_inventaire_Rouergue.xml
JJ52;60;31;32;Paris_AN_JJ_inventaire_Rouergue.xml
JJ52;68;32;35v;Paris_AN_JJ_inventaire_Rouergue.xml
JJ52;82;33;42;Paris_AN_JJ_inventaire_Rouergue.xml
JJ52;195;34;101;Paris_AN_JJ_inventaire_Rouergue.xml
JJ53;130;35;61;Paris_AN_JJ_inventaire_Rouergue.xml
JJ53;158;36;70;Paris_AN_JJ_inventaire_Rouergue.xml
JJ53;sansn°(entren°241etn°242);37;100v;Paris_AN_JJ_inventaire_Rouergue.xml
JJ53;287;38;120v;Paris_AN_JJ_inventaire_Rouergue.xml
JJ53;329;39;139;Paris_AN_JJ_inventaire_Rouergue.xml
JJ54A;11;40;1;Paris_AN_JJ_inventaire_Rouergue.xml
JJ54A;108;41;8;Paris_AN_JJ_inventaire_Rouergue.xml
JJ54A;676;42;53;Paris_AN_JJ_inventaire_Rouergue.xml
JJ54A;692;43;54;Paris_AN_JJ_inventaire_Rouergue.xml
JJ54B;72;44;44v;Paris_AN_JJ_inventaire_Rouergue.xml
JJ54B;73;45;45;Paris_AN_JJ_inventaire_Rouergue.xml
JJ54B;74;46;45v;Paris_AN_JJ_inventaire_Rouergue.xml
JJ54B;75;47;46;Paris_AN_JJ_inventaire_Rouergue.xml
JJ54B;76;48;47;Paris_AN_JJ_inventaire_Rouergue.xml
JJ54B;77;49;48;Paris_AN_JJ_inventaire_Rouergue.xml
JJ55;49;50;22v;Paris_AN_JJ_inventaire_Rouergue.xml
JJ55;63;51;31;Paris_AN_JJ_inventaire_Rouergue.xml
JJ55;sansn°(entren°97etn°98);52;46v;Paris_AN_JJ_inventaire_Rouergue.xml
JJn°98);sansn°(entren°97etn°98);52;;Paris_AN_JJ_inventaire_Rouergue.xml
JJ55;132;53;62;Paris_AN_JJ_inventaire_Rouergue.xml
JJ55;154;54;70-70v°;Paris_AN_JJ_inventaire_Rouergue.xml
JJ55;157;54;70-70v;Paris_AN_JJ_inventaire_Rouergue.xml
JJ55;158;54;70-70v;Paris_AN_JJ_inventaire_Rouergue.xml
JJ56;266;55;119;Paris_AN_JJ_inventaire_Rouergue.xml
JJ56;284;56;128;Paris_AN_JJ_inventaire_Rouergue.xml
JJ56;288;57;129v;Paris_AN_JJ_inventaire_Rouergue.xml
JJ56;296;58;132;Paris_AN_JJ_inventaire_Rouergue.xml
JJ56;298;59;133;Paris_AN_JJ_inventaire_Rouergue.xml
JJ56;337;60;150;Paris_AN_JJ_inventaire_Rouergue.xml
JJ56;338;61;150v;Paris_AN_JJ_inventaire_Rouergue.xml
JJ56;339;62;151;Paris_AN_JJ_inventaire_Rouergue.xml
JJ56;340;63;151;Paris_AN_JJ_inventaire_Rouergue.xml
JJ56;354;64;158;Paris_AN_JJ_inventaire_Rouergue.xml
JJ56;355;65;159;Paris_AN_JJ_inventaire_Rouergue.xml
JJ56;356;66;159v;Paris_AN_JJ_inventaire_Rouergue.xml
JJ56;357;67;159v;Paris_AN_JJ_inventaire_Rouergue.xml
JJ56;358;68;160;Paris_AN_JJ_inventaire_Rouergue.xml
JJ56;359;69;160;Paris_AN_JJ_inventaire_Rouergue.xml
JJ56;360;70;160v;Paris_AN_JJ_inventaire_Rouergue.xml
JJ56;361;71;161;Paris_AN_JJ_inventaire_Rouergue.xml
JJ56;362;72;161;Paris_AN_JJ_inventaire_Rouergue.xml
JJ56;363;73;161v;Paris_AN_JJ_inventaire_Rouergue.xml
JJ56;364;74;162;Paris_AN_JJ_inventaire_Rouergue.xml
JJ56;365;75;162;Paris_AN_JJ_inventaire_Rouergue.xml
JJ56;366;76;162v;Paris_AN_JJ_inventaire_Rouergue.xml
JJ56;367;77;163;Paris_AN_JJ_inventaire_Rouergue.xml
JJ56;368;78;163;Paris_AN_JJ_inventaire_Rouergue.xml
JJ56;369;79;163v;Paris_AN_JJ_inventaire_Rouergue.xml
JJ56;370;80;163v;Paris_AN_JJ_inventaire_Rouergue.xml
JJ56;371;81;164;Paris_AN_JJ_inventaire_Rouergue.xml
JJ56;372;82;164v;Paris_AN_JJ_inventaire_Rouergue.xml
JJ56;373;83;164v;Paris_AN_JJ_inventaire_Rouergue.xml
JJ56;374;84;165;Paris_AN_JJ_inventaire_Rouergue.xml
JJ56;375;85;165v;Paris_AN_JJ_inventaire_Rouergue.xml
JJ56;376;86;165v;Paris_AN_JJ_inventaire_Rouergue.xml
JJ56;388;87;170v;Paris_AN_JJ_inventaire_Rouergue.xml
JJ56;433;88;185;Paris_AN_JJ_inventaire_Rouergue.xml
JJ56;434;89;185;Paris_AN_JJ_inventaire_Rouergue.xml
JJ56;435;90;185v;Paris_AN_JJ_inventaire_Rouergue.xml
JJ56;450;91;189v;Paris_AN_JJ_inventaire_Rouergue.xml
JJ56;456;92;191;Paris_AN_JJ_inventaire_Rouergue.xml
JJ56;457;93;191;Paris_AN_JJ_inventaire_Rouergue.xml
JJ56;458;94;191v;Paris_AN_JJ_inventaire_Rouergue.xml
JJ56;459;95;191v;Paris_AN_JJ_inventaire_Rouergue.xml
JJ56;501;96;215;Paris_AN_JJ_inventaire_Rouergue.xml
JJ56;545;97;238v;Paris_AN_JJ_inventaire_Rouergue.xml
JJ56;608;98;263v;Paris_AN_JJ_inventaire_Rouergue.xml
JJ58;168;99;11;Paris_AN_JJ_inventaire_Rouergue.xml
JJ58;434;100;48;Paris_AN_JJ_inventaire_Rouergue.xml
JJ58;449;101;53v;Paris_AN_JJ_inventaire_Rouergue.xml
JJ58;451;102;55v;Paris_AN_JJ_inventaire_Rouergue.xml
JJ58;480;103;65v;Paris_AN_JJ_inventaire_Rouergue.xml
JJ59;377;104;213;Paris_AN_JJ_inventaire_Rouergue.xml
JJ59;537;105;290;Paris_AN_JJ_inventaire_Rouergue.xml
JJ59;565;106;314v;Paris_AN_JJ_inventaire_Rouergue.xml
JJ59;618;107;336;Paris_AN_JJ_inventaire_Rouergue.xml
JJ59;619;108;338v;Paris_AN_JJ_inventaire_Rouergue.xml
JJ60;93;109;62v;Paris_AN_JJ_inventaire_Rouergue.xml
JJ60;108;110;75;Paris_AN_JJ_inventaire_Rouergue.xml
JJ60;116;111;79v;Paris_AN_JJ_inventaire_Rouergue.xml
JJ60;117;112;81;Paris_AN_JJ_inventaire_Rouergue.xml
JJ60;150;113;95v;Paris_AN_JJ_inventaire_Rouergue.xml
JJ60;173;114;108;Paris_AN_JJ_inventaire_Rouergue.xml
JJ61;21;115;17;Paris_AN_JJ_inventaire_Rouergue.xml
JJ61;81;116;31;Paris_AN_JJ_inventaire_Rouergue.xml
JJ61;101;117;38;Paris_AN_JJ_inventaire_Rouergue.xml
JJ61;200;118;96;Paris_AN_JJ_inventaire_Rouergue.xml
JJ61;398;119;167;Paris_AN_JJ_inventaire_Rouergue.xml
JJ61;401;120;167v;Paris_AN_JJ_inventaire_Rouergue.xml
JJ62;8;121;9v;Paris_AN_JJ_inventaire_Rouergue.xml
JJ62;34;122;17;Paris_AN_JJ_inventaire_Rouergue.xml
JJ62;46;123;23v;Paris_AN_JJ_inventaire_Rouergue.xml
JJ62;286;124;162;Paris_AN_JJ_inventaire_Rouergue.xml
JJ62;345;125;192v;Paris_AN_JJ_inventaire_Rouergue.xml
JJ62;346;126;193;Paris_AN_JJ_inventaire_Rouergue.xml
JJ64;3;127;3;Paris_AN_JJ_inventaire_Rouergue.xml
JJ64;4;128;3;Paris_AN_JJ_inventaire_Rouergue.xml
JJ64;13;129;7v;Paris_AN_JJ_inventaire_Rouergue.xml
JJ64;17;130;11;Paris_AN_JJ_inventaire_Rouergue.xml
JJ64;353;131;177;Paris_AN_JJ_inventaire_Rouergue.xml
JJ64;464;132;249;Paris_AN_JJ_inventaire_Rouergue.xml
JJ64;471;133;252v;Paris_AN_JJ_inventaire_Rouergue.xml
JJ64;479;134;259;Paris_AN_JJ_inventaire_Rouergue.xml
JJ65A;10;135;2bisv;Paris_AN_JJ_inventaire_Rouergue.xml
JJ25;25;135;13;Paris_AN_JJ_inventaire_Rouergue.xml
JJ65A;84;136;67v;Paris_AN_JJ_inventaire_Rouergue.xml
JJ65A;154;137;107v;Paris_AN_JJ_inventaire_Rouergue.xml
JJ65A;186;138;125;Paris_AN_JJ_inventaire_Rouergue.xml
JJ65A;204;139;136;Paris_AN_JJ_inventaire_Rouergue.xml
JJ65B;23;140;7v;Paris_AN_JJ_inventaire_Rouergue.xml
JJ65B;337;141;115v;Paris_AN_JJ_inventaire_Rouergue.xml
JJ66;54;142;15v;Paris_AN_JJ_inventaire_Rouergue.xml
JJ66;246;143;89;Paris_AN_JJ_inventaire_Rouergue.xml
JJ66;344;144;133v;Paris_AN_JJ_inventaire_Rouergue.xml
JJ66;353;145;138;Paris_AN_JJ_inventaire_Rouergue.xml
JJ66;441;146;179;Paris_AN_JJ_inventaire_Rouergue.xml
JJ66;710;147;187v;Paris_AN_JJ_inventaire_Rouergue.xml
JJ66;944;148;389v;Paris_AN_JJ_inventaire_Rouergue.xml
JJ66;998;149;417;Paris_AN_JJ_inventaire_Rouergue.xml
JJ66;1094;150;470;Paris_AN_JJ_inventaire_Rouergue.xml
JJ66;1187;151;508;Paris_AN_JJ_inventaire_Rouergue.xml
JJ66;1316;151;567;Paris_AN_JJ_inventaire_Rouergue.xml
JJ66;1253;152;535v;Paris_AN_JJ_inventaire_Rouergue.xml
JJ66;1378;153;596;Paris_AN_JJ_inventaire_Rouergue.xml
JJ67;4;154;2;Paris_AN_JJ_inventaire_Rouergue.xml
JJn°90;4;154;;Paris_AN_JJ_inventaire_Rouergue.xml
JJ67;15;154bis;5;Paris_AN_JJ_inventaire_Rouergue.xml
JJ67;16;154bis;5v;Paris_AN_JJ_inventaire_Rouergue.xml
JJ67;107;155;42;Paris_AN_JJ_inventaire_Rouergue.xml
JJ68;32;156;19;Paris_AN_JJ_inventaire_Rouergue.xml
JJ68;43;157;24;Paris_AN_JJ_inventaire_Rouergue.xml
JJ68;2932;158;456v;Paris_AN_JJ_inventaire_Rouergue.xml
JJ68;427;159;530;Paris_AN_JJ_inventaire_Rouergue.xml
JJ69;111;160;44v;Paris_AN_JJ_inventaire_Rouergue.xml
JJ69;209;161;91;Paris_AN_JJ_inventaire_Rouergue.xml
JJ70;182;162;93v;Paris_AN_JJ_inventaire_Rouergue.xml
JJ71;135;163;106;Paris_AN_JJ_inventaire_Rouergue.xml
JJ71;251;164;169;Paris_AN_JJ_inventaire_Rouergue.xml
JJ72;70;165;60v;Paris_AN_JJ_inventaire_Rouergue.xml
JJ72;134;167;89;Paris_AN_JJ_inventaire_Rouergue.xml
JJ72;228;168;168;Paris_AN_JJ_inventaire_Rouergue.xml
JJ72;399;169;311;Paris_AN_JJ_inventaire_Rouergue.xml
JJ72;461;170;374;Paris_AN_JJ_inventaire_Rouergue.xml
JJ73;60;171;46;Paris_AN_JJ_inventaire_Rouergue.xml
JJ73;79;172;67v;Paris_AN_JJ_inventaire_Rouergue.xml
JJ73;136;173;116v;Paris_AN_JJ_inventaire_Rouergue.xml
JJ73;158;174;130;Paris_AN_JJ_inventaire_Rouergue.xml
JJ73;230;175;181;Paris_AN_JJ_inventaire_Rouergue.xml
JJ73;282;176;223;Paris_AN_JJ_inventaire_Rouergue.xml
JJ74;55;177;32;Paris_AN_JJ_inventaire_Rouergue.xml
JJ74;174;178;105v;Paris_AN_JJ_inventaire_Rouergue.xml
JJ74;178;179;107;Paris_AN_JJ_inventaire_Rouergue.xml
JJ74;198;180;116v;Paris_AN_JJ_inventaire_Rouergue.xml
JJ74;279;181;162;Paris_AN_JJ_inventaire_Rouergue.xml
JJ74;317;182;187v;Paris_AN_JJ_inventaire_Rouergue.xml
JJ74;457;183;265v;Paris_AN_JJ_inventaire_Rouergue.xml
JJ74;479;184;279;Paris_AN_JJ_inventaire_Rouergue.xml
JJ74;491;185;288v;Paris_AN_JJ_inventaire_Rouergue.xml
JJ74;513;186;299;Paris_AN_JJ_inventaire_Rouergue.xml
JJ74;588;187;350;Paris_AN_JJ_inventaire_Rouergue.xml
JJ74;590;188;350v;Paris_AN_JJ_inventaire_Rouergue.xml
JJ74;591;189;351;Paris_AN_JJ_inventaire_Rouergue.xml
JJ74;593;190;352;Paris_AN_JJ_inventaire_Rouergue.xml
JJ75;12;191;3v;Paris_AN_JJ_inventaire_Rouergue.xml
JJ75;269;192;140;Paris_AN_JJ_inventaire_Rouergue.xml
JJ75;511;193;300;Paris_AN_JJ_inventaire_Rouergue.xml
JJ76;59;194;51;Paris_AN_JJ_inventaire_Rouergue.xml
JJ76;101;195;75;Paris_AN_JJ_inventaire_Rouergue.xml
JJ76;305;196;183v;Paris_AN_JJ_inventaire_Rouergue.xml
JJ76;322;197;195;Paris_AN_JJ_inventaire_Rouergue.xml
JJ76;377;198;228;Paris_AN_JJ_inventaire_Rouergue.xml
JJ77;402;199;247;Paris_AN_JJ_inventaire_Rouergue.xml
JJ78;125;200;64v;Paris_AN_JJ_inventaire_Rouergue.xml
JJ78;134bis;201;68;Paris_AN_JJ_inventaire_Rouergue.xml
JJ78;135;202;68;Paris_AN_JJ_inventaire_Rouergue.xml
JJ78;136;202;68v;Paris_AN_JJ_inventaire_Rouergue.xml
JJ78;155;203;76;Paris_AN_JJ_inventaire_Rouergue.xml
JJ78;217;204;114v;Paris_AN_JJ_inventaire_Rouergue.xml
JJ78;230;205;119v;Paris_AN_JJ_inventaire_Rouergue.xml
JJ78;249;206;138v;Paris_AN_JJ_inventaire_Rouergue.xml
JJ78;250;207;139;Paris_AN_JJ_inventaire_Rouergue.xml
JJ78;273;208;151;Paris_AN_JJ_inventaire_Rouergue.xml
JJ78;282;209;164v;Paris_AN_JJ_inventaire_Rouergue.xml
JJ80;57;210;32;Paris_AN_JJ_inventaire_Rouergue.xml
JJ80;60;211;33v;Paris_AN_JJ_inventaire_Rouergue.xml
JJ80;85;212;44;Paris_AN_JJ_inventaire_Rouergue.xml
JJ80;178;213;134;Paris_AN_JJ_inventaire_Rouergue.xml
JJ80;200;214;162v;Paris_AN_JJ_inventaire_Rouergue.xml
JJ80;304;215;216;Paris_AN_JJ_inventaire_Rouergue.xml
JJ80;305;216;215;Paris_AN_JJ_inventaire_Rouergue.xml
JJ80;461;217;314;Paris_AN_JJ_inventaire_Rouergue.xml
JJ80;536;218;358v;Paris_AN_JJ_inventaire_Rouergue.xml
JJ80;582;219;377;Paris_AN_JJ_inventaire_Rouergue.xml
JJ80;588;220;379v;Paris_AN_JJ_inventaire_Rouergue.xml
JJ80;647;221;401;Paris_AN_JJ_inventaire_Rouergue.xml
JJ80;724;222;435;Paris_AN_JJ_inventaire_Rouergue.xml
JJ80;746;223;448;Paris_AN_JJ_inventaire_Rouergue.xml
JJ80;759;224;458;Paris_AN_JJ_inventaire_Rouergue.xml
JJ80;765;225;460;Paris_AN_JJ_inventaire_Rouergue.xml
JJ81;115;226;58;Paris_AN_JJ_inventaire_Rouergue.xml
JJ81;124;227;61v;Paris_AN_JJ_inventaire_Rouergue.xml
JJ81;155;228;88;Paris_AN_JJ_inventaire_Rouergue.xml
JJ81;287;229;143v;Paris_AN_JJ_inventaire_Rouergue.xml
JJ81;345;230;170;Paris_AN_JJ_inventaire_Rouergue.xml
JJ81;346;231;170;Paris_AN_JJ_inventaire_Rouergue.xml
JJ81;347;232;171;Paris_AN_JJ_inventaire_Rouergue.xml
JJ81;676;233;350v;Paris_AN_JJ_inventaire_Rouergue.xml
JJ81;743;234;388v;Paris_AN_JJ_inventaire_Rouergue.xml
JJ81;959;235;501v;Paris_AN_JJ_inventaire_Rouergue.xml
JJ82;383;236;256;Paris_AN_JJ_inventaire_Rouergue.xml
JJ82;479;237;329;Paris_AN_JJ_inventaire_Rouergue.xml
JJ82;518;238;340v;Paris_AN_JJ_inventaire_Rouergue.xml
JJ82;594;239;381v;Paris_AN_JJ_inventaire_Rouergue.xml
JJ84;;240;n°49fol34;Paris_AN_JJ_inventaire_Rouergue.xml
JJ84;78;241;46v;Paris_AN_JJ_inventaire_Rouergue.xml
JJ84;331;242;170;Paris_AN_JJ_inventaire_Rouergue.xml
JJ85;113;243;51vo-52;Paris_AN_JJ_inventaire_Rouergue.xml
JJ86;123;244;45;Paris_AN_JJ_inventaire_Rouergue.xml
JJ89;327;245;138v;Paris_AN_JJ_inventaire_Rouergue.xml
JJ94;54;246;20v;Paris_AN_JJ_inventaire_Rouergue.xml
JJ99;248;247;86v;Paris_AN_JJ_inventaire_Rouergue.xml
JJ100;23;248;16;Paris_AN_JJ_inventaire_Rouergue.xml
JJ100;136;249;43v;Paris_AN_JJ_inventaire_Rouergue.xml
JJ100;141;250;44v;Paris_AN_JJ_inventaire_Rouergue.xml
JJ100;142;251;44va;Paris_AN_JJ_inventaire_Rouergue.xml
JJ100;244;252;71;Paris_AN_JJ_inventaire_Rouergue.xml
JJ100;266;253;77;Paris_AN_JJ_inventaire_Rouergue.xml
JJ100;267;254;77;Paris_AN_JJ_inventaire_Rouergue.xml
JJ100;268;255;77v;Paris_AN_JJ_inventaire_Rouergue.xml
JJ100;310;256;91v;Paris_AN_JJ_inventaire_Rouergue.xml
JJ100;311;257;91v;Paris_AN_JJ_inventaire_Rouergue.xml
JJ100;312;258;92;Paris_AN_JJ_inventaire_Rouergue.xml
JJ100;317;259;93v;Paris_AN_JJ_inventaire_Rouergue.xml
JJ100;318;260;93v;Paris_AN_JJ_inventaire_Rouergue.xml
JJ100;356;261;112v;Paris_AN_JJ_inventaire_Rouergue.xml
JJ100;357;262;113;Paris_AN_JJ_inventaire_Rouergue.xml
JJ100;358;263;113;Paris_AN_JJ_inventaire_Rouergue.xml
JJ100;387;264;122v;Paris_AN_JJ_inventaire_Rouergue.xml
JJ100;388;265;122v;Paris_AN_JJ_inventaire_Rouergue.xml
JJ100;389;266;123;Paris_AN_JJ_inventaire_Rouergue.xml
JJ100;412;267;129;Paris_AN_JJ_inventaire_Rouergue.xml
JJ100;414;268;129v;Paris_AN_JJ_inventaire_Rouergue.xml
JJ100;417;269;130;Paris_AN_JJ_inventaire_Rouergue.xml
JJ100;418;270;130;Paris_AN_JJ_inventaire_Rouergue.xml
JJ100;473;271;147;Paris_AN_JJ_inventaire_Rouergue.xml
JJ100;474;272;147v;Paris_AN_JJ_inventaire_Rouergue.xml
JJ100;475;273;147v;Paris_AN_JJ_inventaire_Rouergue.xml
JJ100;476;274;147v;Paris_AN_JJ_inventaire_Rouergue.xml
JJ100;477;275;148;Paris_AN_JJ_inventaire_Rouergue.xml
JJ100;494;276;151v;Paris_AN_JJ_inventaire_Rouergue.xml
JJ100;495;277;152;Paris_AN_JJ_inventaire_Rouergue.xml
JJ100;537;278;165;Paris_AN_JJ_inventaire_Rouergue.xml
JJ100;556;279;171;Paris_AN_JJ_inventaire_Rouergue.xml
JJ100;557;280;171;Paris_AN_JJ_inventaire_Rouergue.xml
JJ100;559;281;171v;Paris_AN_JJ_inventaire_Rouergue.xml
JJ100;560;282;172;Paris_AN_JJ_inventaire_Rouergue.xml
JJ100;565;283;172v;Paris_AN_JJ_inventaire_Rouergue.xml
JJ100;572;284;174v;Paris_AN_JJ_inventaire_Rouergue.xml
JJ100;590;285;178;Paris_AN_JJ_inventaire_Rouergue.xml
JJ100;663;286;197;Paris_AN_JJ_inventaire_Rouergue.xml
JJ100;664;287;197;Paris_AN_JJ_inventaire_Rouergue.xml
JJ100;700;288;208;Paris_AN_JJ_inventaire_Rouergue.xml
JJ100;701;289;208v;Paris_AN_JJ_inventaire_Rouergue.xml
JJ100;702;290;208v;Paris_AN_JJ_inventaire_Rouergue.xml
JJ100;703;291;209;Paris_AN_JJ_inventaire_Rouergue.xml
JJ100;704;292;209;Paris_AN_JJ_inventaire_Rouergue.xml
JJ100;716;293;212;Paris_AN_JJ_inventaire_Rouergue.xml
JJ100;725;294;214;Paris_AN_JJ_inventaire_Rouergue.xml
JJ100;726;295;214;Paris_AN_JJ_inventaire_Rouergue.xml
JJ100;727;296;214;Paris_AN_JJ_inventaire_Rouergue.xml
JJ100;728;297;214v;Paris_AN_JJ_inventaire_Rouergue.xml
JJ100;735;298;217;Paris_AN_JJ_inventaire_Rouergue.xml
JJ100;736;299;217v;Paris_AN_JJ_inventaire_Rouergue.xml
JJ100;739;300;218v;Paris_AN_JJ_inventaire_Rouergue.xml
JJ100;761;301;225;Paris_AN_JJ_inventaire_Rouergue.xml
JJ100;763;302;226v;Paris_AN_JJ_inventaire_Rouergue.xml
JJ100;777;303;231v;Paris_AN_JJ_inventaire_Rouergue.xml
JJ100;783;304;232v;Paris_AN_JJ_inventaire_Rouergue.xml
JJ100;786;305;233v;Paris_AN_JJ_inventaire_Rouergue.xml
JJ100;787;306;234;Paris_AN_JJ_inventaire_Rouergue.xml
JJ100;790;307;235;Paris_AN_JJ_inventaire_Rouergue.xml
JJ100;797;308;238;Paris_AN_JJ_inventaire_Rouergue.xml
JJ100;805;309;240;Paris_AN_JJ_inventaire_Rouergue.xml
JJ100;816;310;243v;Paris_AN_JJ_inventaire_Rouergue.xml
JJ100;819;311;244v;Paris_AN_JJ_inventaire_Rouergue.xml
JJ100;821;312;244v;Paris_AN_JJ_inventaire_Rouergue.xml
JJ100;827;313;245v;Paris_AN_JJ_inventaire_Rouergue.xml
JJ100;828;314;246;Paris_AN_JJ_inventaire_Rouergue.xml
JJ100;829;315;246;Paris_AN_JJ_inventaire_Rouergue.xml
JJ100;839;316;247v;Paris_AN_JJ_inventaire_Rouergue.xml
JJ100;840;317;248;Paris_AN_JJ_inventaire_Rouergue.xml
JJ100;880;318;259v;Paris_AN_JJ_inventaire_Rouergue.xml
JJ100;881;319;259v;Paris_AN_JJ_inventaire_Rouergue.xml
JJ100;884;320;260v;Paris_AN_JJ_inventaire_Rouergue.xml
JJ102;16;321;11;Paris_AN_JJ_inventaire_Rouergue.xml
JJ102;17;322;11v;Paris_AN_JJ_inventaire_Rouergue.xml
JJ102;18;323;12;Paris_AN_JJ_inventaire_Rouergue.xml
JJ102;47;324;19;Paris_AN_JJ_inventaire_Rouergue.xml
JJ102;57;325;21v;Paris_AN_JJ_inventaire_Rouergue.xml
JJ102;101;326;36v;Paris_AN_JJ_inventaire_Rouergue.xml
JJ102;112;327;41v;Paris_AN_JJ_inventaire_Rouergue.xml
JJ102;127;328;46v;Paris_AN_JJ_inventaire_Rouergue.xml
JJ102;129;329;47;Paris_AN_JJ_inventaire_Rouergue.xml
JJ102;132;330;48;Paris_AN_JJ_inventaire_Rouergue.xml
JJ102;187;331;64;Paris_AN_JJ_inventaire_Rouergue.xml
JJ102;202;332;68v;Paris_AN_JJ_inventaire_Rouergue.xml
JJ102;261;333;87;Paris_AN_JJ_inventaire_Rouergue.xml
JJ102;297;334;96v;Paris_AN_JJ_inventaire_Rouergue.xml
JJ102;359;335;117;Paris_AN_JJ_inventaire_Rouergue.xml
JJ102;360;336;117;Paris_AN_JJ_inventaire_Rouergue.xml
JJ102;361;337;118;Paris_AN_JJ_inventaire_Rouergue.xml
JJ102;362;338;118;Paris_AN_JJ_inventaire_Rouergue.xml
JJ102;363;339;118v;Paris_AN_JJ_inventaire_Rouergue.xml
JJ102;364;340;119;Paris_AN_JJ_inventaire_Rouergue.xml
JJ103;34;341;19v;Paris_AN_JJ_inventaire_Rouergue.xml
JJ103;35;342;20v;Paris_AN_JJ_inventaire_Rouergue.xml
JJ103;36;343;21;Paris_AN_JJ_inventaire_Rouergue.xml
JJ103;146;344;79;Paris_AN_JJ_inventaire_Rouergue.xml
JJ103;185;345;98;Paris_AN_JJ_inventaire_Rouergue.xml
JJ103;211;346;108v;Paris_AN_JJ_inventaire_Rouergue.xml
JJ103;221;347;112v;Paris_AN_JJ_inventaire_Rouergue.xml
JJ104;317;348;131v;Paris_AN_JJ_inventaire_Rouergue.xml
JJ104;318;349;132;Paris_AN_JJ_inventaire_Rouergue.xml
JJ104;345;350;142;Paris_AN_JJ_inventaire_Rouergue.xml
JJ106;300;351;159v;Paris_AN_JJ_inventaire_Rouergue.xml
JJ106;394;352;204;Paris_AN_JJ_inventaire_Rouergue.xml
JJ106;414;353;212v;Paris_AN_JJ_inventaire_Rouergue.xml
JJ107;45;354;23;Paris_AN_JJ_inventaire_Rouergue.xml
JJ107;193;355;91;Paris_AN_JJ_inventaire_Rouergue.xml
JJ108;73;356;48;Paris_AN_JJ_inventaire_Rouergue.xml
JJ108;194;357;114v;Paris_AN_JJ_inventaire_Rouergue.xml
JJ111;314;358;164;Paris_AN_JJ_inventaire_Rouergue.xml
JJ111;374;359;194v;Paris_AN_JJ_inventaire_Rouergue.xml
JJ112;67;360;41v;Paris_AN_JJ_inventaire_Rouergue.xml
JJ113;222;361;116v;Paris_AN_JJ_inventaire_Rouergue.xml
JJ123;270;362;134v;Paris_AN_JJ_inventaire_Rouergue.xml
JJ124;54;363;35;Paris_AN_JJ_inventaire_Rouergue.xml
JJ124;67;364;41v;Paris_AN_JJ_inventaire_Rouergue.xml
JJ124;69;365;42v;Paris_AN_JJ_inventaire_Rouergue.xml
JJ124;185;366;104v;Paris_AN_JJ_inventaire_Rouergue.xml
JJ124;232;367;134v;Paris_AN_JJ_inventaire_Rouergue.xml
JJ126;no;368;232fol149v;Paris_AN_JJ_inventaire_Rouergue.xml
JJ127;58;369;36v;Paris_AN_JJ_inventaire_Rouergue.xml
JJ135;40;370;21v;Paris_AN_JJ_inventaire_Rouergue.xml
JJ136;8;371;4;Paris_AN_JJ_inventaire_Rouergue.xml
JJ137;30;372;28v;Paris_AN_JJ_inventaire_Rouergue.xml
JJ137;89;373;88v;Paris_AN_JJ_inventaire_Rouergue.xml
JJ137;91;374;90v;Paris_AN_JJ_inventaire_Rouergue.xml
JJ137;92;375;91v;Paris_AN_JJ_inventaire_Rouergue.xml
JJ137;93;376;91v;Paris_AN_JJ_inventaire_Rouergue.xml
JJ137;94;377;92;Paris_AN_JJ_inventaire_Rouergue.xml
JJ140;299;378;p351;Paris_AN_JJ_inventaire_Rouergue.xml
JJ140;304;379;p356;Paris_AN_JJ_inventaire_Rouergue.xml
JJ143;42;380;24;Paris_AN_JJ_inventaire_Rouergue.xml
JJ143;242;381;126v;Paris_AN_JJ_inventaire_Rouergue.xml
JJ143;276;382;150v;Paris_AN_JJ_inventaire_Rouergue.xml
JJ144;369;383;218v;Paris_AN_JJ_inventaire_Rouergue.xml
JJ144;431;384;250;Paris_AN_JJ_inventaire_Rouergue.xml
JJ145;363;385;159;Paris_AN_JJ_inventaire_Rouergue.xml
JJ145;522;386;242;Paris_AN_JJ_inventaire_Rouergue.xml
JJ145;528;387;246;Paris_AN_JJ_inventaire_Rouergue.xml
JJ147;245;388;112;Paris_AN_JJ_inventaire_Rouergue.xml
JJ147;309;389;140v;Paris_AN_JJ_inventaire_Rouergue.xml
JJ148;190;390;95v;Paris_AN_JJ_inventaire_Rouergue.xml
JJ150;329;391;156;Paris_AN_JJ_inventaire_Rouergue.xml
JJ151;71;392;33;Paris_AN_JJ_inventaire_Rouergue.xml
JJ152;58;393;35v;Paris_AN_JJ_inventaire_Rouergue.xml
JJ152;108;394;62v;Paris_AN_JJ_inventaire_Rouergue.xml
JJ152;182;395;101;Paris_AN_JJ_inventaire_Rouergue.xml
JJ153;283;396;184v;Paris_AN_JJ_inventaire_Rouergue.xml
JJ156;203;397;128;Paris_AN_JJ_inventaire_Rouergue.xml
JJ156;312;398;195;Paris_AN_JJ_inventaire_Rouergue.xml
JJ156;329;399;204;Paris_AN_JJ_inventaire_Rouergue.xml
JJ157;284;400;175;Paris_AN_JJ_inventaire_Rouergue.xml
JJ158;28;401;15v;Paris_AN_JJ_inventaire_Rouergue.xml
JJ158;118;402;67;Paris_AN_JJ_inventaire_Rouergue.xml
JJ158;268,rectifién°247;403;137v;Paris_AN_JJ_inventaire_Rouergue.xml
JJ159;241;404;146v;Paris_AN_JJ_inventaire_Rouergue.xml
JJ159;297;405;173;Paris_AN_JJ_inventaire_Rouergue.xml
JJ162;194,rectifié215;406;164-168;Paris_AN_JJ_inventaire_Rouergue.xml
JJ163;223;407;122;Paris_AN_JJ_inventaire_Rouergue.xml
JJ163;436;408;248;Paris_AN_JJ_inventaire_Rouergue.xml
JJ164;162,rectifié165;409;91;Paris_AN_JJ_inventaire_Rouergue.xml
JJ166;424;410;263v;Paris_AN_JJ_inventaire_Rouergue.xml
JJ168;165;411;114;Paris_AN_JJ_inventaire_Rouergue.xml
JJ168;265;412;172;Paris_AN_JJ_inventaire_Rouergue.xml
JJ168;312;413;204;Paris_AN_JJ_inventaire_Rouergue.xml
JJ169;78;414;57;Paris_AN_JJ_inventaire_Rouergue.xml
JJ169;292;415;206v;Paris_AN_JJ_inventaire_Rouergue.xml
JJ176;156;416;103v;Paris_AN_JJ_inventaire_Rouergue.xml
JJ176;217;417;163v;Paris_AN_JJ_inventaire_Rouergue.xml
JJ176;437;418;289v;Paris_AN_JJ_inventaire_Rouergue.xml
JJ176;544;419;331v;Paris_AN_JJ_inventaire_Rouergue.xml
JJ177;97;420;54v;Paris_AN_JJ_inventaire_Rouergue.xml
JJ177;104;421;59;Paris_AN_JJ_inventaire_Rouergue.xml
JJ177;202;422;135v;Paris_AN_JJ_inventaire_Rouergue.xml
JJ177;222;423;146v;Paris_AN_JJ_inventaire_Rouergue.xml
JJ178;9;424;6v;Paris_AN_JJ_inventaire_Rouergue.xml
JJ178;85;425;52;Paris_AN_JJ_inventaire_Rouergue.xml
JJ178;153;426;91v;Paris_AN_JJ_inventaire_Rouergue.xml
JJ178;167;427;98v;Paris_AN_JJ_inventaire_Rouergue.xml
JJ178;201;428;115v;Paris_AN_JJ_inventaire_Rouergue.xml
JJ179;33;429;14v;Paris_AN_JJ_inventaire_Rouergue.xml
JJ179;74;430;40v;Paris_AN_JJ_inventaire_Rouergue.xml
JJ179;107;431;56v;Paris_AN_JJ_inventaire_Rouergue.xml
JJ179;112;432;59v;Paris_AN_JJ_inventaire_Rouergue.xml
JJ179;128;433;67v;Paris_AN_JJ_inventaire_Rouergue.xml
JJ179;233;434;132v;Paris_AN_JJ_inventaire_Rouergue.xml
JJ179;326;435;186;Paris_AN_JJ_inventaire_Rouergue.xml
JJ180;63;436;28;Paris_AN_JJ_inventaire_Rouergue.xml
JJ181;1;437;1;Paris_AN_JJ_inventaire_Rouergue.xml
JJ181;36;438;21;Paris_AN_JJ_inventaire_Rouergue.xml
JJ181;180;439;112;Paris_AN_JJ_inventaire_Rouergue.xml
JJ182;92;440;54;Paris_AN_JJ_inventaire_Rouergue.xml
JJ184;603;441;408v;Paris_AN_JJ_inventaire_Rouergue.xml
JJ185;228;442;165;Paris_AN_JJ_inventaire_Rouergue.xml
JJ187;134;443;69v;Paris_AN_JJ_inventaire_Rouergue.xml
JJ187;192;444;101v;Paris_AN_JJ_inventaire_Rouergue.xml
JJ187;197;445;104;Paris_AN_JJ_inventaire_Rouergue.xml
JJ187;218;446;115v;Paris_AN_JJ_inventaire_Rouergue.xml
JJ187;244;447;130v;Paris_AN_JJ_inventaire_Rouergue.xml
JJ188;34;448;19;Paris_AN_JJ_inventaire_Rouergue.xml
JJ188;36;449;20;Paris_AN_JJ_inventaire_Rouergue.xml
JJ188;148;450;73;Paris_AN_JJ_inventaire_Rouergue.xml
JJ189;35;451;22;Paris_AN_JJ_inventaire_Rouergue.xml
JJ190;40;452;21v;Paris_AN_JJ_inventaire_Rouergue.xml
JJ190;84;453;45;Paris_AN_JJ_inventaire_Rouergue.xml
JJ190;87;454;47;Paris_AN_JJ_inventaire_Rouergue.xml
JJ190;103;455;55v;Paris_AN_JJ_inventaire_Rouergue.xml
JJ190;110;456;58v;Paris_AN_JJ_inventaire_Rouergue.xml
JJ190;214;457;117;Paris_AN_JJ_inventaire_Rouergue.xml
JJ191;21;458;8;Paris_AN_JJ_inventaire_Rouergue.xml
JJ191;135;459;72;Paris_AN_JJ_inventaire_Rouergue.xml
JJ191;206;460;110v;Paris_AN_JJ_inventaire_Rouergue.xml
JJ192;12;461;8;Paris_AN_JJ_inventaire_Rouergue.xml
JJ192;20;462;15;Paris_AN_JJ_inventaire_Rouergue.xml
JJ194;162;463;88v;Paris_AN_JJ_inventaire_Rouergue.xml
JJ194;255;464;142;Paris_AN_JJ_inventaire_Rouergue.xml
JJ194;264;465;146v;Paris_AN_JJ_inventaire_Rouergue.xml
JJ195;467;466;125v;Paris_AN_JJ_inventaire_Rouergue.xml
JJ195;468;467;126;Paris_AN_JJ_inventaire_Rouergue.xml
JJ195;496;468;133;Paris_AN_JJ_inventaire_Rouergue.xml
JJ195;1090;469;248;Paris_AN_JJ_inventaire_Rouergue.xml
JJ195;1309;470;287v;Paris_AN_JJ_inventaire_Rouergue.xml
JJ196;51;471;32;Paris_AN_JJ_inventaire_Rouergue.xml
JJ196;74;472;47v;Paris_AN_JJ_inventaire_Rouergue.xml
JJ196;87;473;53v;Paris_AN_JJ_inventaire_Rouergue.xml
JJ196;122;474;70;Paris_AN_JJ_inventaire_Rouergue.xml
JJ196;277;475;170;Paris_AN_JJ_inventaire_Rouergue.xml
JJ196;316;476;196;Paris_AN_JJ_inventaire_Rouergue.xml
JJ196;327;477;206;Paris_AN_JJ_inventaire_Rouergue.xml
JJ196;328;478;206v;Paris_AN_JJ_inventaire_Rouergue.xml
JJ196;347;479;226;Paris_AN_JJ_inventaire_Rouergue.xml
JJ196;348;480;226v;Paris_AN_JJ_inventaire_Rouergue.xml
JJ196;367;481;237v;Paris_AN_JJ_inventaire_Rouergue.xml
JJ197;60;482;39;Paris_AN_JJ_inventaire_Rouergue.xml
JJ197;216;483;121;Paris_AN_JJ_inventaire_Rouergue.xml
JJ197;231;484;128;Paris_AN_JJ_inventaire_Rouergue.xml
JJ197;272;485;146v;Paris_AN_JJ_inventaire_Rouergue.xml
JJ197;306;486;165;Paris_AN_JJ_inventaire_Rouergue.xml
JJ197;372;487;199;Paris_AN_JJ_inventaire_Rouergue.xml
JJ198;70;488;69;Paris_AN_JJ_inventaire_Rouergue.xml
JJ198;206;489;191v;Paris_AN_JJ_inventaire_Rouergue.xml
JJ199;305;490;180;Paris_AN_JJ_inventaire_Rouergue.xml
JJ199;328;491;192v;Paris_AN_JJ_inventaire_Rouergue.xml
JJ199;534;492;335v;Paris_AN_JJ_inventaire_Rouergue.xml
JJ200;201;493;107;Paris_AN_JJ_inventaire_Rouergue.xml
JJ203;28;494;16;Paris_AN_JJ_inventaire_Rouergue.xml
JJ203;44;495;24v;Paris_AN_JJ_inventaire_Rouergue.xml
JJ204;144;496;88;Paris_AN_JJ_inventaire_Rouergue.xml
JJ204;150;497;92;Paris_AN_JJ_inventaire_Rouergue.xml
JJ204;152;498;94;Paris_AN_JJ_inventaire_Rouergue.xml
JJ204;169;499;105v;Paris_AN_JJ_inventaire_Rouergue.xml
JJ205;51;500;25;Paris_AN_JJ_inventaire_Rouergue.xml
JJ205;170;501;92;Paris_AN_JJ_inventaire_Rouergue.xml
JJ205;249;502;139v;Paris_AN_JJ_inventaire_Rouergue.xml
JJ205;267;503;149;Paris_AN_JJ_inventaire_Rouergue.xml
JJ206;543;504;125;Paris_AN_JJ_inventaire_Rouergue.xml
JJ206;573;505;132;Paris_AN_JJ_inventaire_Rouergue.xml
JJ207;201;506;94;Paris_AN_JJ_inventaire_Rouergue.xml
JJ208;103;507;57ro-63ro;Paris_AN_JJ_inventaire_Rouergue.xml
JJ209;103;508;60v;Paris_AN_JJ_inventaire_Rouergue.xml
JJ209;266;509;147v;Paris_AN_JJ_inventaire_Rouergue.xml
JJ210;48;510;29;Paris_AN_JJ_inventaire_Rouergue.xml
JJ210;49;511;29;Paris_AN_JJ_inventaire_Rouergue.xml
JJ210;177;512;149;Paris_AN_JJ_inventaire_Rouergue.xml
JJ210;232;513;181;Paris_AN_JJ_inventaire_Rouergue.xml
JJ210;260;514;200v;Paris_AN_JJ_inventaire_Rouergue.xml
JJ211;106;515;34v;Paris_AN_JJ_inventaire_Rouergue.xml
JJ211;146;516;41;Paris_AN_JJ_inventaire_Rouergue.xml
JJ214;48;517;31v;Paris_AN_JJ_inventaire_Rouergue.xml
JJ214;50;518;32;Paris_AN_JJ_inventaire_Rouergue.xml
JJ215;10;519;7;Paris_AN_JJ_inventaire_Rouergue.xml
JJ215;83;520;63v;Paris_AN_JJ_inventaire_Rouergue.xml
JJ216;55;521;48;Paris_AN_JJ_inventaire_Rouergue.xml
JJ216;96;522;77;Paris_AN_JJ_inventaire_Rouergue.xml
JJ216;106;523;83;Paris_AN_JJ_inventaire_Rouergue.xml
JJ217;37;524;18;Paris_AN_JJ_inventaire_Rouergue.xml
JJ217;47;525;21v;Paris_AN_JJ_inventaire_Rouergue.xml
JJ217;64;526;32v;Paris_AN_JJ_inventaire_Rouergue.xml
JJ218;169;527;98v;Paris_AN_JJ_inventaire_Rouergue.xml
JJ219;67;528;43;Paris_AN_JJ_inventaire_Rouergue.xml
JJ219;118;529;74;Paris_AN_JJ_inventaire_Rouergue.xml
JJ220;103;530;58;Paris_AN_JJ_inventaire_Rouergue.xml
JJ220;330;531;183;Paris_AN_JJ_inventaire_Rouergue.xml
JJ221;241;532;140v;Paris_AN_JJ_inventaire_Rouergue.xml
JJ222;225;533;99;Paris_AN_JJ_inventaire_Rouergue.xml
JJ222;269;534;124;Paris_AN_JJ_inventaire_Rouergue.xml
JJ223;64;535;36v;Paris_AN_JJ_inventaire_Rouergue.xml
JJ224;123;536;111v;Paris_AN_JJ_inventaire_Rouergue.xml
JJ225;1338;537;250v;Paris_AN_JJ_inventaire_Rouergue.xml
JJ225;1438;538;270;Paris_AN_JJ_inventaire_Rouergue.xml
JJ226A;102;539;55v;Paris_AN_JJ_inventaire_Rouergue.xml
JJ226A;113;540;65v;Paris_AN_JJ_inventaire_Rouergue.xml
JJ226A;155;541;92;Paris_AN_JJ_inventaire_Rouergue.xml
JJ226A;196;542;118v;Paris_AN_JJ_inventaire_Rouergue.xml
JJ226A;211;543;127;Paris_AN_JJ_inventaire_Rouergue.xml
JJ226A;239;544;141;Paris_AN_JJ_inventaire_Rouergue.xml
JJ226A;292;545;168v;Paris_AN_JJ_inventaire_Rouergue.xml
JJ226A;320;546;184;Paris_AN_JJ_inventaire_Rouergue.xml
JJ226A;405;547;223v;Paris_AN_JJ_inventaire_Rouergue.xml
JJ226A;414;548;251v;Paris_AN_JJ_inventaire_Rouergue.xml
JJ226A;421;549;257;Paris_AN_JJ_inventaire_Rouergue.xml
JJ226A;423;550;258v;Paris_AN_JJ_inventaire_Rouergue.xml
JJ226A;486;551;309v;Paris_AN_JJ_inventaire_Rouergue.xml
JJ226B;113;552;24v;Paris_AN_JJ_inventaire_Rouergue.xml
JJ226B;386;553;75;Paris_AN_JJ_inventaire_Rouergue.xml
JJ227;263;554;136;Paris_AN_JJ_inventaire_Rouergue.xml
JJ227;313;555;158v;Paris_AN_JJ_inventaire_Rouergue.xml
JJ227;318;556;160v;Paris_AN_JJ_inventaire_Rouergue.xml
JJ227;335;557;168v;Paris_AN_JJ_inventaire_Rouergue.xml
JJ227;360;558;180v;Paris_AN_JJ_inventaire_Rouergue.xml
JJ230;179;559;90;Paris_AN_JJ_inventaire_Rouergue.xml
JJ232;27;560;8;Paris_AN_JJ_inventaire_Rouergue.xml
JJ232;103;561;44v;Paris_AN_JJ_inventaire_Rouergue.xml
JJ232;106;562;46v;Paris_AN_JJ_inventaire_Rouergue.xml
JJ232;161;563;82;Paris_AN_JJ_inventaire_Rouergue.xml
JJ232;168;564;86;Paris_AN_JJ_inventaire_Rouergue.xml
JJ233;8;565;15;Paris_AN_JJ_inventaire_Rouergue.xml
JJ233;30;566;35;Paris_AN_JJ_inventaire_Rouergue.xml
JJ234;93;567;51;Paris_AN_JJ_inventaire_Rouergue.xml
JJ234;115;568;62;Paris_AN_JJ_inventaire_Rouergue.xml
JJ235;235;569;74;Paris_AN_JJ_inventaire_Rouergue.xml
