File;Register;Act_number;Head
Guerin_tome1-tome12;JJ35;138bis;IV
Guerin_tome1-tome12;JJ37;39bis;IX
Guerin_tome1-tome12;JJ81;145bis;CCCLXXV
Guerin_tome1-tome12;JJ81;288bis;CCCLXXVIII
Guerin_tome1-tome12;JJ100;809bis;CCCCXCV
Guerin_tome1-tome12;JJ153;136bis;DCCCXXXIX
Guerin_tome1-tome12;JJ153;311bis;DCCCXLIII
Guerin_tome1-tome12;JJ155;204bis;DCCCLXVI
Guerin_tome1-tome12;JJ156;219bis;DCCCLXXVI
Guerin_tome1-tome12;JJ157;1bis;DCCCLXXIX
Guerin_tome1-tome12;JJ159;82 bis;DCCCCV
Guerin_tome1-tome12;JJ184;603 bis;MLVIII
Guerin_tome1-tome12;JJ177;178bis;MLXXXIX
Guerin_tome1-tome12;JJ196;344 bis;MCCCCLXXXIX
Longnon;JJ174;46bis;CXXX
Paris_AN_JJ_inventaire_Gascogne;JJ65A;268bis;359
Paris_AN_JJ_inventaire_Gascogne;JJ65B;188bis;372
Paris_AN_JJ_inventaire_Gascogne;JJ68;22bis;460
Paris_AN_JJ_inventaire_Gascogne;JJ68;238bis;477
Paris_AN_JJ_inventaire_Gascogne;JJ74;26bis;637
Paris_AN_JJ_inventaire_Gascogne;JJ113;182bis;926
Paris_AN_JJ_inventaire_Gascogne;JJ136;49bis;962B
Paris_AN_JJ_inventaire_Gascogne;JJ141;213bis;985
Paris_AN_JJ_inventaire_Gascogne;JJ203;29bis;1452
Paris_AN_JJ_inventaire_Gascogne;JJ205;173bis;1474
Paris_AN_JJ_inventaire_Gascogne;JJ257-1;10bis;1901
Paris_AN_JJ_inventaire_Gascogne;JJ259;40bis;1922
Paris_AN_JJ_inventaire_Gascogne;JJ262;170bis;1997
Paris_AN_JJ_inventaire_IR421-JJA-JJ79A;JJ34;5bis;5bis
Paris_AN_JJ_inventaire_IR421-JJA-JJ79A;JJ34;47bis;47bis
Paris_AN_JJ_inventaire_IR421-JJA-JJ79A;JJ34;51bis;51bis
Paris_AN_JJ_inventaire_IR421-JJA-JJ79A;JJ38;29bis;29bis
Paris_AN_JJ_inventaire_IR421-JJA-JJ79A;JJ46;191/bis;191/bis
Paris_AN_JJ_inventaire_IR421-JJA-JJ79A;JJ49;56bis;56bis
Paris_AN_JJ_inventaire_IR421-JJA-JJ79A;JJ49;202/bis;202/bis
Paris_AN_JJ_inventaire_IR421-JJA-JJ79A;JJ53;221/bis/;221/bis/
Paris_AN_JJ_inventaire_IR421-JJA-JJ79A;JJ53;275/bis/;275/bis/
Paris_AN_JJ_inventaire_IR421-JJA-JJ79A;JJ56;180/bis/;180/bis/
Paris_AN_JJ_inventaire_IR421-JJA-JJ79A;JJ65/a;42bis;42bis
Paris_AN_JJ_inventaire_IR421-JJA-JJ79A;JJ65/a;221bis;221bis
Paris_AN_JJ_inventaire_IR421-JJA-JJ79A;JJ65/a;248bis;248bis
Paris_AN_JJ_inventaire_IR421-JJA-JJ79A;JJ65/b;188bis;188bis
Paris_AN_JJ_inventaire_IR421-JJA-JJ79A;JJ65/b;188ter;188ter
Paris_AN_JJ_inventaire_IR421-JJA-JJ79A;JJ67;103bis;103bis
Paris_AN_JJ_inventaire_IR421-JJA-JJ79A;JJ68;38/bis/;38/bis/
Paris_AN_JJ_inventaire_IR421-JJA-JJ79A;JJ68;289/2bis/;289/2bis/
Paris_AN_JJ_inventaire_IR421-JJA-JJ79A;JJ72;211/bis/;211/bis/
Paris_AN_JJ_inventaire_IR421-JJA-JJ79A;JJ72;508/bis/;508/bis/
Paris_AN_JJ_inventaire_IR421-JJA-JJ79A;JJ74;26/bis;26/bis
Paris_AN_JJ_inventaire_IR421-JJA-JJ79A;JJ74;663bis;663bis
Paris_AN_JJ_inventaire_IR421-JJA-JJ79A;JJ77;22bis;22bis
Paris_AN_JJ_inventaire_IR421-JJA-JJ79A;JJ78;134/bis;134/bis
Paris_AN_JJ_inventaire_IR421-JJA-JJ79A;JJ78;258bis;258bis
Paris_AN_JJ_inventaire_IR421-JJA-JJ79A;JJ79A;28bis;28bis
Paris_AN_JJ_inventaire_IR422-JJ80-155;JJ//80;183bis;183bis
Paris_AN_JJ_inventaire_IR422-JJ80-155;JJ//80;188bis;188bis
Paris_AN_JJ_inventaire_IR422-JJ80-155;JJ//81;127bis;127bis
Paris_AN_JJ_inventaire_IR422-JJ80-155;JJ//81;145bis;145bis
Paris_AN_JJ_inventaire_IR422-JJ80-155;JJ//81;195bis;195bis
Paris_AN_JJ_inventaire_IR422-JJ80-155;JJ//81;288bis;288bis
Paris_AN_JJ_inventaire_IR422-JJ80-155;JJ//81;316/bis;316/bis
Paris_AN_JJ_inventaire_IR422-JJ80-155;JJ//81;415/bis;415/bis
Paris_AN_JJ_inventaire_IR422-JJ80-155;JJ//81;428/bis;428/bis
Paris_AN_JJ_inventaire_IR422-JJ80-155;JJ//81;453/bis;453/bis
Paris_AN_JJ_inventaire_IR422-JJ80-155;JJ//81;480/bis;480/bis
Paris_AN_JJ_inventaire_IR422-JJ80-155;JJ//81;539bis;539bis
Paris_AN_JJ_inventaire_IR422-JJ80-155;JJ//81;599/bis;599/bis
Paris_AN_JJ_inventaire_IR422-JJ80-155;JJ//81;861bis;861bis
Paris_AN_JJ_inventaire_IR422-JJ80-155;JJ//81;861ter;861ter
Paris_AN_JJ_inventaire_IR422-JJ80-155;JJ//82;90bis;90bis
Paris_AN_JJ_inventaire_IR422-JJ80-155;JJ//82;275bis;275bis
Paris_AN_JJ_inventaire_IR422-JJ80-155;JJ//83;28bis;28bis
Paris_AN_JJ_inventaire_IR422-JJ80-155;JJ//84;535bis;535bis
Paris_AN_JJ_inventaire_IR422-JJ80-155;JJ//85;37/bis;37/bis
Paris_AN_JJ_inventaire_IR422-JJ80-155;JJ//86;496/bis;496/bis
Paris_AN_JJ_inventaire_IR422-JJ80-155;JJ//86;604bis;604bis
Paris_AN_JJ_inventaire_IR422-JJ80-155;JJ//87;53bis;53bis
Paris_AN_JJ_inventaire_IR422-JJ80-155;JJ//87;109bis;109bis
Paris_AN_JJ_inventaire_IR422-JJ80-155;JJ//87;144bis;144bis
Paris_AN_JJ_inventaire_IR422-JJ80-155;JJ//87;202bis;202bis
Paris_AN_JJ_inventaire_IR422-JJ80-155;JJ//87;292bis;292bis
Paris_AN_JJ_inventaire_IR422-JJ80-155;JJ//87;312bis;312bis
Paris_AN_JJ_inventaire_IR422-JJ80-155;JJ//87;331bis;331bis
Paris_AN_JJ_inventaire_IR422-JJ80-155;JJ//88;87/bis;87/bis
Paris_AN_JJ_inventaire_IR422-JJ80-155;JJ//88;87/ter;87/ter
Paris_AN_JJ_inventaire_IR422-JJ80-155;JJ//89;26bis;26bis
Paris_AN_JJ_inventaire_IR422-JJ80-155;JJ//89;151bis;151bis
Paris_AN_JJ_inventaire_IR422-JJ80-155;JJ//89;626bis;626bis
Paris_AN_JJ_inventaire_IR422-JJ80-155;JJ//89;631bis;631bis
Paris_AN_JJ_inventaire_IR422-JJ80-155;JJ//89;668bis;668bis
Paris_AN_JJ_inventaire_IR422-JJ80-155;JJ//90;106bis;106bis
Paris_AN_JJ_inventaire_IR422-JJ80-155;JJ//90;161bis;161bis
Paris_AN_JJ_inventaire_IR422-JJ80-155;JJ//90;424/bis;424/bis
Paris_AN_JJ_inventaire_IR422-JJ80-155;JJ//90;515/bis;515/bis
Paris_AN_JJ_inventaire_IR422-JJ80-155;JJ//90;599/bis;599/bis
Paris_AN_JJ_inventaire_IR422-JJ80-155;JJ//92;75/bis;75/bis
Paris_AN_JJ_inventaire_IR422-JJ80-155;JJ//93;169/bis;169/bis
Paris_AN_JJ_inventaire_IR422-JJ80-155;JJ//95;132/bis;132/bis
Paris_AN_JJ_inventaire_IR422-JJ80-155;JJ//98;7bis;7bis
Paris_AN_JJ_inventaire_IR422-JJ80-155;JJ//98;324bis;324bis
Paris_AN_JJ_inventaire_IR422-JJ80-155;JJ//98;614bis;614bis
Paris_AN_JJ_inventaire_IR422-JJ80-155;JJ//98;730bis;730bis
Paris_AN_JJ_inventaire_IR422-JJ80-155;JJ//100;154bis;154bis
Paris_AN_JJ_inventaire_IR422-JJ80-155;JJ//102;154bis;154bis
Paris_AN_JJ_inventaire_IR422-JJ80-155;JJ//102;154ter;154ter
Paris_AN_JJ_inventaire_IR422-JJ80-155;JJ//102;266bis;266bis
Paris_AN_JJ_inventaire_IR422-JJ80-155;JJ//103;170bis;170bis
Paris_AN_JJ_inventaire_IR422-JJ80-155;JJ//104;202bis;202bis
Paris_AN_JJ_inventaire_IR422-JJ80-155;JJ//104;275bis;275bis
Paris_AN_JJ_inventaire_IR422-JJ80-155;JJ//104;342bis;342bis
Paris_AN_JJ_inventaire_IR422-JJ80-155;JJ//104;356bis;356bis
Paris_AN_JJ_inventaire_IR422-JJ80-155;JJ//104;372bis;372bis
Paris_AN_JJ_inventaire_IR422-JJ80-155;JJ//105;20bis;20bis
Paris_AN_JJ_inventaire_IR422-JJ80-155;JJ//105;44bis;44bis
Paris_AN_JJ_inventaire_IR422-JJ80-155;JJ//105;82bis;82bis
Paris_AN_JJ_inventaire_IR422-JJ80-155;JJ//105;93/bis;93/bis
Paris_AN_JJ_inventaire_IR422-JJ80-155;JJ//105;184bis;184bis
Paris_AN_JJ_inventaire_IR422-JJ80-155;JJ//105;276bis;276bis
Paris_AN_JJ_inventaire_IR422-JJ80-155;JJ//105;361bis;361bis
Paris_AN_JJ_inventaire_IR422-JJ80-155;JJ//105;421bis;421bis
Paris_AN_JJ_inventaire_IR422-JJ80-155;JJ//105;425bis;425bis
Paris_AN_JJ_inventaire_IR422-JJ80-155;JJ//105;442bis;442bis
Paris_AN_JJ_inventaire_IR422-JJ80-155;JJ//105;468bis;468bis
Paris_AN_JJ_inventaire_IR422-JJ80-155;JJ//106;355bis;355bis
Paris_AN_JJ_inventaire_IR422-JJ80-155;JJ//108;44bis;44bis
Paris_AN_JJ_inventaire_IR422-JJ80-155;JJ//108;229bis;229bis
Paris_AN_JJ_inventaire_IR422-JJ80-155;JJ//110;16bis;16bis
Paris_AN_JJ_inventaire_IR422-JJ80-155;JJ//111;14bis;14bis
Paris_AN_JJ_inventaire_IR422-JJ80-155;JJ//112;352bis;352bis
Paris_AN_JJ_inventaire_IR422-JJ80-155;JJ//113;26bis;26bis
Paris_AN_JJ_inventaire_IR422-JJ80-155;JJ//113;363/bis;363/bis
Paris_AN_JJ_inventaire_IR422-JJ80-155;JJ//114;155bis;155bis
Paris_AN_JJ_inventaire_IR422-JJ80-155;JJ//114;226bis;226bis
Paris_AN_JJ_inventaire_IR422-JJ80-155;JJ//114;303bis;303bis
Paris_AN_JJ_inventaire_IR422-JJ80-155;JJ//117;7/bis;7/bis
Paris_AN_JJ_inventaire_IR422-JJ80-155;JJ//117;41/bis;41/bis
Paris_AN_JJ_inventaire_IR422-JJ80-155;JJ//117;100bis;100bis
Paris_AN_JJ_inventaire_IR422-JJ80-155;JJ//117;127bis;127bis
Paris_AN_JJ_inventaire_IR422-JJ80-155;JJ//117;215/bis;215/bis
Paris_AN_JJ_inventaire_IR422-JJ80-155;JJ//118;9bis;9bis
Paris_AN_JJ_inventaire_IR422-JJ80-155;JJ//118;135bis;135bis
Paris_AN_JJ_inventaire_IR422-JJ80-155;JJ//119;88bis;88bis
Paris_AN_JJ_inventaire_IR422-JJ80-155;JJ//119;120bis;120bis
Paris_AN_JJ_inventaire_IR422-JJ80-155;JJ//119;283bis;283bis
Paris_AN_JJ_inventaire_IR422-JJ80-155;JJ//120;152bis;152bis
Paris_AN_JJ_inventaire_IR422-JJ80-155;JJ//121;18bis;18bis
Paris_AN_JJ_inventaire_IR422-JJ80-155;JJ//121;117bis;117bis
Paris_AN_JJ_inventaire_IR422-JJ80-155;JJ//121;128bis;128bis
Paris_AN_JJ_inventaire_IR422-JJ80-155;JJ//122;59bis;59bis
Paris_AN_JJ_inventaire_IR422-JJ80-155;JJ//122;61bis;61bis
Paris_AN_JJ_inventaire_IR422-JJ80-155;JJ//122;82bis;82bis
Paris_AN_JJ_inventaire_IR422-JJ80-155;JJ//122;121bis;121bis
Paris_AN_JJ_inventaire_IR422-JJ80-155;JJ//123;34bis;34bis
Paris_AN_JJ_inventaire_IR422-JJ80-155;JJ//123;46bis;46bis
Paris_AN_JJ_inventaire_IR422-JJ80-155;JJ//123;47bis;47bis
Paris_AN_JJ_inventaire_IR422-JJ80-155;JJ//123;106bis;106bis
Paris_AN_JJ_inventaire_IR422-JJ80-155;JJ//123;157/bis;157/bis
Paris_AN_JJ_inventaire_IR422-JJ80-155;JJ//123;231bis;231bis
Paris_AN_JJ_inventaire_IR422-JJ80-155;JJ//125;290bis;290bis
Paris_AN_JJ_inventaire_IR422-JJ80-155;JJ//126;140bis;140bis
Paris_AN_JJ_inventaire_IR422-JJ80-155;JJ//126;207bis;207bis
Paris_AN_JJ_inventaire_IR422-JJ80-155;JJ//127;91/bis;91/bis
Paris_AN_JJ_inventaire_IR422-JJ80-155;JJ//129;30bis;30bis
Paris_AN_JJ_inventaire_IR422-JJ80-155;JJ//129;145/bis;145/bis
Paris_AN_JJ_inventaire_IR422-JJ80-155;JJ//130;180bis;180bis
Paris_AN_JJ_inventaire_IR422-JJ80-155;JJ//131;100/bis;100/bis
Paris_AN_JJ_inventaire_IR422-JJ80-155;JJ//131;101/bis;101/bis
Paris_AN_JJ_inventaire_IR422-JJ80-155;JJ//131;102/bis;102/bis
Paris_AN_JJ_inventaire_IR422-JJ80-155;JJ//131;103/bis;103/bis
Paris_AN_JJ_inventaire_IR422-JJ80-155;JJ//131;104/bis;104/bis
Paris_AN_JJ_inventaire_IR422-JJ80-155;JJ//131;105/bis;105/bis
Paris_AN_JJ_inventaire_IR422-JJ80-155;JJ//131;106/bis;106/bis
Paris_AN_JJ_inventaire_IR422-JJ80-155;JJ//131;107/bis;107/bis
Paris_AN_JJ_inventaire_IR422-JJ80-155;JJ//131;108/bis;108/bis
Paris_AN_JJ_inventaire_IR422-JJ80-155;JJ//131;109/bis;109/bis
Paris_AN_JJ_inventaire_IR422-JJ80-155;JJ//131;110/bis;110/bis
Paris_AN_JJ_inventaire_IR422-JJ80-155;JJ//131;113/bis;113/bis
Paris_AN_JJ_inventaire_IR422-JJ80-155;JJ//131;170bis;170bis
Paris_AN_JJ_inventaire_IR422-JJ80-155;JJ//131;221bis;221bis
Paris_AN_JJ_inventaire_IR422-JJ80-155;JJ//132;156bis;156bis
Paris_AN_JJ_inventaire_IR422-JJ80-155;JJ//132;156ter;156ter
Paris_AN_JJ_inventaire_IR422-JJ80-155;JJ//132;203bis;203bis
Paris_AN_JJ_inventaire_IR422-JJ80-155;JJ//133;204bis;204bis
Paris_AN_JJ_inventaire_IR422-JJ80-155;JJ//133;208bis;208bis
Paris_AN_JJ_inventaire_IR422-JJ80-155;JJ//134;15bis;15bis
Paris_AN_JJ_inventaire_IR422-JJ80-155;JJ//135;60bis;60bis
Paris_AN_JJ_inventaire_IR422-JJ80-155;JJ//135;107bis;107bis
Paris_AN_JJ_inventaire_IR422-JJ80-155;JJ//135;214bis;214bis
Paris_AN_JJ_inventaire_IR422-JJ80-155;JJ//135;255bis;255bis
Paris_AN_JJ_inventaire_IR422-JJ80-155;JJ//135;300bis;300bis
Paris_AN_JJ_inventaire_IR422-JJ80-155;JJ//136;30-30/ter;30-30/ter
Paris_AN_JJ_inventaire_IR422-JJ80-155;JJ//136;39/bis;39/bis
Paris_AN_JJ_inventaire_IR422-JJ80-155;JJ//136;39/ter;39/ter
Paris_AN_JJ_inventaire_IR422-JJ80-155;JJ//136;49/bis;49/bis
Paris_AN_JJ_inventaire_IR422-JJ80-155;JJ//136;49/bis;49/bis
Paris_AN_JJ_inventaire_IR422-JJ80-155;JJ//136;130/bis;130/bis
Paris_AN_JJ_inventaire_IR422-JJ80-155;JJ//136;222bis;222bis
Paris_AN_JJ_inventaire_IR422-JJ80-155;JJ//136;246bis;246bis
Paris_AN_JJ_inventaire_IR422-JJ80-155;JJ//139;14bis;14bis
Paris_AN_JJ_inventaire_IR422-JJ80-155;JJ//140;88bis;88bis
Paris_AN_JJ_inventaire_IR422-JJ80-155;JJ//140;153bis;153bis
Paris_AN_JJ_inventaire_IR422-JJ80-155;JJ//140;203bis;203bis
Paris_AN_JJ_inventaire_IR422-JJ80-155;JJ//140;203ter;203ter
Paris_AN_JJ_inventaire_IR422-JJ80-155;JJ//140;234bis;234bis
Paris_AN_JJ_inventaire_IR422-JJ80-155;JJ//141;117bis;117bis
Paris_AN_JJ_inventaire_IR422-JJ80-155;JJ//141;296bis;296bis
Paris_AN_JJ_inventaire_IR422-JJ80-155;JJ//142;25bis;25bis
Paris_AN_JJ_inventaire_IR422-JJ80-155;JJ//142;31bis;31bis
Paris_AN_JJ_inventaire_IR422-JJ80-155;JJ//144;141bis;141bis
Paris_AN_JJ_inventaire_IR422-JJ80-155;JJ//146;25bis;25bis
Paris_AN_JJ_inventaire_IR422-JJ80-155;JJ//146;219bis;219bis
Paris_AN_JJ_inventaire_IR422-JJ80-155;JJ//150;291bis;291bis
Paris_AN_JJ_inventaire_IR422-JJ80-155;JJ//150;300bis;300bis
Paris_AN_JJ_inventaire_IR422-JJ80-155;JJ//150;302/bis;302/bis
Paris_AN_JJ_inventaire_IR422-JJ80-155;JJ//151;186biset233;186biset233
Paris_AN_JJ_inventaire_IR422-JJ80-155;JJ//152;298bis;298bis
Paris_AN_JJ_inventaire_IR422-JJ80-155;JJ//153;5bis;5bis
Paris_AN_JJ_inventaire_IR422-JJ80-155;JJ//153;173bis;173bis
Paris_AN_JJ_inventaire_IR422-JJ80-155;JJ//153;311bis;311bis
Paris_AN_JJ_inventaire_IR422-JJ80-155;JJ//153;379bis;379bis
Paris_AN_JJ_inventaire_IR422-JJ80-155;JJ//153;436bis;436bis
Paris_AN_JJ_inventaire_IR422-JJ80-155;JJ//153;513bis;513bis
Paris_AN_JJ_inventaire_IR422-JJ80-155;JJ//153;513ter;513ter
Paris_AN_JJ_inventaire_IR422-JJ80-155;JJ//154;74bis;74bis
Paris_AN_JJ_inventaire_IR422-JJ80-155;JJ//154;297/bis;297/bis
Paris_AN_JJ_inventaire_IR422-JJ80-155;JJ//155;54bis;54bis
Paris_AN_JJ_inventaire_IR422-JJ80-155;JJ//155;76bis;76bis
Paris_AN_JJ_inventaire_IR422-JJ80-155;JJ//155;82bis;82bis
Paris_AN_JJ_inventaire_IR422-JJ80-155;JJ//155;168bis;168bis
Paris_AN_JJ_inventaire_IR422-JJ80-155;JJ//155;239bis;239bis
Paris_AN_JJ_inventaire_IR422-JJ80-155;JJ//155;449/bis;449/bis
Paris_AN_JJ_inventaire_IR423-JJ156-211;JJ//156;112/bis.;112/bis.
Paris_AN_JJ_inventaire_IR423-JJ156-211;JJ//156;219/bis.;219/bis.
Paris_AN_JJ_inventaire_IR423-JJ156-211;JJ//156;252/bis.;252/bis.
Paris_AN_JJ_inventaire_IR423-JJ156-211;JJ//157;1/bis.;1/bis.
Paris_AN_JJ_inventaire_IR423-JJ156-211;JJ//157;47/bis.;47/bis.
Paris_AN_JJ_inventaire_IR423-JJ156-211;JJ//157;92/bis.;92/bis.
Paris_AN_JJ_inventaire_IR423-JJ156-211;JJ//157;187/bis.;187/bis.
Paris_AN_JJ_inventaire_IR423-JJ156-211;JJ//157;458/bis.;458/bis.
Paris_AN_JJ_inventaire_IR423-JJ156-211;JJ//157;498/bis.;498/bis.
Paris_AN_JJ_inventaire_IR423-JJ156-211;JJ//158;23/bis.;23/bis.
Paris_AN_JJ_inventaire_IR423-JJ156-211;JJ//159;259/bis.;259/bis.
Paris_AN_JJ_inventaire_IR423-JJ156-211;JJ//160;230/bis.;230/bis.
Paris_AN_JJ_inventaire_IR423-JJ156-211;JJ//160;373/bis.;373/bis.
Paris_AN_JJ_inventaire_IR423-JJ156-211;JJ//161;354/bis.;354/bis.
Paris_AN_JJ_inventaire_IR423-JJ156-211;JJ//161;373/bis.;373/bis.
Paris_AN_JJ_inventaire_IR423-JJ156-211;JJ//162;315/bis.;315/bis.
Paris_AN_JJ_inventaire_IR423-JJ156-211;JJ//163;46/bis.;46/bis.
Paris_AN_JJ_inventaire_IR423-JJ156-211;JJ//163;49/bis.;49/bis.
Paris_AN_JJ_inventaire_IR423-JJ156-211;JJ//163;69/bis.;69/bis.
Paris_AN_JJ_inventaire_IR423-JJ156-211;JJ//163;225/bis.;225/bis.
Paris_AN_JJ_inventaire_IR423-JJ156-211;JJ//163;254/bis.;254/bis.
Paris_AN_JJ_inventaire_IR423-JJ156-211;JJ//163;264/bis.;264/bis.
Paris_AN_JJ_inventaire_IR423-JJ156-211;JJ//163;302/bis.;302/bis.
Paris_AN_JJ_inventaire_IR423-JJ156-211;JJ//163;395/bis.;395/bis.
Paris_AN_JJ_inventaire_IR423-JJ156-211;JJ//164;54/bis.;54/bis.
Paris_AN_JJ_inventaire_IR423-JJ156-211;JJ//164;86/bis.;86/bis.
Paris_AN_JJ_inventaire_IR423-JJ156-211;JJ//165;385/bis.;385/bis.
Paris_AN_JJ_inventaire_IR423-JJ156-211;JJ//166;30bis.;30bis.
Paris_AN_JJ_inventaire_IR423-JJ156-211;JJ//166;110bis.;110bis.
Paris_AN_JJ_inventaire_IR423-JJ156-211;JJ//166;111bis.;111bis.
Paris_AN_JJ_inventaire_IR423-JJ156-211;JJ//166;112bis.;112bis.
Paris_AN_JJ_inventaire_IR423-JJ156-211;JJ//166;113bis.;113bis.
Paris_AN_JJ_inventaire_IR423-JJ156-211;JJ//166;142bis.;142bis.
Paris_AN_JJ_inventaire_IR423-JJ156-211;JJ//166;206bis.;206bis.
Paris_AN_JJ_inventaire_IR423-JJ156-211;JJ//166;272bis.;272bis.
Paris_AN_JJ_inventaire_IR423-JJ156-211;JJ//168;14/bis.;14/bis.
Paris_AN_JJ_inventaire_IR423-JJ156-211;JJ//168;68/bis.;68/bis.
Paris_AN_JJ_inventaire_IR423-JJ156-211;JJ//168;81/bis.;81/bis.
Paris_AN_JJ_inventaire_IR423-JJ156-211;JJ//169;497bis.;497bis.
Paris_AN_JJ_inventaire_IR423-JJ156-211;JJ//170;61bis.;61bis.
Paris_AN_JJ_inventaire_IR423-JJ156-211;JJ//170;104bis.;104bis.
Paris_AN_JJ_inventaire_IR423-JJ156-211;JJ//171;164/bis.;164/bis.
Paris_AN_JJ_inventaire_IR423-JJ156-211;JJ//171;429/bis.;429/bis.
Paris_AN_JJ_inventaire_IR423-JJ156-211;JJ//172;361/bis.;361/bis.
Paris_AN_JJ_inventaire_IR423-JJ156-211;JJ//173;544bis.;544bis.
Paris_AN_JJ_inventaire_IR423-JJ156-211;JJ//173;645bis.;645bis.
Paris_AN_JJ_inventaire_IR423-JJ156-211;JJ//174;46bis.;46bis.
Paris_AN_JJ_inventaire_IR423-JJ156-211;JJ//175;258bis.;258bis.
Paris_AN_JJ_inventaire_IR423-JJ156-211;JJ//176;105bis.;105bis.
Paris_AN_JJ_inventaire_IR423-JJ156-211;JJ//177;43bis.;43bis.
Paris_AN_JJ_inventaire_IR423-JJ156-211;JJ//177;142bis.;142bis.
Paris_AN_JJ_inventaire_IR423-JJ156-211;JJ//178;62bis.;62bis.
Paris_AN_JJ_inventaire_IR423-JJ156-211;JJ//179;10/bis.;10/bis.
Paris_AN_JJ_inventaire_IR423-JJ156-211;JJ//179;204bis.;204bis.
Paris_AN_JJ_inventaire_IR423-JJ156-211;JJ//182;113/bis.;113/bis.
Paris_AN_JJ_inventaire_IR423-JJ156-211;JJ//185;236bis.;236bis.
Paris_AN_JJ_inventaire_IR423-JJ156-211;JJ//185;336-336bis.;336-336bis.
Paris_AN_JJ_inventaire_IR423-JJ156-211;JJ//189;213/bis.;213/bis.
Paris_AN_JJ_inventaire_IR423-JJ156-211;JJ//195;972bis.;972bis.
Paris_AN_JJ_inventaire_IR423-JJ156-211;JJ//196;81bis.;81bis.
Paris_AN_JJ_inventaire_IR423-JJ156-211;JJ//196;159bis.;159bis.
Paris_AN_JJ_inventaire_IR423-JJ156-211;JJ//196;163bis.;163bis.
Paris_AN_JJ_inventaire_IR423-JJ156-211;JJ//196;222/bis.;222/bis.
Paris_AN_JJ_inventaire_IR423-JJ156-211;JJ//199;225bis.;225bis.
Paris_AN_JJ_inventaire_IR423-JJ156-211;JJ//199;279bis.;279bis.
Paris_AN_JJ_inventaire_IR423-JJ156-211;JJ//204;26bis.;26bis.
Paris_AN_JJ_inventaire_IR423-JJ156-211;JJ//205;215/bis.;215/bis.
Paris_AN_JJ_inventaire_IR423-JJ156-211;JJ//207;369bis.;369bis.
Paris_AN_JJ_inventaire_IR423-JJ156-211;JJ//209;33bis.;33bis.
Paris_AN_JJ_inventaire_JJ37-50;JJ37;39bis;40
Paris_AN_JJ_inventaire_JJ37-50;JJ37;56bis;57bis
Paris_AN_JJ_inventaire_JJ37-50;JJ38;29bis;129
Paris_AN_JJ_inventaire_JJ37-50;JJ38;29ter;130
Paris_AN_JJ_inventaire_JJ37-50;JJ38;90bis;191bis
Paris_AN_JJ_inventaire_JJ37-50;JJ38;231bis;332
Paris_AN_JJ_inventaire_JJ37-50;JJ42B;88bis;614
Paris_AN_JJ_inventaire_JJ37-50;JJ42B;95bis;622
Paris_AN_JJ_inventaire_JJ37-50;JJ42B;193bis;722
Paris_AN_JJ_inventaire_JJ37-50;JJ42B;205bis;734bis
Paris_AN_JJ_inventaire_JJ37-50;JJ41;207bis;734bis
Paris_AN_JJ_inventaire_JJ37-50;JJ42A;13bis;748bis
Paris_AN_JJ_inventaire_JJ37-50;JJ42A;22bis;757bis
Paris_AN_JJ_inventaire_JJ37-50;JJ42A;63bis;799
Paris_AN_JJ_inventaire_JJ37-50;JJ42A;63ter;800
Paris_AN_JJ_inventaire_JJ37-50;JJ42A;63quater;801
Paris_AN_JJ_inventaire_JJ37-50;JJ42A;64bis;811
Paris_AN_JJ_inventaire_JJ37-50;JJ42A;64ter;811bis
Paris_AN_JJ_inventaire_JJ37-50;JJ42A;72bis;819bis
Paris_AN_JJ_inventaire_JJ37-50;JJ42A;137bis;885
Paris_AN_JJ_inventaire_JJ37-50;JJ42A;139bis;887bis
Paris_AN_JJ_inventaire_JJ37-50;JJ44;0bis;894ter
Paris_AN_JJ_inventaire_JJ37-50;JJ44;0ter;894quater
Paris_AN_JJ_inventaire_JJ37-50;JJ44;40bis;933bis
Paris_AN_JJ_inventaire_JJ37-50;JJ45;13bis;1081bis
Paris_AN_JJ_inventaire_JJ37-50;JJ45;140bis;1196bis
Paris_AN_JJ_inventaire_JJ37-50;JJ45;204bis;1261
Paris_AN_JJ_inventaire_JJ37-50;JJ46;50bis;1325(cancellé)
Paris_AN_JJ_inventaire_JJ37-50;JJ46;74bis;1350(cancellé)
Paris_AN_JJ_inventaire_JJ37-50;JJ46;81bis;1358(cancellé)
Paris_AN_JJ_inventaire_JJ37-50;JJ46;155bis;1433(cancellé)
Paris_AN_JJ_inventaire_JJ37-50;JJ46;155ter;1434(cancellé)
Paris_AN_JJ_inventaire_JJ37-50;JJ46;191bis;1471
Paris_AN_JJ_inventaire_JJ37-50;JJ46;192bis;1472bis
Paris_AN_JJ_inventaire_JJ37-50;JJ46;201bis;1481bis
Paris_AN_JJ_inventaire_JJ37-50;JJ46;216bis;1496bis
Paris_AN_JJ_inventaire_JJ37-50;JJ46;216ter;1496ter
Paris_AN_JJ_inventaire_JJ37-50;JJ46;225bis;1506(cancellé)
Paris_AN_JJ_inventaire_JJ37-50;JJ46;231bis;1512bis
Paris_AN_JJ_inventaire_JJ37-50;JJ47;133bis;1662
Paris_AN_JJ_inventaire_JJ37-50;JJ48;2bis;1692(cancellé)
Paris_AN_JJ_inventaire_JJ37-50;JJ48;43bis;1733bis
Paris_AN_JJ_inventaire_JJ37-50;JJ48;44bis;1734bis
Paris_AN_JJ_inventaire_JJ37-50;JJ48;59bis;1750(cancellé)
Paris_AN_JJ_inventaire_JJ37-50;JJ48;77bis;1769(cancellé)
Paris_AN_JJ_inventaire_JJ37-50;JJ48;100bis;1792bis
Paris_AN_JJ_inventaire_JJ37-50;JJ48;101bis;1794(cancellé)
Paris_AN_JJ_inventaire_JJ37-50;JJ48;101ter;1795(cancellé)
Paris_AN_JJ_inventaire_JJ37-50;JJ48;131bis;1825bis
Paris_AN_JJ_inventaire_JJ37-50;JJ48;164bis;1858bis
Paris_AN_JJ_inventaire_JJ37-50;JJ49;88bis;2009
Paris_AN_JJ_inventaire_JJ37-50;JJ49;202bis;2124
Paris_AN_JJ_inventaire_JJ37-50;JJ50;99bis;2288
Paris_AN_JJ_inventaire_JJ50-60;JJ50;131bis;33
Paris_AN_JJ_inventaire_JJ50-60;JJ52;77bis;127_7
Paris_AN_JJ_inventaire_JJ50-60;JJ53;169bis;458bis
Paris_AN_JJ_inventaire_JJ50-60;JJ53;221bis;514
Paris_AN_JJ_inventaire_JJ50-60;JJ53;275bis;570
Paris_AN_JJ_inventaire_JJ50-60;JJ53;335bis;632
Paris_AN_JJ_inventaire_JJ50-60;JJ54A;92bis;754
Paris_AN_JJ_inventaire_JJ50-60;JJ54A;132bis;795
Paris_AN_JJ_inventaire_JJ50-60;JJ54A;132ter;796
Paris_AN_JJ_inventaire_JJ50-60;JJ54A;201bis;866
Paris_AN_JJ_inventaire_JJ50-60;JJ54B;26bis;1392
Paris_AN_JJ_inventaire_JJ50-60;JJ54B;36bis;1403
Paris_AN_JJ_inventaire_JJ50-60;JJ56;180bis;1803
Paris_AN_JJ_inventaire_JJ50-60;JJ58;151bis;2405
Paris_AN_JJ_inventaire_JJ50-60;JJ58;318bis;2573
Paris_AN_JJ_inventaire_JJ50-60;JJ58;385bis;2641
Paris_AN_JJ_inventaire_JJ50-60;JJ58;420bis;2677
Paris_AN_JJ_inventaire_JJ50-60;JJ58;437bis;2694bis
Paris_AN_JJ_inventaire_JJ50-60;JJ58;439bis;2696bis
Paris_AN_JJ_inventaire_JJ50-60;JJ58;450bis;2708
Paris_AN_JJ_inventaire_JJ50-60;JJ59;454bis;3176
Paris_AN_JJ_inventaire_JJ50-60;JJ60;115bis;3486
Paris_AN_JJ_inventaire_JJ61-64;JJ61;471bis;4069bis
Paris_AN_JJ_inventaire_JJ61-64;JJ62;27bis;4122
Paris_AN_JJ_inventaire_JJ61-64;JJ62;34bis;4130(cancellé)
Paris_AN_JJ_inventaire_JJ61-64;JJ62;34ter;4131(cancellé)
Paris_AN_JJ_inventaire_JJ61-64;JJ62;67bis;4164bis
Paris_AN_JJ_inventaire_JJ61-64;JJ62;186bis;4284(cancellé)
Paris_AN_JJ_inventaire_JJ61-64;JJ62;243bis;4341bis
Paris_AN_JJ_inventaire_JJ61-64;JJ62;477bis;4575bis
Paris_AN_JJ_inventaire_JJ61-64;JJ62;500bis;4598bis
Paris_AN_JJ_inventaire_JJ61-64;JJ64;91bis;4721(cancellé)
Paris_AN_JJ_inventaire_JJ61-64;JJ64;134bis;4765(cancellé)
Paris_AN_JJ_inventaire_JJ61-64;JJ64;155bis;4787(cancellé)
Paris_AN_JJ_inventaire_JJ61-64;JJ64;158bis;4791(cancellé)
Paris_AN_JJ_inventaire_JJ61-64;JJ64;185bis;4819(cancellé)
Paris_AN_JJ_inventaire_JJ61-64;JJ64;294bis;4929(cancellé)
Paris_AN_JJ_inventaire_JJ61-64;JJ64;433bis;5069
Paris_AN_JJ_inventaire_JJ61-64;JJ64;456bis;5093(cancellé)
Paris_AN_JJ_inventaire_JJ61-64;JJ64;636bis;5274(cancellé)
Paris_AN_JJ_inventaire_JJ65A-JJ69;JJ65A;42bis;
Paris_AN_JJ_inventaire_JJ65A-JJ69;JJ65A;62bis;
Paris_AN_JJ_inventaire_JJ65A-JJ69;JJ65A;221bis;
Paris_AN_JJ_inventaire_JJ65A-JJ69;JJ65A;248bis;
Paris_AN_JJ_inventaire_JJ65A-JJ69;JJ65A;268bis;
Paris_AN_JJ_inventaire_JJ65A-JJ69;JJ65B;68bis;
Paris_AN_JJ_inventaire_JJ65A-JJ69;JJ65B;188bis;
Paris_AN_JJ_inventaire_JJ65A-JJ69;JJ65B;188ter;
Paris_AN_JJ_inventaire_JJ65A-JJ69;JJ66;153bis;
Paris_AN_JJ_inventaire_JJ65A-JJ69;JJ66;186bis;
Paris_AN_JJ_inventaire_JJ65A-JJ69;JJ66;293bis;
Paris_AN_JJ_inventaire_JJ65A-JJ69;JJ66;299bis;
Paris_AN_JJ_inventaire_JJ65A-JJ69;JJ66;379bis;
Paris_AN_JJ_inventaire_JJ65A-JJ69;JJ66;472bis;
Paris_AN_JJ_inventaire_JJ65A-JJ69;JJ66;1050bis;
Paris_AN_JJ_inventaire_JJ65A-JJ69;JJ66;1350bis;
Paris_AN_JJ_inventaire_JJ65A-JJ69;JJ68;22bis;
Paris_AN_JJ_inventaire_JJ65A-JJ69;JJ68;194bis;
Paris_AN_JJ_inventaire_JJ65A-JJ69;JJ68;238bis;
Paris_AN_JJ_inventaire_JJ65A-JJ69;JJ68;250bis;
Paris_AN_JJ_inventaire_JJ65A-JJ69;JJ68;268bis;
Paris_AN_JJ_inventaire_JJ65A-JJ69;JJ68;269bis;
Paris_AN_JJ_inventaire_JJ65A-JJ69;JJ68;280bis;
Paris_AN_JJ_inventaire_JJ65A-JJ69;JJ68;281bis;
Paris_AN_JJ_inventaire_JJ65A-JJ69;JJ68;282bis;
Paris_AN_JJ_inventaire_JJ65A-JJ69;JJ68;283bis;
Paris_AN_JJ_inventaire_JJ65A-JJ69;JJ68;284bis;
Paris_AN_JJ_inventaire_JJ65A-JJ69;JJ68;285bis;
Paris_AN_JJ_inventaire_JJ65A-JJ69;JJ68;286bis;
Paris_AN_JJ_inventaire_JJ65A-JJ69;JJ68;287bis;
Paris_AN_JJ_inventaire_JJ65A-JJ69;JJ68;288bis;
Paris_AN_JJ_inventaire_JJ65A-JJ69;JJ68;289bis;
Paris_AN_JJ_inventaire_JJ65A-JJ69;JJ68;289bis;
Paris_AN_JJ_inventaire_JJ65A-JJ69;JJ68;290bis;
Paris_AN_JJ_inventaire_JJ65A-JJ69;JJ68;290ter;
Paris_AN_JJ_inventaire_JJ65A-JJ69;JJ68;291bis;
Paris_AN_JJ_inventaire_JJ65A-JJ69;JJ68;292bis;
Paris_AN_JJ_inventaire_JJ65A-JJ69;JJ68;293bis;
Paris_AN_JJ_inventaire_JJ65A-JJ69;JJ68;294bis;
Paris_AN_JJ_inventaire_JJ65A-JJ69;JJ68;295bis;
Paris_AN_JJ_inventaire_JJ65A-JJ69;JJ68;296bis;
Paris_AN_JJ_inventaire_JJ65A-JJ69;JJ68;297bis;
Paris_AN_JJ_inventaire_JJ65A-JJ69;JJ68;298bis;
Paris_AN_JJ_inventaire_JJ65A-JJ69;JJ68;299bis;
Paris_AN_JJ_inventaire_JJ65A-JJ69;JJ69;257bis;
Paris_AN_JJ_inventaire_JJ65A-JJ69;JJ69;257ter;
Paris_AN_JJ_inventaire_JJ65A-JJ69;JJ69;257quater;
Paris_AN_JJ_inventaire_JJ65A-JJ69;JJ69;272bis;
Paris_AN_JJ_inventaire_JJ70-JJ75;JJ70;1bis;3101
Paris_AN_JJ_inventaire_JJ70-JJ75;JJ70;51bis;3152
Paris_AN_JJ_inventaire_JJ70-JJ75;JJ70;129bis;3231
Paris_AN_JJ_inventaire_JJ70-JJ75;JJ71;92bis;3570
Paris_AN_JJ_inventaire_JJ70-JJ75;JJ71;112bis;3591
Paris_AN_JJ_inventaire_JJ70-JJ75;JJ71;184bis;3664
Paris_AN_JJ_inventaire_JJ70-JJ75;JJ71;295bis;3776
Paris_AN_JJ_inventaire_JJ70-JJ75;JJ72;211bis;4106
Paris_AN_JJ_inventaire_JJ70-JJ75;JJ72;307bis;4203
Paris_AN_JJ_inventaire_JJ70-JJ75;JJ72;328bis;4225
Paris_AN_JJ_inventaire_JJ70-JJ75;JJ72;413bis;4311
Paris_AN_JJ_inventaire_JJ70-JJ75;JJ72;508bis;4407
Paris_AN_JJ_inventaire_JJ70-JJ75;JJ73;39bis;4507
Paris_AN_JJ_inventaire_JJ70-JJ75;JJ73;101bis;4570
Paris_AN_JJ_inventaire_JJ70-JJ75;JJ73;261bis;4731
Paris_AN_JJ_inventaire_JJ70-JJ75;JJ74;26bis;4844
Paris_AN_JJ_inventaire_JJ70-JJ75;JJ74;158bis;4977
Paris_AN_JJ_inventaire_JJ70-JJ75;JJ74;201bis;5021
Paris_AN_JJ_inventaire_JJ70-JJ75;JJ74;408bis;5229
Paris_AN_JJ_inventaire_JJ70-JJ75;JJ74;498bis;5320
Paris_AN_JJ_inventaire_JJ70-JJ75;JJ74;535bis;5358
Paris_AN_JJ_inventaire_JJ70-JJ75;JJ74;663bis;5487
Paris_AN_JJ_inventaire_JJ70-JJ75;JJ74;684bis;5509
Paris_AN_JJ_inventaire_JJ70-JJ75;JJ75;329bis;5865
Paris_AN_JJ_inventaire_JJ70-JJ75;JJ75;385bis;5922
Paris_AN_JJ_inventaire_JJ76-JJ79B;JJ77;2bis;6561.0
Paris_AN_JJ_inventaire_JJ76-JJ79B;JJ77;22bis;6582.0
Paris_AN_JJ_inventaire_JJ76-JJ79B;JJ78;134bis;7144.0
Paris_AN_JJ_inventaire_JJ76-JJ79B;JJ78;258bis;7268.0
Paris_AN_JJ_inventaire_JJ76-JJ79B;JJ79A;28bis;7329.0
Paris_AN_JJ_inventaire_JJ76-JJ79B;JJ79B;4bis;7366.0
Paris_AN_JJ_inventaire_JJ76-JJ79B;JJ79B;44bis;7410.0
Paris_AN_JJ_inventaire_JJ80;JJ80;188bis;188bis
Paris_AN_JJ_inventaire_JJ80;JJ80;316bis;316bis
Paris_AN_JJ_inventaire_JJ81;JJ81;127bis;127bis
Paris_AN_JJ_inventaire_JJ81;JJ81;145bis;145bis
Paris_AN_JJ_inventaire_JJ81;JJ81;195bis;195bis
Paris_AN_JJ_inventaire_JJ81;JJ81;203bis;203bis
Paris_AN_JJ_inventaire_JJ81;JJ81;208bis;208bis
Paris_AN_JJ_inventaire_JJ81;JJ81;222bis;222bis
Paris_AN_JJ_inventaire_JJ81;JJ81;288bis;288bis
Paris_AN_JJ_inventaire_JJ81;JJ81;295bis;295bis
Paris_AN_JJ_inventaire_JJ81;JJ81;316bis;316bis
Paris_AN_JJ_inventaire_JJ81;JJ81;415bis;415bis
Paris_AN_JJ_inventaire_JJ81;JJ81;428bis;428bis
Paris_AN_JJ_inventaire_JJ81;JJ81;453bis;453bis
Paris_AN_JJ_inventaire_JJ81;JJ81;480bis;480bis
Paris_AN_JJ_inventaire_JJ81;JJ81;539bis;539bis
Paris_AN_JJ_inventaire_JJ81;JJ81;599bis;599bis
Paris_AN_JJ_inventaire_JJ81;JJ81;744bis;744bis
Paris_AN_JJ_inventaire_JJ81;JJ81;861bis;861bis
Paris_AN_JJ_inventaire_JJ81;JJ81;861ter;861ter
Paris_AN_JJ_inventaire_JJ82;JJ82;"17
bis";17bis
Paris_AN_JJ_inventaire_JJ82;JJ82;"73
bis";73bis
Paris_AN_JJ_inventaire_JJ82;JJ82;"90
bis";90bis
Paris_AN_JJ_inventaire_JJ82;JJ82;"149
bis";149bis
Paris_AN_JJ_inventaire_JJ82;JJ82;"158
bis";158bis
Paris_AN_JJ_inventaire_JJ82;JJ82;"176
bis";176bis
Paris_AN_JJ_inventaire_JJ82;JJ82;"275
bis";275bis
Paris_AN_JJ_inventaire_JJ82;JJ82;"303
bis";303bis
Paris_AN_JJ_inventaire_JJ82;JJ82;"306
bis";306bis
Paris_AN_JJ_inventaire_JJ82;JJ82;"359
bis";359bis
Paris_AN_JJ_inventaire_JJ82;JJ82;"447
bis";447bis
Paris_AN_JJ_inventaire_JJ83;JJ83;"28
bis";28bis
Paris_AN_JJ_inventaire_JJ84;JJ84;20bis;
Paris_AN_JJ_inventaire_JJ84;JJ84;60bis;
Paris_AN_JJ_inventaire_JJ84;JJ84;223bis;
Paris_AN_JJ_inventaire_JJ84;JJ84;247bis;
Paris_AN_JJ_inventaire_JJ84;JJ84;269bis;
Paris_AN_JJ_inventaire_JJ84;JJ84;317bis;
Paris_AN_JJ_inventaire_JJ84;JJ84;372bis;
Paris_AN_JJ_inventaire_JJ84;JJ84;435bis;
Paris_AN_JJ_inventaire_JJ84;JJ84;515bis;
Paris_AN_JJ_inventaire_JJ85;JJ85;3bis;
Paris_AN_JJ_inventaire_JJ85;JJ85;37bis;
Paris_AN_JJ_inventaire_JJ86;JJ86;42bis;
Paris_AN_JJ_inventaire_JJ86;JJ86;42ter;
Paris_AN_JJ_inventaire_JJ86;JJ86;114bis;
Paris_AN_JJ_inventaire_JJ86;JJ86;496bis;
Paris_AN_JJ_inventaire_JJ86;JJ86;507bis;
Paris_AN_JJ_inventaire_JJ86;JJ86;511-511bis-511ter;
Paris_AN_JJ_inventaire_JJ86;JJ86;604bis;
Paris_AN_JJ_inventaire_JJ87-95;JJ87;331bis;
Paris_AN_JJ_inventaire_JJ87-95;JJ88;87bis;
Paris_AN_JJ_inventaire_JJ87-95;JJ88;87ter;
Paris_AN_JJ_inventaire_JJ87-95;JJ90;122bis;
Paris_AN_JJ_inventaire_JJ87-95;JJ92;75bis;
Paris_AN_JJ_inventaire_Languedoc;JJ46;225bis;183
Paris_AN_JJ_inventaire_Languedoc;JJ52;116bis;255
Paris_AN_JJ_inventaire_Languedoc;JJ55;97bis;396
Paris_AN_JJ_inventaire_Languedoc;JJ58;450bis;481
Paris_AN_JJ_inventaire_Languedoc;JJ60;47bis;576
Paris_AN_JJ_inventaire_Languedoc;JJ65A;248bis;812
Paris_AN_JJ_inventaire_Languedoc;JJ65A;268bis;816
Paris_AN_JJ_inventaire_Languedoc;JJ65B;188ter;834
Paris_AN_JJ_inventaire_Languedoc;JJ74;408bis;1349
Paris_AN_JJ_inventaire_Languedoc;JJ75;293bis;1399
Paris_AN_JJ_inventaire_Languedoc;JJ81;744bis;1666
Paris_AN_JJ_inventaire_Languedoc;JJ93;169bis;1883
Paris_AN_JJ_inventaire_Languedoc;JJ99;249bis;2118
Paris_AN_JJ_inventaire_Languedoc;JJ102;266bis;2208
Paris_AN_JJ_inventaire_Languedoc;JJ104;104bis;2271
Paris_AN_JJ_inventaire_Languedoc;JJ112;315bis;2436
Paris_AN_JJ_inventaire_Languedoc;JJ112;315ter;2437
Paris_AN_JJ_inventaire_Languedoc;JJ112;315quater;2438
Paris_AN_JJ_inventaire_Languedoc;JJ131;107bis;2664
Paris_AN_JJ_inventaire_Languedoc;JJ135;81bis;2722
Paris_AN_JJ_inventaire_Languedoc;JJ135;106bis;2731
Paris_AN_JJ_inventaire_Languedoc;JJ135;300bis;2744
Paris_AN_JJ_inventaire_Languedoc;JJ135;304bis;2746
Paris_AN_JJ_inventaire_Languedoc;JJ136;30bis;2758
Paris_AN_JJ_inventaire_Languedoc;JJ141;213bis;2878
Paris_AN_JJ_inventaire_Languedoc;JJ142;31bis;2887
Paris_AN_JJ_inventaire_Languedoc;JJ145;429bis;2951
Paris_AN_JJ_inventaire_Languedoc;JJ149;278bis;3017
Paris_AN_JJ_inventaire_Languedoc;JJ153;137bis;3068
Paris_AN_JJ_inventaire_Languedoc;JJ161;143bis;3354
Paris_AN_JJ_inventaire_Languedoc;JJ168;228bis;3558
Paris_AN_JJ_inventaire_Languedoc;JJ187;165bis;3822
Paris_AN_JJ_inventaire_Languedoc;JJ196;222bis;3968
Paris_AN_JJ_inventaire_Languedoc;JJ209;16bis;4188
Paris_AN_JJ_inventaire_Languedoc;JJ213;77bis;4258
Paris_AN_JJ_inventaire_Loire;JJ81;288bis;61
Paris_AN_JJ_inventaire_Loire;JJ81;415bis;68
Paris_AN_JJ_inventaire_Loire;JJ82;275bis;127
Paris_AN_JJ_inventaire_Loire;JJ86;507bis;225
Paris_AN_JJ_inventaire_Loire;JJ95;142bis;391
Paris_AN_JJ_inventaire_Loire;JJ98;324bis;451
Paris_AN_JJ_inventaire_Loire;JJ98;457bis;459
Paris_AN_JJ_inventaire_Loire;JJ105;44bis;579
Paris_AN_JJ_inventaire_Loire;JJ106;355bis;619
Paris_AN_JJ_inventaire_Loire;JJ111;210bis;763
Paris_AN_JJ_inventaire_Loire;JJ111;211bis;764
Paris_AN_JJ_inventaire_Loire;JJ113;91bis;812
Paris_AN_JJ_inventaire_Loire;JJ132;203bis;1277
Paris_AN_JJ_inventaire_Loire;JJ145;423bis;1560
Paris_AN_JJ_inventaire_Loire;JJ153;436bis;1773
Paris_AN_JJ_inventaire_Loire;JJ154;297bis;1807
Paris_AN_JJ_inventaire_Loire;JJ154;232bis;1811
Paris_AN_JJ_inventaire_Loire;JJ155;239bis;1882
Paris_AN_JJ_inventaire_Loire;JJ158;380bis;2034
Paris_AN_JJ_inventaire_Loire;JJ158;382bis;2035
Paris_AN_JJ_inventaire_Loire;JJ158;383bis;2036
Paris_AN_JJ_inventaire_Loire;JJ158;390bis;2037
Paris_AN_JJ_inventaire_Loire;JJ158;392bis;2038
Paris_AN_JJ_inventaire_Loire;JJ160;230bis;2084
Paris_AN_JJ_inventaire_Loire;JJ163;225bis;2187
Paris_AN_JJ_inventaire_Loire;JJ164;53bis;2220
Paris_AN_JJ_inventaire_Loire;JJ164;78bis;2224
Paris_AN_JJ_inventaire_Loire;JJ164;79bis;2225
Paris_AN_JJ_inventaire_Loire;JJ169;426bis;2453
Paris_AN_JJ_inventaire_Loire;JJ171;57bis;2511
Paris_AN_JJ_inventaire_Loire;JJ177;142bis;2649
Paris_AN_JJ_inventaire_Loire;JJ177;158bis;2651
Paris_AN_JJ_inventaire_Loire;JJ177;158ter;2652
Paris_AN_JJ_inventaire_Loire;JJ177;158quater;2653
Paris_AN_JJ_inventaire_Loire;JJ185;233bis;2863
Paris_AN_JJ_inventaire_Loire;JJ185;335bis;2880
Paris_AN_JJ_inventaire_Loire;JJ185;336bis;2882
Paris_AN_JJ_inventaire_Loire;JJ196;222bis;3310
Paris_AN_JJ_inventaire_Loire;JJ207;266bis;3718
Paris_AN_JJ_inventaire_Loire;JJ209;17bis;3773
Paris_AN_JJ_inventaire_Loire;JJ222;250bis;4267
Paris_AN_JJ_inventaire_Loire;JJ228;149bis;4802
Paris_AN_JJ_inventaire_Loire;JJ229;86bis;4835
Paris_AN_JJ_inventaire_Loire;JJ230;270bis;4870
Paris_AN_JJ_inventaire_Rouergue;JJ78;134bis;201
